[NX v22.7.5 Daemon Client] - 2026-06-06T18:47:27.249Z - [Client] Starting new daemon server in background
[NX v22.7.5 Daemon Client] - 2026-06-06T18:47:27.262Z - [Client] Waiting for server (max: 6000 attempts, 10ms interval)
[NX v22.7.5 Daemon Server] - 2026-06-06T18:47:28.186Z - Time taken for 'workspace context init' 2.4908000000000357ms
DEBUG nx::native::telemetry: Telemetry service initialized successfully
[NX v22.7.5 Daemon Server] - 2026-06-06T18:47:28.798Z - New daemon starting from: C:\Users\Angel Aubrey\Documents\stone-cap\Finance-System_Capstone-1\backend\node_modules\nx\dist\src\daemon\server\server.js
[NX v22.7.5 Daemon Server] - 2026-06-06T18:47:28.799Z - New daemon __dirname: C:\Users\Angel Aubrey\Documents\stone-cap\Finance-System_Capstone-1\backend\node_modules\nx\dist\src\daemon\server
[NX v22.7.5 Daemon Server] - 2026-06-06T18:47:28.799Z - New daemon nxVersion: 22.7.5
[NX v22.7.5 Daemon Server] - 2026-06-06T18:47:28.801Z - New daemon getInstalledNxVersion(): 22.7.5
[NX v22.7.5 Daemon Server] - 2026-06-06T18:47:28.806Z - [Server] Starting outdated check interval (20ms)
[NX v22.7.5 Daemon Server] - 2026-06-06T18:47:28.811Z - Started listening on: \\.\pipe\nx\C:\Users\ANGELA~1\AppData\Local\Temp\4fa40d38e576f4432208\d.sock
[NX v22.7.5 Daemon Server] - 2026-06-06T18:47:28.816Z - [WATCHER]: Subscribed to changes within: C:\Users\Angel Aubrey\Documents\stone-cap\Finance-System_Capstone-1\backend (native)
[NX v22.7.5 Daemon Server] - 2026-06-06T18:47:28.818Z - [LATEST-NX]: Pulling latest Nx...
[NX v22.7.5 Daemon Client] - 2026-06-06T18:47:28.821Z - [Client] Server available
[NX v22.7.5 Daemon Client] - 2026-06-06T18:47:28.822Z - [Client] Daemon server started, pid=15100
[NX v22.7.5 Daemon Client] - 2026-06-06T18:47:28.823Z - [Messenger] Setting up socket listeners
[NX v22.7.5 Daemon Client] - 2026-06-06T18:47:28.824Z - [Messenger] listen() complete
[NX v22.7.5 Daemon Server] - 2026-06-06T18:47:28.836Z - [AI-AGENTS]: Starting agent configuration status computation
[NX v22.7.5 Daemon Server] - 2026-06-06T18:47:28.841Z - Established a connection. Number of open connections: 1
[NX v22.7.5 Daemon Server] - 2026-06-06T18:47:28.842Z - Established a connection. Number of open connections: 2
[NX v22.7.5 Daemon Server] - 2026-06-06T18:47:28.843Z - Closed a connection. Number of open connections: 1
[isolated-plugin] spawned worker for "C:\Users\Angel Aubrey\Documents\stone-cap\Finance-System_Capstone-1\backend\node_modules\nx\dist\src\plugins\js" (pid: 5636, socket: \\.\pipe\nx\C:\Users\ANGELA~1\AppData\Local\Temp\plugin15100-0-1634.4808.sock)
[isolated-plugin] spawned worker for "C:\Users\Angel Aubrey\Documents\stone-cap\Finance-System_Capstone-1\backend\node_modules\nx\dist\src\plugins\package-json" (pid: 8612, socket: \\.\pipe\nx\C:\Users\ANGELA~1\AppData\Local\Temp\plugin15100-1-1648.1528.sock)
[isolated-plugin] spawned worker for "C:\Users\Angel Aubrey\Documents\stone-cap\Finance-System_Capstone-1\backend\node_modules\nx\dist\src\plugins\project-json\build-nodes\project-json" (pid: 14124, socket: \\.\pipe\nx\C:\Users\ANGELA~1\AppData\Local\Temp\plugin15100-2-1658.9265.sock)
[NX v22.7.5 Daemon Server] - 2026-06-06T18:47:28.973Z - Time taken for 'loadSpecifiedNxPlugins' 34.8744999999999ms
[NX v22.7.5 Daemon Client] - 2026-06-06T18:47:29.398Z - [Messenger] Sending message type: REQUEST_PROJECT_GRAPH
[NX v22.7.5 Daemon Client] - 2026-06-06T18:47:29.399Z - [Messenger] Message sent
[NX v22.7.5 Daemon Server] - 2026-06-06T18:47:29.403Z - Received raw message of length 4570
[NX v22.7.5 Daemon Server] - 2026-06-06T18:47:29.403Z - Received json message of type REQUEST_PROJECT_GRAPH
[NX v22.7.5 Daemon Server] - 2026-06-06T18:47:29.404Z - [REQUEST]: Client Request for Project Graph Received
[plugin-worker] "C:\Users\Angel Aubrey\Documents\stone-cap\Finance-System_Capstone-1\backend\node_modules\nx\dist\src\plugins\package-json" (pid: 8612) listening on \\.\pipe\nx\C:\Users\ANGELA~1\AppData\Local\Temp\plugin15100-1-1648.1528.sock
[isolated-plugin] connected to worker for "C:\Users\Angel Aubrey\Documents\stone-cap\Finance-System_Capstone-1\backend\node_modules\nx\dist\src\plugins\package-json" (pid: 8612)
[plugin-worker] "C:\Users\Angel Aubrey\Documents\stone-cap\Finance-System_Capstone-1\backend\node_modules\nx\dist\src\plugins\package-json" (pid: 8612) connected
[NX v22.7.5 Daemon Server] - 2026-06-06T18:47:29.600Z - Time taken for 'start-plugin-worker:C:\Users\Angel Aubrey\Documents\stone-cap\Finance-System_Capstone-1\backend\node_modules\nx\dist\src\plugins\package-json' 647.2660000000001ms
[1m[33mTime taken for 'plugin worker 8612 code loading' 542.9185ms[39m[22m
[plugin-worker] "C:\Users\Angel Aubrey\Documents\stone-cap\Finance-System_Capstone-1\backend\node_modules\nx\dist\src\plugins\js" (pid: 5636) listening on \\.\pipe\nx\C:\Users\ANGELA~1\AppData\Local\Temp\plugin15100-0-1634.4808.sock
[1m[33mTime taken for 'plugin worker 5636 code loading' 554.2964ms[39m[22m
[isolated-plugin] connected to worker for "C:\Users\Angel Aubrey\Documents\stone-cap\Finance-System_Capstone-1\backend\node_modules\nx\dist\src\plugins\project-json\build-nodes\project-json" (pid: 14124)
[isolated-plugin] connected to worker for "C:\Users\Angel Aubrey\Documents\stone-cap\Finance-System_Capstone-1\backend\node_modules\nx\dist\src\plugins\js" (pid: 5636)
[plugin-worker] "C:\Users\Angel Aubrey\Documents\stone-cap\Finance-System_Capstone-1\backend\node_modules\nx\dist\src\plugins\project-json\build-nodes\project-json" (pid: 14124) listening on \\.\pipe\nx\C:\Users\ANGELA~1\AppData\Local\Temp\plugin15100-2-1658.9265.sock
[plugin-worker] "C:\Users\Angel Aubrey\Documents\stone-cap\Finance-System_Capstone-1\backend\node_modules\nx\dist\src\plugins\js" (pid: 5636) connected
[NX v22.7.5 Daemon Server] - 2026-06-06T18:47:29.609Z - Time taken for 'start-plugin-worker:C:\Users\Angel Aubrey\Documents\stone-cap\Finance-System_Capstone-1\backend\node_modules\nx\dist\src\plugins\js' 672.6189000000002ms
[NX v22.7.5 Daemon Server] - 2026-06-06T18:47:29.610Z - Time taken for 'start-plugin-worker:C:\Users\Angel Aubrey\Documents\stone-cap\Finance-System_Capstone-1\backend\node_modules\nx\dist\src\plugins\project-json\build-nodes\project-json' 647.4345999999998ms
[plugin-worker] "C:\Users\Angel Aubrey\Documents\stone-cap\Finance-System_Capstone-1\backend\node_modules\nx\dist\src\plugins\project-json\build-nodes\project-json" (pid: 14124) connected
[plugin-worker] "C:\Users\Angel Aubrey\Documents\stone-cap\Finance-System_Capstone-1\backend\node_modules\nx\dist\src\plugins\project-json\build-nodes\project-json" (pid: 14124) loaded successfully
[1m[33mTime taken for 'plugin worker 14124 code loading' 542.0042000000001ms[39m[22m
[plugin-worker] "C:\Users\Angel Aubrey\Documents\stone-cap\Finance-System_Capstone-1\backend\node_modules\nx\dist\src\plugins\package-json" (pid: 8612) loaded successfully
[NX v22.7.5 Daemon Server] - 2026-06-06T18:47:29.830Z - Time taken for 'Load Nx Plugin: C:\Users\Angel Aubrey\Documents\stone-cap\Finance-System_Capstone-1\backend\node_modules\nx\dist\src\plugins\project-json\build-nodes\project-json' 896.3531ms
[NX v22.7.5 Daemon Server] - 2026-06-06T18:47:29.835Z - Time taken for 'Load Nx Plugin: C:\Users\Angel Aubrey\Documents\stone-cap\Finance-System_Capstone-1\backend\node_modules\nx\dist\src\plugins\package-json' 903.1573000000003ms
[plugin-worker] "C:\Users\Angel Aubrey\Documents\stone-cap\Finance-System_Capstone-1\backend\node_modules\nx\dist\src\plugins\js" (pid: 5636) loaded successfully
[NX v22.7.5 Daemon Server] - 2026-06-06T18:47:29.879Z - [REQUEST]: Updated workspace context based on watched changes, recomputing project graph...
[NX v22.7.5 Daemon Server] - 2026-06-06T18:47:29.879Z - [REQUEST]: 
[NX v22.7.5 Daemon Server] - 2026-06-06T18:47:29.879Z - [REQUEST]: 
[NX v22.7.5 Daemon Server] - 2026-06-06T18:47:29.882Z - Reusing in-memory cached project graph because no files changed.
[NX v22.7.5 Daemon Server] - 2026-06-06T18:47:29.883Z - Streaming message to client: progress update for topic graph-construction
[NX v22.7.5 Daemon Client] - 2026-06-06T18:47:29.884Z - [Messenger] Received message, length: 47
[NX v22.7.5 Daemon Server] - 2026-06-06T18:47:29.896Z - Time taken for 'loadDefaultNxPlugins' 946.9594ms
[NX v22.7.5 Daemon Server] - 2026-06-06T18:47:29.896Z - Time taken for 'Load Nx Plugin: C:\Users\Angel Aubrey\Documents\stone-cap\Finance-System_Capstone-1\backend\node_modules\nx\dist\src\plugins\js' 946.4358999999997ms
[NX v22.7.5 Daemon Server] - 2026-06-06T18:47:29.897Z - Time taken for 'hash changed files from watcher' 1.5078000000003158ms
[1m[33mTime taken for 'nx/core/project-json:createNodes' 0.40289999999981774ms[39m[22m
[isolated-plugin] shutting down worker for "nx/core/project-json" after createNodes
[NX v22.7.5 Daemon Server] - 2026-06-06T18:47:30.466Z - Streaming message to client: progress update for topic graph-construction
[NX v22.7.5 Daemon Client] - 2026-06-06T18:47:30.466Z - [Messenger] Received message, length: 153
[1m[33mTime taken for 'nx/core/package-json:createNodes' 20.20830000000001ms[39m[22m
[isolated-plugin] shutting down worker for "nx/core/package-json" after createNodes
[NX v22.7.5 Daemon Server] - 2026-06-06T18:47:30.472Z - Streaming message to client: progress update for topic graph-construction
[NX v22.7.5 Daemon Client] - 2026-06-06T18:47:30.473Z - [Messenger] Received message, length: 112
[1m[33mTime taken for 'nx/js/dependencies-and-lockfile:createNodes' 24.408600000000206ms[39m[22m
[NX v22.7.5 Daemon Server] - 2026-06-06T18:47:30.538Z - Streaming message to client: progress update for topic graph-construction
[NX v22.7.5 Daemon Client] - 2026-06-06T18:47:30.539Z - [Messenger] Received message, length: 47
[NX v22.7.5 Daemon Server] - 2026-06-06T18:47:30.594Z - Streaming message to client: progress update for topic graph-construction
[NX v22.7.5 Daemon Server] - 2026-06-06T18:47:30.598Z - Time taken for 'build-project-configs' 671.7516999999998ms
[NX v22.7.5 Daemon Server] - 2026-06-06T18:47:30.598Z - Time taken for 'createNodes:merge' 15.328199999999924ms
[NX v22.7.5 Daemon Server] - 2026-06-06T18:47:30.598Z - Time taken for 'native-file-deps' 0.017500000000381988ms
[NX v22.7.5 Daemon Server] - 2026-06-06T18:47:30.598Z - Time taken for 'get-workspace-files' 4.283600000000206ms
[NX v22.7.5 Daemon Server] - 2026-06-06T18:47:30.599Z - Time taken for 'get-all-workspace-files' 0.2660000000000764ms
[NX v22.7.5 Daemon Server] - 2026-06-06T18:47:30.599Z - Time taken for 'read cache' 0.4830000000001746ms
[NX v22.7.5 Daemon Client] - 2026-06-06T18:47:30.604Z - [Messenger] Received message, length: 47
[1m[33mTime taken for 'build typescript dependencies' 101.82899999999995ms[39m[22m
[isolated-plugin] shutting down worker for "nx/js/dependencies-and-lockfile" after createDependencies
[NX v22.7.5 Daemon Server] - 2026-06-06T18:47:30.772Z - Streaming message to client: progress update for topic graph-construction
[NX v22.7.5 Daemon Client] - 2026-06-06T18:47:30.773Z - [Messenger] Received message, length: 47
[NX v22.7.5 Daemon Server] - 2026-06-06T18:47:30.784Z - [SYNC]: collect registered sync generators
[NX v22.7.5 Daemon Server] - 2026-06-06T18:47:30.796Z - Wrote project graph cache to C:\Users\Angel Aubrey\Documents\stone-cap\Finance-System_Capstone-1\backend\.nx\workspace-data\project-graph.json
[NX v22.7.5 Daemon Server] - 2026-06-06T18:47:30.797Z - Serializing response for REQUEST_PROJECT_GRAPH message in json mode
[NX v22.7.5 Daemon Server] - 2026-06-06T18:47:30.797Z - Responding to REQUEST_PROJECT_GRAPH message
[NX v22.7.5 Daemon Server] - 2026-06-06T18:47:30.797Z - [REQUEST]: Responding to the client. project-graph
[NX v22.7.5 Daemon Server] - 2026-06-06T18:47:30.797Z - Time taken for 'total for creating and serializing project graph' 1392.7274000000002ms
[NX v22.7.5 Daemon Server] - 2026-06-06T18:47:30.797Z - Time taken for 'total execution time for createProjectGraph()' 199.5275999999999ms
[NX v22.7.5 Daemon Server] - 2026-06-06T18:47:30.798Z - Time taken for 'createDependencies' 184.6945999999998ms
[NX v22.7.5 Daemon Server] - 2026-06-06T18:47:30.798Z - Time taken for 'nx/js/dependencies-and-lockfile:createDependencies' 183.43880000000036ms
[NX v22.7.5 Daemon Server] - 2026-06-06T18:47:30.798Z - Time taken for 'createMetadata' 0.05279999999993379ms
[NX v22.7.5 Daemon Server] - 2026-06-06T18:47:30.798Z - Time taken for 'serialize graph' 2.7534999999998035ms
[NX v22.7.5 Daemon Server] - 2026-06-06T18:47:30.798Z - Time taken for 'write cache' 10.725399999999809ms
[NX v22.7.5 Daemon Server] - 2026-06-06T18:47:30.803Z - Done responding to the client project-graph
[NX v22.7.5 Daemon Server] - 2026-06-06T18:47:30.803Z - Handled json message REQUEST_PROJECT_GRAPH. Handling time: 1393. Response time: 6.
[NX v22.7.5 Daemon Client] - 2026-06-06T18:47:30.804Z - [Messenger] Received message, length: 377793
[NX v22.7.5 Daemon Client] - 2026-06-06T18:47:30.813Z - [Messenger] Sending message type: PRE_TASKS_EXECUTION
[NX v22.7.5 Daemon Client] - 2026-06-06T18:47:30.814Z - [Messenger] Message sent
[NX v22.7.5 Daemon Server] - 2026-06-06T18:47:30.816Z - Received raw message of length 457
[NX v22.7.5 Daemon Server] - 2026-06-06T18:47:30.817Z - Received json message of type PRE_TASKS_EXECUTION
[NX v22.7.5 Daemon Server] - 2026-06-06T18:47:30.821Z - Serializing response for PRE_TASKS_EXECUTION message in json mode
[NX v22.7.5 Daemon Server] - 2026-06-06T18:47:30.821Z - Responding to PRE_TASKS_EXECUTION message
[NX v22.7.5 Daemon Server] - 2026-06-06T18:47:30.821Z - [REQUEST]: Responding to the client. handleRunPreTasksExecution
[NX v22.7.5 Daemon Server] - 2026-06-06T18:47:30.822Z - Time taken for 'preTasksExecution' 3.3882999999996173ms
[NX v22.7.5 Daemon Client] - 2026-06-06T18:47:30.821Z - [Messenger] Received message, length: 2
[NX v22.7.5 Daemon Server] - 2026-06-06T18:47:30.824Z - Done responding to the client handleRunPreTasksExecution
[NX v22.7.5 Daemon Server] - 2026-06-06T18:47:30.825Z - Handled json message PRE_TASKS_EXECUTION. Handling time: 4. Response time: 4.
[NX v22.7.5 Daemon Server] - 2026-06-06T18:47:30.832Z - Closed a connection. Number of open connections: 0
DEBUG nx::native::telemetry::service: Sent 1 events: [nx/js/dependencies-and-lockfile:createDe]
Fetching nx...
[NX v22.7.5 Daemon Server] - 2026-06-06T18:47:50.517Z - [LATEST-NX]: Successfully pulled latest Nx to C:\Users\ANGELA~1\AppData\Local\Temp\tmp-15100-gEmKoZJyTDDt
[NX v22.7.5 Daemon Server] - 2026-06-06T18:47:50.522Z - [NX-CONSOLE]: Using local implementation (NX_USE_LOCAL=true or inner call)
[NX v22.7.5 Daemon Server] - 2026-06-06T18:47:50.525Z - [AI-AGENTS]: Failed to compute agent configuration status from latest Nx. Error: Only URLs with a scheme in: file, data, and node are supported by the default ESM loader. On Windows, absolute paths must be valid file:// URLs. Received protocol 'c:'
[NX v22.7.5 Daemon Server] - 2026-06-06T18:47:50.525Z - [AI-AGENTS]: Agent configuration status computation completed: 0 fully configured, 0 outdated, 0 partially configured, 0 non-configured
DEBUG nx::native::ide::install: Detected editor: VSCode
DEBUG nx::native::ide::install: Checking if Nx Console extension is installed with: code.cmd --list-extensions
DEBUG nx::native::ide::install: Nx Console extension is not installed
[NX v22.7.5 Daemon Server] - 2026-06-06T18:47:51.573Z - [NX-CONSOLE]: Console status check completed, shouldPrompt: true
[NX v22.7.5 Daemon Server] - 2026-06-06T18:49:22.482Z - Established a connection. Number of open connections: 1
[NX v22.7.5 Daemon Server] - 2026-06-06T18:49:22.483Z - Closed a connection. Number of open connections: 0
[NX v22.7.5 Daemon Server] - 2026-06-06T18:49:22.485Z - Established a connection. Number of open connections: 1
[NX v22.7.5 Daemon Server] - 2026-06-06T18:49:22.485Z - Closed a connection. Number of open connections: 0
[NX v22.7.5 Daemon Server] - 2026-06-06T18:49:22.486Z - Established a connection. Number of open connections: 1
[NX v22.7.5 Daemon Client] - 2026-06-06T18:49:22.486Z - [Messenger] Setting up socket listeners
[NX v22.7.5 Daemon Client] - 2026-06-06T18:49:22.488Z - [Messenger] listen() complete
[NX v22.7.5 Daemon Client] - 2026-06-06T18:49:22.939Z - [Messenger] Sending message type: GET_NX_CONSOLE_STATUS
[NX v22.7.5 Daemon Client] - 2026-06-06T18:49:22.940Z - [Messenger] Message sent
[NX v22.7.5 Daemon Server] - 2026-06-06T18:49:22.943Z - Received raw message of length 4570
[NX v22.7.5 Daemon Server] - 2026-06-06T18:49:22.943Z - Received json message of type GET_NX_CONSOLE_STATUS
[NX v22.7.5 Daemon Server] - 2026-06-06T18:49:22.944Z - Serializing response for GET_NX_CONSOLE_STATUS message in json mode
[NX v22.7.5 Daemon Server] - 2026-06-06T18:49:22.944Z - Responding to GET_NX_CONSOLE_STATUS message
[NX v22.7.5 Daemon Server] - 2026-06-06T18:49:22.944Z - [REQUEST]: Responding to the client. handleGetNxConsoleStatus
[NX v22.7.5 Daemon Server] - 2026-06-06T18:49:22.945Z - Done responding to the client handleGetNxConsoleStatus
[NX v22.7.5 Daemon Server] - 2026-06-06T18:49:22.945Z - Handled json message GET_NX_CONSOLE_STATUS. Handling time: 0. Response time: 1.
[NX v22.7.5 Daemon Client] - 2026-06-06T18:49:22.945Z - [Messenger] Received message, length: 21
[NX v22.7.5 Daemon Server] - 2026-06-06T18:51:47.510Z - [WATCHER]: 0 file(s) created or restored, 0 file(s) modified, 0 file(s) deleted
[NX v22.7.5 Daemon Server] - 2026-06-06T18:51:47.566Z - [WATCHER]: 5 file(s) created or restored, 0 file(s) modified, 0 file(s) deleted
[NX v22.7.5 Daemon Server] - 2026-06-06T18:51:47.568Z - [WATCHER]: File changes detected:
Created:
  - apps/disbursement-svc/dist/main.d.ts
  - apps/disbursement-svc/dist/main.js.map
  - apps/disbursement-svc/dist/tsconfig.build.tsbuildinfo
  - apps/disbursement-svc/dist/app.module.d.ts
  - apps/disbursement-svc/dist/main.js
Updated:
(none)
Deleted:
(none)
[NX v22.7.5 Daemon Server] - 2026-06-06T18:51:47.568Z - [SYNC]: clearing sync generators cache due to file changes
[NX v22.7.5 Daemon Server] - 2026-06-06T18:51:47.568Z - [WATCHER]: Processing file changes in outputs
[NX v22.7.5 Daemon Server] - 2026-06-06T18:51:47.613Z - [REQUEST]: Updated workspace context based on watched changes, recomputing project graph...
[NX v22.7.5 Daemon Server] - 2026-06-06T18:51:47.613Z - [REQUEST]: apps/disbursement-svc/dist/main.d.ts,apps/disbursement-svc/dist/main.js.map,apps/disbursement-svc/dist/tsconfig.build.tsbuildinfo,apps/disbursement-svc/dist/app.module.d.ts,apps/disbursement-svc/dist/main.js
[NX v22.7.5 Daemon Server] - 2026-06-06T18:51:47.614Z - [REQUEST]: 
[plugin-client] restarting worker for "nx/js/dependencies-and-lockfile"
[isolated-plugin] spawned worker for "nx/js/dependencies-and-lockfile" (pid: 7936, socket: \\.\pipe\nx\C:\Users\ANGELA~1\AppData\Local\Temp\plugin15100-3-260315.2696.sock)
[plugin-client] restarting worker for "nx/core/package-json"
[isolated-plugin] spawned worker for "nx/core/package-json" (pid: 19428, socket: \\.\pipe\nx\C:\Users\ANGELA~1\AppData\Local\Temp\plugin15100-4-260328.2503.sock)
[plugin-client] restarting worker for "nx/core/project-json"
[isolated-plugin] spawned worker for "nx/core/project-json" (pid: 13908, socket: \\.\pipe\nx\C:\Users\ANGELA~1\AppData\Local\Temp\plugin15100-5-260335.7282.sock)
[NX v22.7.5 Daemon Server] - 2026-06-06T18:51:47.645Z - Time taken for 'hash changed files from watcher' 1.3811000000278ms
[plugin-worker] "nx/js/dependencies-and-lockfile" (pid: 7936) listening on \\.\pipe\nx\C:\Users\ANGELA~1\AppData\Local\Temp\plugin15100-3-260315.2696.sock
[1m[33mTime taken for 'plugin worker 7936 code loading' 518.2760000000001ms[39m[22m
[plugin-worker] "nx/core/project-json" (pid: 13908) listening on \\.\pipe\nx\C:\Users\ANGELA~1\AppData\Local\Temp\plugin15100-5-260335.7282.sock
[1m[33mTime taken for 'plugin worker 13908 code loading' 493.59309999999994ms[39m[22m
[isolated-plugin] connected to worker for "nx/core/project-json" (pid: 13908)
[isolated-plugin] connected to worker for "nx/js/dependencies-and-lockfile" (pid: 7936)
[plugin-worker] "nx/core/project-json" (pid: 13908) connected
[plugin-worker] "nx/js/dependencies-and-lockfile" (pid: 7936) connected
[NX v22.7.5 Daemon Server] - 2026-06-06T18:51:48.247Z - Time taken for 'start-plugin-worker:nx/js/dependencies-and-lockfile' 629.5868999999948ms
[NX v22.7.5 Daemon Server] - 2026-06-06T18:51:48.247Z - Time taken for 'start-plugin-worker:nx/core/project-json' 606.3673999999883ms
[plugin-worker] "nx/core/package-json" (pid: 19428) listening on \\.\pipe\nx\C:\Users\ANGELA~1\AppData\Local\Temp\plugin15100-4-260328.2503.sock
[1m[33mTime taken for 'plugin worker 19428 code loading' 532.1758ms[39m[22m
[isolated-plugin] connected to worker for "nx/core/package-json" (pid: 19428)
[NX v22.7.5 Daemon Server] - 2026-06-06T18:51:48.269Z - Time taken for 'start-plugin-worker:nx/core/package-json' 639.7866999999969ms
[plugin-worker] "nx/core/package-json" (pid: 19428) connected
[plugin-worker] "nx/core/project-json" (pid: 13908) loaded successfully
[plugin-worker] "nx/core/package-json" (pid: 19428) loaded successfully
[plugin-worker] "nx/js/dependencies-and-lockfile" (pid: 7936) loaded successfully
[1m[33mTime taken for 'nx/core/project-json:createNodes' 0.4920999999999367ms[39m[22m
[isolated-plugin] shutting down worker for "nx/core/project-json" after createNodes
[1m[33mTime taken for 'nx/js/dependencies-and-lockfile:createNodes' 9.704200000000128ms[39m[22m
[1m[33mTime taken for 'nx/core/package-json:createNodes' 18.656200000000126ms[39m[22m
[isolated-plugin] shutting down worker for "nx/core/package-json" after createNodes
[NX v22.7.5 Daemon Server] - 2026-06-06T18:51:49.090Z - Time taken for 'build-project-configs' 1466.2406000000192ms
[NX v22.7.5 Daemon Server] - 2026-06-06T18:51:49.090Z - Time taken for 'createNodes:merge' 1.7533000000112224ms
[NX v22.7.5 Daemon Server] - 2026-06-06T18:51:49.090Z - Time taken for 'get-all-workspace-files' 0.16300000000046566ms
[1m[33mTime taken for 'build typescript dependencies' 2.2143999999998414ms[39m[22m
[isolated-plugin] shutting down worker for "nx/js/dependencies-and-lockfile" after createDependencies
[NX v22.7.5 Daemon Server] - 2026-06-06T18:51:49.107Z - [SYNC]: collect registered sync generators
[NX v22.7.5 Daemon Server] - 2026-06-06T18:51:49.108Z - [SYNC]: project graph hash is the same, not collecting task sync generators
[NX v22.7.5 Daemon Server] - 2026-06-06T18:51:49.108Z - [SYNC]: nx.json hash is the same, not collecting global sync generators
[NX v22.7.5 Daemon Server] - 2026-06-06T18:51:49.108Z - Time taken for 'total execution time for createProjectGraph()' 22.362699999997858ms
[NX v22.7.5 Daemon Server] - 2026-06-06T18:51:49.108Z - Time taken for 'createDependencies' 16.33059999998659ms
[NX v22.7.5 Daemon Server] - 2026-06-06T18:51:49.108Z - Time taken for 'nx/js/dependencies-and-lockfile:createDependencies' 16.129899999999907ms
[NX v22.7.5 Daemon Server] - 2026-06-06T18:51:49.108Z - Time taken for 'createMetadata' 0.06829999998444691ms
[NX v22.7.5 Daemon Server] - 2026-06-06T18:51:49.108Z - Time taken for 'serialize graph' 1.7257000000099652ms
DEBUG nx::native::telemetry::service: Sent 1 events: [nx/js/dependencies-and-lockfile:createDe]
[NX v22.7.5 Daemon Server] - 2026-06-06T18:52:52.911Z - [WATCHER]: 0 file(s) created or restored, 0 file(s) modified, 14 file(s) deleted
[NX v22.7.5 Daemon Server] - 2026-06-06T18:52:52.911Z - [WATCHER]: File changes detected:
Created:
(none)
Updated:
(none)
Deleted:
  - apps/disbursement-svc/dist/app.service.js
  - apps/disbursement-svc/dist/app.module.d.ts
  - apps/disbursement-svc/dist/app.service.d.ts
  - apps/disbursement-svc/dist/main.js
  - apps/disbursement-svc/dist/tsconfig.build.tsbuildinfo
  - apps/disbursement-svc/dist
  - apps/disbursement-svc/dist/main.js.map
  - apps/disbursement-svc/dist/app.module.js
  - apps/disbursement-svc/dist/app.module.js.map
  - apps/disbursement-svc/dist/main.d.ts
  ... and 4 more
[NX v22.7.5 Daemon Server] - 2026-06-06T18:52:52.911Z - [SYNC]: clearing sync generators cache due to file changes
[NX v22.7.5 Daemon Server] - 2026-06-06T18:52:52.911Z - [WATCHER]: Processing file changes in outputs
[NX v22.7.5 Daemon Server] - 2026-06-06T18:52:53.113Z - [REQUEST]: Updated workspace context based on watched changes, recomputing project graph...
[NX v22.7.5 Daemon Server] - 2026-06-06T18:52:53.113Z - [REQUEST]: 
[NX v22.7.5 Daemon Server] - 2026-06-06T18:52:53.113Z - [REQUEST]: apps/disbursement-svc/dist/app.service.js,apps/disbursement-svc/dist/app.module.d.ts,apps/disbursement-svc/dist/app.service.d.ts,apps/disbursement-svc/dist/main.js,apps/disbursement-svc/dist/tsconfig.build.tsbuildinfo,apps/disbursement-svc/dist,apps/disbursement-svc/dist/main.js.map,apps/disbursement-svc/dist/app.module.js,apps/disbursement-svc/dist/app.module.js.map,apps/disbursement-svc/dist/main.d.ts,apps/disbursement-svc/dist/app.controller.js,apps/disbursement-svc/dist/app.controller.js.map,apps/disbursement-svc/dist/app.service.js.map,apps/disbursement-svc/dist/app.controller.d.ts
[plugin-client] restarting worker for "nx/js/dependencies-and-lockfile"
[isolated-plugin] spawned worker for "nx/js/dependencies-and-lockfile" (pid: 11280, socket: \\.\pipe\nx\C:\Users\ANGELA~1\AppData\Local\Temp\plugin15100-6-325814.5168.sock)
[plugin-client] restarting worker for "nx/core/package-json"
[isolated-plugin] spawned worker for "nx/core/package-json" (pid: 21232, socket: \\.\pipe\nx\C:\Users\ANGELA~1\AppData\Local\Temp\plugin15100-7-325837.7319.sock)
[plugin-client] restarting worker for "nx/core/project-json"
[isolated-plugin] spawned worker for "nx/core/project-json" (pid: 10472, socket: \\.\pipe\nx\C:\Users\ANGELA~1\AppData\Local\Temp\plugin15100-8-325847.7656.sock)
[NX v22.7.5 Daemon Server] - 2026-06-06T18:52:53.158Z - Time taken for 'hash changed files from watcher' 0.4547000000020489ms
[plugin-worker] "nx/core/package-json" (pid: 21232) listening on \\.\pipe\nx\C:\Users\ANGELA~1\AppData\Local\Temp\plugin15100-7-325837.7319.sock
[isolated-plugin] connected to worker for "nx/core/project-json" (pid: 10472)
[isolated-plugin] connected to worker for "nx/core/package-json" (pid: 21232)
[plugin-worker] "nx/core/project-json" (pid: 10472) listening on \\.\pipe\nx\C:\Users\ANGELA~1\AppData\Local\Temp\plugin15100-8-325847.7656.sock
[NX v22.7.5 Daemon Server] - 2026-06-06T18:52:53.771Z - Time taken for 'start-plugin-worker:nx/core/package-json' 632.8172999999952ms
[NX v22.7.5 Daemon Server] - 2026-06-06T18:52:53.772Z - Time taken for 'start-plugin-worker:nx/core/project-json' 621.5966999999946ms
[plugin-worker] "nx/core/package-json" (pid: 21232) connected
[plugin-worker] "nx/core/project-json" (pid: 10472) connected
[1m[33mTime taken for 'plugin worker 21232 code loading' 524.3958ms[39m[22m
[plugin-worker] "nx/js/dependencies-and-lockfile" (pid: 11280) listening on \\.\pipe\nx\C:\Users\ANGELA~1\AppData\Local\Temp\plugin15100-6-325814.5168.sock
[1m[33mTime taken for 'plugin worker 11280 code loading' 553.0547ms[39m[22m
[isolated-plugin] connected to worker for "nx/js/dependencies-and-lockfile" (pid: 11280)
[NX v22.7.5 Daemon Server] - 2026-06-06T18:52:53.784Z - Time taken for 'start-plugin-worker:nx/js/dependencies-and-lockfile' 668.921399999992ms
[plugin-worker] "nx/js/dependencies-and-lockfile" (pid: 11280) connected
[plugin-worker] "nx/core/project-json" (pid: 10472) loaded successfully
[1m[33mTime taken for 'plugin worker 10472 code loading' 518.9091ms[39m[22m
[plugin-worker] "nx/core/package-json" (pid: 21232) loaded successfully
[plugin-worker] "nx/js/dependencies-and-lockfile" (pid: 11280) loaded successfully
[1m[33mTime taken for 'nx/core/project-json:createNodes' 0.5052000000000589ms[39m[22m
[isolated-plugin] shutting down worker for "nx/core/project-json" after createNodes
[1m[33mTime taken for 'nx/core/package-json:createNodes' 27.635800000000017ms[39m[22m
[isolated-plugin] shutting down worker for "nx/core/package-json" after createNodes
[1m[33mTime taken for 'nx/js/dependencies-and-lockfile:createNodes' 11.215099999999893ms[39m[22m
[NX v22.7.5 Daemon Server] - 2026-06-06T18:52:54.834Z - Time taken for 'build-project-configs' 1707.36109999998ms
[NX v22.7.5 Daemon Server] - 2026-06-06T18:52:54.834Z - Time taken for 'createNodes:merge' 2.8655000000144355ms
[NX v22.7.5 Daemon Server] - 2026-06-06T18:52:54.834Z - Time taken for 'get-all-workspace-files' 0.2972000000299886ms
[1m[33mTime taken for 'build typescript dependencies' 0.288899999999785ms[39m[22m
[isolated-plugin] shutting down worker for "nx/js/dependencies-and-lockfile" after createDependencies
[NX v22.7.5 Daemon Server] - 2026-06-06T18:52:54.858Z - [SYNC]: collect registered sync generators
[NX v22.7.5 Daemon Server] - 2026-06-06T18:52:54.859Z - [SYNC]: project graph hash is the same, not collecting task sync generators
[NX v22.7.5 Daemon Server] - 2026-06-06T18:52:54.859Z - [SYNC]: nx.json hash is the same, not collecting global sync generators
[NX v22.7.5 Daemon Server] - 2026-06-06T18:52:54.859Z - Time taken for 'total execution time for createProjectGraph()' 31.426000000035856ms
[NX v22.7.5 Daemon Server] - 2026-06-06T18:52:54.859Z - Time taken for 'createDependencies' 21.45140000001993ms
[NX v22.7.5 Daemon Server] - 2026-06-06T18:52:54.859Z - Time taken for 'nx/js/dependencies-and-lockfile:createDependencies' 21.20619999995688ms
[NX v22.7.5 Daemon Server] - 2026-06-06T18:52:54.860Z - Time taken for 'createMetadata' 0.02079999999841675ms
[NX v22.7.5 Daemon Server] - 2026-06-06T18:52:54.860Z - Time taken for 'serialize graph' 3.1533000000054017ms
DEBUG nx::native::telemetry::service: Sent 1 events: [nx/js/dependencies-and-lockfile:createDe]
[NX v22.7.5 Daemon Server] - 2026-06-06T18:52:58.611Z - [WATCHER]: 0 file(s) created or restored, 0 file(s) modified, 0 file(s) deleted
[NX v22.7.5 Daemon Server] - 2026-06-06T18:52:58.667Z - [WATCHER]: 0 file(s) created or restored, 0 file(s) modified, 0 file(s) deleted
[NX v22.7.5 Daemon Server] - 2026-06-06T18:52:59.013Z - [REQUEST]: Updated workspace context based on watched changes, recomputing project graph...
[NX v22.7.5 Daemon Server] - 2026-06-06T18:52:59.013Z - [REQUEST]: 
[NX v22.7.5 Daemon Server] - 2026-06-06T18:52:59.013Z - [REQUEST]: 
[plugin-client] restarting worker for "nx/js/dependencies-and-lockfile"
[isolated-plugin] spawned worker for "nx/js/dependencies-and-lockfile" (pid: 8960, socket: \\.\pipe\nx\C:\Users\ANGELA~1\AppData\Local\Temp\plugin15100-9-331713.5613.sock)
[plugin-client] restarting worker for "nx/core/package-json"
[isolated-plugin] spawned worker for "nx/core/package-json" (pid: 13716, socket: \\.\pipe\nx\C:\Users\ANGELA~1\AppData\Local\Temp\plugin15100-10-331721.4722.sock)
[plugin-client] restarting worker for "nx/core/project-json"
[isolated-plugin] spawned worker for "nx/core/project-json" (pid: 19540, socket: \\.\pipe\nx\C:\Users\ANGELA~1\AppData\Local\Temp\plugin15100-11-331729.7797.sock)
[NX v22.7.5 Daemon Server] - 2026-06-06T18:52:59.039Z - Time taken for 'hash changed files from watcher' 0.14020000002346933ms
[plugin-worker] "nx/js/dependencies-and-lockfile" (pid: 8960) listening on \\.\pipe\nx\C:\Users\ANGELA~1\AppData\Local\Temp\plugin15100-9-331713.5613.sock
[isolated-plugin] connected to worker for "nx/js/dependencies-and-lockfile" (pid: 8960)
[1m[33mTime taken for 'plugin worker 8960 code loading' 416.59950000000003ms[39m[22m
[NX v22.7.5 Daemon Server] - 2026-06-06T18:52:59.511Z - Time taken for 'start-plugin-worker:nx/js/dependencies-and-lockfile' 495.7799000000232ms
[plugin-worker] "nx/js/dependencies-and-lockfile" (pid: 8960) connected
[plugin-worker] "nx/core/package-json" (pid: 13716) listening on \\.\pipe\nx\C:\Users\ANGELA~1\AppData\Local\Temp\plugin15100-10-331721.4722.sock
[1m[33mTime taken for 'plugin worker 13716 code loading' 411.8179ms[39m[22m
[isolated-plugin] connected to worker for "nx/core/package-json" (pid: 13716)
[NX v22.7.5 Daemon Server] - 2026-06-06T18:52:59.527Z - Time taken for 'start-plugin-worker:nx/core/package-json' 504.2492000000202ms
[plugin-worker] "nx/core/package-json" (pid: 13716) connected
[plugin-worker] "nx/core/project-json" (pid: 19540) listening on \\.\pipe\nx\C:\Users\ANGELA~1\AppData\Local\Temp\plugin15100-11-331729.7797.sock
[1m[33mTime taken for 'plugin worker 19540 code loading' 418.1756ms[39m[22m
[isolated-plugin] connected to worker for "nx/core/project-json" (pid: 19540)
[NX v22.7.5 Daemon Server] - 2026-06-06T18:52:59.536Z - Time taken for 'start-plugin-worker:nx/core/project-json' 505.7127999999793ms
[plugin-worker] "nx/core/project-json" (pid: 19540) connected
[plugin-worker] "nx/core/project-json" (pid: 19540) loaded successfully
[plugin-worker] "nx/core/package-json" (pid: 13716) loaded successfully
[plugin-worker] "nx/js/dependencies-and-lockfile" (pid: 8960) loaded successfully
[1m[33mTime taken for 'nx/core/project-json:createNodes' 0.4420000000000073ms[39m[22m
[isolated-plugin] shutting down worker for "nx/core/project-json" after createNodes
[1m[33mTime taken for 'nx/js/dependencies-and-lockfile:createNodes' 6.753100000000131ms[39m[22m
[1m[33mTime taken for 'nx/core/package-json:createNodes' 13.294900000000098ms[39m[22m
[isolated-plugin] shutting down worker for "nx/core/package-json" after createNodes
[NX v22.7.5 Daemon Server] - 2026-06-06T18:53:00.200Z - Time taken for 'build-project-configs' 1180.6338000000105ms
[NX v22.7.5 Daemon Server] - 2026-06-06T18:53:00.200Z - Time taken for 'createNodes:merge' 1.0399999999790452ms
[NX v22.7.5 Daemon Server] - 2026-06-06T18:53:00.200Z - Time taken for 'get-all-workspace-files' 0.09629999997559935ms
[1m[33mTime taken for 'build typescript dependencies' 0.19090000000005602ms[39m[22m
[isolated-plugin] shutting down worker for "nx/js/dependencies-and-lockfile" after createDependencies
[NX v22.7.5 Daemon Server] - 2026-06-06T18:53:00.216Z - [SYNC]: collect registered sync generators
[NX v22.7.5 Daemon Server] - 2026-06-06T18:53:00.216Z - [SYNC]: project graph hash is the same, not collecting task sync generators
[NX v22.7.5 Daemon Server] - 2026-06-06T18:53:00.216Z - [SYNC]: nx.json hash is the same, not collecting global sync generators
[NX v22.7.5 Daemon Server] - 2026-06-06T18:53:00.217Z - Time taken for 'total execution time for createProjectGraph()' 19.51809999998659ms
[NX v22.7.5 Daemon Server] - 2026-06-06T18:53:00.217Z - Time taken for 'createDependencies' 15.11109999998007ms
[NX v22.7.5 Daemon Server] - 2026-06-06T18:53:00.217Z - Time taken for 'nx/js/dependencies-and-lockfile:createDependencies' 14.959999999962747ms
[NX v22.7.5 Daemon Server] - 2026-06-06T18:53:00.217Z - Time taken for 'createMetadata' 0.021299999963957816ms
[NX v22.7.5 Daemon Server] - 2026-06-06T18:53:00.217Z - Time taken for 'serialize graph' 1.4945999999763444ms
DEBUG nx::native::telemetry::service: Sent 1 events: [nx/js/dependencies-and-lockfile:createDe]
[NX v22.7.5 Daemon Server] - 2026-06-06T18:53:31.881Z - Closed a connection. Number of open connections: 0
[NX v22.7.5 Daemon Server] - 2026-06-06T18:57:02.342Z - [WATCHER]: Processing file changes in outputs
[NX v22.7.5 Daemon Server] - 2026-06-06T18:57:02.342Z - [WATCHER]: apps/ledger-accounts-svc/src/prisma.service.ts was created or restored
[NX v22.7.5 Daemon Server] - 2026-06-06T18:57:02.343Z - [WATCHER]: File changes detected:
Created:
  - apps/ledger-accounts-svc/src/prisma.service.ts
Updated:
(none)
Deleted:
(none)
[NX v22.7.5 Daemon Server] - 2026-06-06T18:57:02.344Z - [SYNC]: clearing sync generators cache due to file changes
[NX v22.7.5 Daemon Server] - 2026-06-06T18:57:02.451Z - [REQUEST]: Updated workspace context based on watched changes, recomputing project graph...
[NX v22.7.5 Daemon Server] - 2026-06-06T18:57:02.451Z - [REQUEST]: apps/ledger-accounts-svc/src/prisma.service.ts
[NX v22.7.5 Daemon Server] - 2026-06-06T18:57:02.451Z - [REQUEST]: 
[plugin-client] restarting worker for "nx/js/dependencies-and-lockfile"
[isolated-plugin] spawned worker for "nx/js/dependencies-and-lockfile" (pid: 17276, socket: \\.\pipe\nx\C:\Users\ANGELA~1\AppData\Local\Temp\plugin15100-12-575152.2321.sock)
[plugin-client] restarting worker for "nx/core/package-json"
[isolated-plugin] spawned worker for "nx/core/package-json" (pid: 16920, socket: \\.\pipe\nx\C:\Users\ANGELA~1\AppData\Local\Temp\plugin15100-13-575164.4797.sock)
[plugin-client] restarting worker for "nx/core/project-json"
[isolated-plugin] spawned worker for "nx/core/project-json" (pid: 21432, socket: \\.\pipe\nx\C:\Users\ANGELA~1\AppData\Local\Temp\plugin15100-14-575174.334.sock)
[NX v22.7.5 Daemon Server] - 2026-06-06T18:57:02.486Z - Time taken for 'hash changed files from watcher' 0.9038000000873581ms
[plugin-worker] "nx/js/dependencies-and-lockfile" (pid: 17276) listening on \\.\pipe\nx\C:\Users\ANGELA~1\AppData\Local\Temp\plugin15100-12-575152.2321.sock
[plugin-worker] "nx/core/package-json" (pid: 16920) listening on \\.\pipe\nx\C:\Users\ANGELA~1\AppData\Local\Temp\plugin15100-13-575164.4797.sock
[plugin-worker] "nx/core/project-json" (pid: 21432) listening on \\.\pipe\nx\C:\Users\ANGELA~1\AppData\Local\Temp\plugin15100-14-575174.334.sock
[isolated-plugin] connected to worker for "nx/core/project-json" (pid: 21432)
[1m[33mTime taken for 'plugin worker 17276 code loading' 580.2994000000001ms[39m[22m
[1m[33mTime taken for 'plugin worker 16920 code loading' 573.5699ms[39m[22m
[NX v22.7.5 Daemon Server] - 2026-06-06T18:57:03.129Z - Time taken for 'start-plugin-worker:nx/core/project-json' 653.043299999903ms
[isolated-plugin] connected to worker for "nx/js/dependencies-and-lockfile" (pid: 17276)
[isolated-plugin] connected to worker for "nx/core/package-json" (pid: 16920)
[plugin-worker] "nx/core/project-json" (pid: 21432) connected
[plugin-worker] "nx/js/dependencies-and-lockfile" (pid: 17276) connected
[NX v22.7.5 Daemon Server] - 2026-06-06T18:57:03.131Z - Time taken for 'start-plugin-worker:nx/js/dependencies-and-lockfile' 676.8105000000214ms
[NX v22.7.5 Daemon Server] - 2026-06-06T18:57:03.132Z - Time taken for 'start-plugin-worker:nx/core/package-json' 665.6485000000102ms
[plugin-worker] "nx/core/package-json" (pid: 16920) connected
[1m[33mTime taken for 'plugin worker 21432 code loading' 562.6518ms[39m[22m
[plugin-worker] "nx/core/project-json" (pid: 21432) loaded successfully
[plugin-worker] "nx/core/package-json" (pid: 16920) loaded successfully
[plugin-worker] "nx/js/dependencies-and-lockfile" (pid: 17276) loaded successfully
[1m[33mTime taken for 'nx/core/project-json:createNodes' 0.7376000000001568ms[39m[22m
[isolated-plugin] shutting down worker for "nx/core/project-json" after createNodes
[1m[33mTime taken for 'nx/core/package-json:createNodes' 17.90370000000007ms[39m[22m
[isolated-plugin] shutting down worker for "nx/core/package-json" after createNodes
[1m[33mTime taken for 'nx/js/dependencies-and-lockfile:createNodes' 8.952999999999975ms[39m[22m
[NX v22.7.5 Daemon Server] - 2026-06-06T18:57:04.135Z - Time taken for 'build-project-configs' 1673.0512000001036ms
[NX v22.7.5 Daemon Server] - 2026-06-06T18:57:04.135Z - Time taken for 'createNodes:merge' 1.604700000025332ms
[NX v22.7.5 Daemon Server] - 2026-06-06T18:57:04.135Z - Time taken for 'get-all-workspace-files' 0.1877000000094995ms
[1m[33mTime taken for 'build typescript dependencies' 3.409800000000132ms[39m[22m
[isolated-plugin] shutting down worker for "nx/js/dependencies-and-lockfile" after createDependencies
[NX v22.7.5 Daemon Server] - 2026-06-06T18:57:04.170Z - [SYNC]: collect registered sync generators
[NX v22.7.5 Daemon Server] - 2026-06-06T18:57:04.171Z - [SYNC]: project graph hash is the same, not collecting task sync generators
[NX v22.7.5 Daemon Server] - 2026-06-06T18:57:04.171Z - [SYNC]: nx.json hash is the same, not collecting global sync generators
[NX v22.7.5 Daemon Server] - 2026-06-06T18:57:04.171Z - Time taken for 'total execution time for createProjectGraph()' 39.80249999999069ms
[NX v22.7.5 Daemon Server] - 2026-06-06T18:57:04.171Z - Time taken for 'createDependencies' 32.71689999999944ms
[NX v22.7.5 Daemon Server] - 2026-06-06T18:57:04.171Z - Time taken for 'nx/js/dependencies-and-lockfile:createDependencies' 32.376800000085495ms
[NX v22.7.5 Daemon Server] - 2026-06-06T18:57:04.172Z - Time taken for 'createMetadata' 0.022899999981746078ms
[NX v22.7.5 Daemon Server] - 2026-06-06T18:57:04.172Z - Time taken for 'serialize graph' 2.598699999973178ms
DEBUG nx::native::telemetry::service: Sent 1 events: [nx/js/dependencies-and-lockfile:createDe]
[NX v22.7.5 Daemon Server] - 2026-06-06T18:57:10.288Z - [WATCHER]: 0 file(s) created or restored, 0 file(s) modified, 0 file(s) deleted
[NX v22.7.5 Daemon Server] - 2026-06-06T18:57:10.503Z - [REQUEST]: Updated workspace context based on watched changes, recomputing project graph...
[NX v22.7.5 Daemon Server] - 2026-06-06T18:57:10.503Z - [REQUEST]: 
[NX v22.7.5 Daemon Server] - 2026-06-06T18:57:10.503Z - [REQUEST]: 
[plugin-client] restarting worker for "nx/js/dependencies-and-lockfile"
[isolated-plugin] spawned worker for "nx/js/dependencies-and-lockfile" (pid: 22656, socket: \\.\pipe\nx\C:\Users\ANGELA~1\AppData\Local\Temp\plugin15100-15-583203.8065.sock)
[plugin-client] restarting worker for "nx/core/package-json"
[isolated-plugin] spawned worker for "nx/core/package-json" (pid: 22636, socket: \\.\pipe\nx\C:\Users\ANGELA~1\AppData\Local\Temp\plugin15100-16-583215.6096.sock)
[plugin-client] restarting worker for "nx/core/project-json"
[isolated-plugin] spawned worker for "nx/core/project-json" (pid: 22572, socket: \\.\pipe\nx\C:\Users\ANGELA~1\AppData\Local\Temp\plugin15100-17-583228.0104.sock)
[NX v22.7.5 Daemon Server] - 2026-06-06T18:57:10.543Z - Time taken for 'hash changed files from watcher' 0.13840000005438924ms
[plugin-worker] "nx/js/dependencies-and-lockfile" (pid: 22656) listening on \\.\pipe\nx\C:\Users\ANGELA~1\AppData\Local\Temp\plugin15100-15-583203.8065.sock
[1m[33mTime taken for 'plugin worker 22656 code loading' 545.7256ms[39m[22m
[plugin-worker] "nx/core/project-json" (pid: 22572) listening on \\.\pipe\nx\C:\Users\ANGELA~1\AppData\Local\Temp\plugin15100-17-583228.0104.sock
[1m[33mTime taken for 'plugin worker 22572 code loading' 526.2070000000001ms[39m[22m
[isolated-plugin] connected to worker for "nx/core/project-json" (pid: 22572)
[isolated-plugin] connected to worker for "nx/js/dependencies-and-lockfile" (pid: 22656)
[plugin-worker] "nx/core/project-json" (pid: 22572) connected
[plugin-worker] "nx/js/dependencies-and-lockfile" (pid: 22656) connected
[NX v22.7.5 Daemon Server] - 2026-06-06T18:57:11.164Z - Time taken for 'start-plugin-worker:nx/js/dependencies-and-lockfile' 657.9288999999408ms
[NX v22.7.5 Daemon Server] - 2026-06-06T18:57:11.164Z - Time taken for 'start-plugin-worker:nx/core/project-json' 633.0690999999642ms
[plugin-worker] "nx/core/package-json" (pid: 22636) listening on \\.\pipe\nx\C:\Users\ANGELA~1\AppData\Local\Temp\plugin15100-16-583215.6096.sock
[1m[33mTime taken for 'plugin worker 22636 code loading' 547.5968ms[39m[22m
[isolated-plugin] connected to worker for "nx/core/package-json" (pid: 22636)
[NX v22.7.5 Daemon Server] - 2026-06-06T18:57:11.175Z - Time taken for 'start-plugin-worker:nx/core/package-json' 657.515699999989ms
[plugin-worker] "nx/core/package-json" (pid: 22636) connected
[plugin-worker] "nx/core/project-json" (pid: 22572) loaded successfully
[plugin-worker] "nx/core/package-json" (pid: 22636) loaded successfully
[plugin-worker] "nx/js/dependencies-and-lockfile" (pid: 22656) loaded successfully
[NX v22.7.5 Daemon Server] - 2026-06-06T18:57:11.680Z - [WATCHER]: 0 file(s) created or restored, 0 file(s) modified, 0 file(s) deleted
[NX v22.7.5 Daemon Server] - 2026-06-06T18:57:12.090Z - [REQUEST]: Updated workspace context based on watched changes, recomputing project graph...
[NX v22.7.5 Daemon Server] - 2026-06-06T18:57:12.090Z - [REQUEST]: 
[NX v22.7.5 Daemon Server] - 2026-06-06T18:57:12.090Z - [REQUEST]: 
[NX v22.7.5 Daemon Server] - 2026-06-06T18:57:12.093Z - Time taken for 'hash changed files from watcher' 0.17909999995026737ms
[1m[33mTime taken for 'nx/core/project-json:createNodes' 0.09840000000008331ms[39m[22m
[1m[33mTime taken for 'nx/core/project-json:createNodes' 0.25520000000005894ms[39m[22m
[isolated-plugin] shutting down worker for "nx/core/project-json" after createNodes
[1m[33mTime taken for 'nx/core/package-json:createNodes' 9.872299999999996ms[39m[22m
[1m[33mTime taken for 'nx/core/package-json:createNodes' 10.075600000000122ms[39m[22m
[isolated-plugin] shutting down worker for "nx/core/package-json" after createNodes
[1m[33mTime taken for 'nx/js/dependencies-and-lockfile:createNodes' 8.675700000000006ms[39m[22m
[1m[33mTime taken for 'nx/js/dependencies-and-lockfile:createNodes' 8.836299999999937ms[39m[22m
[NX v22.7.5 Daemon Server] - 2026-06-06T18:57:12.242Z - Time taken for 'build-project-configs' 140.23809999995865ms
[NX v22.7.5 Daemon Server] - 2026-06-06T18:57:12.243Z - Time taken for 'build-project-configs' 141.80220000003465ms
[NX v22.7.5 Daemon Server] - 2026-06-06T18:57:12.243Z - Time taken for 'createNodes:merge' 2.1002999999327585ms
[NX v22.7.5 Daemon Server] - 2026-06-06T18:57:12.243Z - Time taken for 'createNodes:merge' 1.5023999999975786ms
[NX v22.7.5 Daemon Server] - 2026-06-06T18:57:12.243Z - Time taken for 'get-all-workspace-files' 0.1284999999916181ms
[1m[33mTime taken for 'build typescript dependencies' 0.516800000000103ms[39m[22m
[isolated-plugin] shutting down worker for "nx/js/dependencies-and-lockfile" after createDependencies
[NX v22.7.5 Daemon Server] - 2026-06-06T18:57:12.261Z - [SYNC]: collect registered sync generators
[NX v22.7.5 Daemon Server] - 2026-06-06T18:57:12.262Z - [SYNC]: project graph hash is the same, not collecting task sync generators
[NX v22.7.5 Daemon Server] - 2026-06-06T18:57:12.262Z - [SYNC]: nx.json hash is the same, not collecting global sync generators
[NX v22.7.5 Daemon Server] - 2026-06-06T18:57:12.262Z - [SYNC]: collect registered sync generators
[NX v22.7.5 Daemon Server] - 2026-06-06T18:57:12.263Z - [SYNC]: project graph hash is the same, not collecting task sync generators
[NX v22.7.5 Daemon Server] - 2026-06-06T18:57:12.263Z - [SYNC]: nx.json hash is the same, not collecting global sync generators
[NX v22.7.5 Daemon Server] - 2026-06-06T18:57:12.263Z - Time taken for 'total execution time for createProjectGraph()' 24.927700000000186ms
[NX v22.7.5 Daemon Server] - 2026-06-06T18:57:12.263Z - Time taken for 'createDependencies' 17.445999999996275ms
[NX v22.7.5 Daemon Server] - 2026-06-06T18:57:12.263Z - Time taken for 'nx/js/dependencies-and-lockfile:createDependencies' 17.239799999981187ms
[NX v22.7.5 Daemon Server] - 2026-06-06T18:57:12.263Z - Time taken for 'createMetadata' 0.027400000020861626ms
[NX v22.7.5 Daemon Server] - 2026-06-06T18:57:12.263Z - Time taken for 'serialize graph' 2.1851000000024214ms
DEBUG nx::native::telemetry::service: Sent 1 events: [nx/js/dependencies-and-lockfile:createDe]
[NX v22.7.5 Daemon Server] - 2026-06-06T18:57:13.512Z - [WATCHER]: Processing file changes in outputs
[NX v22.7.5 Daemon Server] - 2026-06-06T18:57:13.513Z - [WATCHER]: apps/ledger-accounts-svc/src/accounts/accounts.service.ts was created or restored
[NX v22.7.5 Daemon Server] - 2026-06-06T18:57:13.513Z - [WATCHER]: File changes detected:
Created:
  - apps/ledger-accounts-svc/src/accounts/accounts.service.ts
Updated:
(none)
Deleted:
(none)
[NX v22.7.5 Daemon Server] - 2026-06-06T18:57:13.513Z - [SYNC]: clearing sync generators cache due to file changes
[NX v22.7.5 Daemon Server] - 2026-06-06T18:57:13.620Z - [REQUEST]: Updated workspace context based on watched changes, recomputing project graph...
[NX v22.7.5 Daemon Server] - 2026-06-06T18:57:13.620Z - [REQUEST]: apps/ledger-accounts-svc/src/accounts/accounts.service.ts
[NX v22.7.5 Daemon Server] - 2026-06-06T18:57:13.620Z - [REQUEST]: 
[plugin-client] restarting worker for "nx/js/dependencies-and-lockfile"
[isolated-plugin] spawned worker for "nx/js/dependencies-and-lockfile" (pid: 22836, socket: \\.\pipe\nx\C:\Users\ANGELA~1\AppData\Local\Temp\plugin15100-18-586321.3476.sock)
[plugin-client] restarting worker for "nx/core/package-json"
[isolated-plugin] spawned worker for "nx/core/package-json" (pid: 4164, socket: \\.\pipe\nx\C:\Users\ANGELA~1\AppData\Local\Temp\plugin15100-19-586332.4818.sock)
[plugin-client] restarting worker for "nx/core/project-json"
[isolated-plugin] spawned worker for "nx/core/project-json" (pid: 4320, socket: \\.\pipe\nx\C:\Users\ANGELA~1\AppData\Local\Temp\plugin15100-20-586342.679.sock)
[NX v22.7.5 Daemon Server] - 2026-06-06T18:57:13.655Z - Time taken for 'hash changed files from watcher' 0.47959999996237457ms
[plugin-worker] "nx/core/package-json" (pid: 4164) listening on \\.\pipe\nx\C:\Users\ANGELA~1\AppData\Local\Temp\plugin15100-19-586332.4818.sock
[isolated-plugin] connected to worker for "nx/core/package-json" (pid: 4164)
[isolated-plugin] connected to worker for "nx/core/project-json" (pid: 4320)
[1m[33mTime taken for 'plugin worker 4164 code loading' 486.05370000000005ms[39m[22m
[plugin-worker] "nx/core/package-json" (pid: 4164) connected
[plugin-worker] "nx/core/project-json" (pid: 4320) listening on \\.\pipe\nx\C:\Users\ANGELA~1\AppData\Local\Temp\plugin15100-20-586342.679.sock
[plugin-worker] "nx/core/project-json" (pid: 4320) connected
[NX v22.7.5 Daemon Server] - 2026-06-06T18:57:14.223Z - Time taken for 'start-plugin-worker:nx/core/package-json' 587.9950999999419ms
[NX v22.7.5 Daemon Server] - 2026-06-06T18:57:14.223Z - Time taken for 'start-plugin-worker:nx/core/project-json' 578.640699999989ms
[1m[33mTime taken for 'plugin worker 4320 code loading' 481.32249999999993ms[39m[22m
[plugin-worker] "nx/js/dependencies-and-lockfile" (pid: 22836) listening on \\.\pipe\nx\C:\Users\ANGELA~1\AppData\Local\Temp\plugin15100-18-586321.3476.sock
[isolated-plugin] connected to worker for "nx/js/dependencies-and-lockfile" (pid: 22836)
[plugin-worker] "nx/js/dependencies-and-lockfile" (pid: 22836) connected
[NX v22.7.5 Daemon Server] - 2026-06-06T18:57:14.243Z - Time taken for 'start-plugin-worker:nx/js/dependencies-and-lockfile' 619.8924999999581ms
[1m[33mTime taken for 'plugin worker 22836 code loading' 520.4801ms[39m[22m
[plugin-worker] "nx/core/project-json" (pid: 4320) loaded successfully
[plugin-worker] "nx/core/package-json" (pid: 4164) loaded successfully
[plugin-worker] "nx/js/dependencies-and-lockfile" (pid: 22836) loaded successfully
[isolated-plugin] shutting down worker for "nx/core/project-json" after createNodes
[NX v22.7.5 Daemon Server] - 2026-06-06T18:57:15.196Z - [WATCHER]: Processing file changes in outputs
[NX v22.7.5 Daemon Server] - 2026-06-06T18:57:15.196Z - [WATCHER]: apps/ledger-accounts-svc/src/accounts/accounts.controller.ts was created or restored
[NX v22.7.5 Daemon Server] - 2026-06-06T18:57:15.197Z - [WATCHER]: File changes detected:
Created:
  - apps/ledger-accounts-svc/src/accounts/accounts.controller.ts
Updated:
(none)
Deleted:
(none)
[NX v22.7.5 Daemon Server] - 2026-06-06T18:57:15.197Z - [SYNC]: clearing sync generators cache due to file changes
[1m[33mTime taken for 'nx/core/package-json:createNodes' 23.228200000000015ms[39m[22m
[isolated-plugin] shutting down worker for "nx/core/package-json" after createNodes
[1m[33mTime taken for 'nx/js/dependencies-and-lockfile:createNodes' 12.529199999999946ms[39m[22m
[NX v22.7.5 Daemon Server] - 2026-06-06T18:57:15.225Z - Time taken for 'build-project-configs' 1591.6379000000888ms
[NX v22.7.5 Daemon Server] - 2026-06-06T18:57:15.225Z - Time taken for 'createNodes:merge' 1.9782000000122935ms
[NX v22.7.5 Daemon Server] - 2026-06-06T18:57:15.225Z - Time taken for 'get-all-workspace-files' 0.164699999964796ms
[1m[33mTime taken for 'build typescript dependencies' 4.025699999999915ms[39m[22m
[isolated-plugin] shutting down worker for "nx/js/dependencies-and-lockfile" after createDependencies
[NX v22.7.5 Daemon Server] - 2026-06-06T18:57:15.252Z - [SYNC]: collect registered sync generators
[NX v22.7.5 Daemon Server] - 2026-06-06T18:57:15.252Z - [SYNC]: project graph hash is the same, not collecting task sync generators
[NX v22.7.5 Daemon Server] - 2026-06-06T18:57:15.253Z - [SYNC]: nx.json hash is the same, not collecting global sync generators
[NX v22.7.5 Daemon Server] - 2026-06-06T18:57:15.253Z - Time taken for 'total execution time for createProjectGraph()' 34.50419999996666ms
[NX v22.7.5 Daemon Server] - 2026-06-06T18:57:15.253Z - Time taken for 'createDependencies' 26.51569999998901ms
[NX v22.7.5 Daemon Server] - 2026-06-06T18:57:15.253Z - Time taken for 'nx/js/dependencies-and-lockfile:createDependencies' 26.335500000044703ms
[NX v22.7.5 Daemon Server] - 2026-06-06T18:57:15.253Z - Time taken for 'createMetadata' 0.01919999998062849ms
[NX v22.7.5 Daemon Server] - 2026-06-06T18:57:15.253Z - Time taken for 'serialize graph' 2.4601000000257045ms
[NX v22.7.5 Daemon Server] - 2026-06-06T18:57:15.308Z - [REQUEST]: Updated workspace context based on watched changes, recomputing project graph...
[NX v22.7.5 Daemon Server] - 2026-06-06T18:57:15.309Z - [REQUEST]: apps/ledger-accounts-svc/src/accounts/accounts.controller.ts
[NX v22.7.5 Daemon Server] - 2026-06-06T18:57:15.309Z - [REQUEST]: 
[plugin-client] restarting worker for "nx/js/dependencies-and-lockfile"
DEBUG nx::native::telemetry::service: Sent 1 events: [nx/js/dependencies-and-lockfile:createDe]
[isolated-plugin] spawned worker for "nx/js/dependencies-and-lockfile" (pid: 2476, socket: \\.\pipe\nx\C:\Users\ANGELA~1\AppData\Local\Temp\plugin15100-21-588009.2789.sock)
[plugin-client] restarting worker for "nx/core/package-json"
[isolated-plugin] spawned worker for "nx/core/package-json" (pid: 23156, socket: \\.\pipe\nx\C:\Users\ANGELA~1\AppData\Local\Temp\plugin15100-22-588021.1208.sock)
[plugin-client] restarting worker for "nx/core/project-json"
[isolated-plugin] spawned worker for "nx/core/project-json" (pid: 23056, socket: \\.\pipe\nx\C:\Users\ANGELA~1\AppData\Local\Temp\plugin15100-23-588032.5599.sock)
[NX v22.7.5 Daemon Server] - 2026-06-06T18:57:15.346Z - Time taken for 'hash changed files from watcher' 0.48880000005010515ms
[plugin-worker] "nx/core/package-json" (pid: 23156) listening on \\.\pipe\nx\C:\Users\ANGELA~1\AppData\Local\Temp\plugin15100-22-588021.1208.sock
[isolated-plugin] connected to worker for "nx/js/dependencies-and-lockfile" (pid: 2476)
[isolated-plugin] connected to worker for "nx/core/package-json" (pid: 23156)
[plugin-worker] "nx/js/dependencies-and-lockfile" (pid: 2476) listening on \\.\pipe\nx\C:\Users\ANGELA~1\AppData\Local\Temp\plugin15100-21-588009.2789.sock
[1m[33mTime taken for 'plugin worker 23156 code loading' 479.31969999999995ms[39m[22m
[NX v22.7.5 Daemon Server] - 2026-06-06T18:57:15.900Z - Time taken for 'start-plugin-worker:nx/js/dependencies-and-lockfile' 588.0320000000065ms
[NX v22.7.5 Daemon Server] - 2026-06-06T18:57:15.900Z - Time taken for 'start-plugin-worker:nx/core/package-json' 576.9299999999348ms
[plugin-worker] "nx/core/package-json" (pid: 23156) connected
[plugin-worker] "nx/js/dependencies-and-lockfile" (pid: 2476) connected
[1m[33mTime taken for 'plugin worker 2476 code loading' 491.23359999999997ms[39m[22m
[plugin-worker] "nx/core/project-json" (pid: 23056) listening on \\.\pipe\nx\C:\Users\ANGELA~1\AppData\Local\Temp\plugin15100-23-588032.5599.sock
[isolated-plugin] connected to worker for "nx/core/project-json" (pid: 23056)
[plugin-worker] "nx/core/project-json" (pid: 23056) connected
[NX v22.7.5 Daemon Server] - 2026-06-06T18:57:15.919Z - Time taken for 'start-plugin-worker:nx/core/project-json' 584.8009000000311ms
[1m[33mTime taken for 'plugin worker 23056 code loading' 483.08810000000005ms[39m[22m
[plugin-worker] "nx/core/package-json" (pid: 23156) loaded successfully
[plugin-worker] "nx/core/project-json" (pid: 23056) loaded successfully
[plugin-worker] "nx/js/dependencies-and-lockfile" (pid: 2476) loaded successfully
[1m[33mTime taken for 'nx/core/project-json:createNodes' 0.37009999999986576ms[39m[22m
[isolated-plugin] shutting down worker for "nx/core/project-json" after createNodes
[1m[33mTime taken for 'nx/js/dependencies-and-lockfile:createNodes' 11.074299999999994ms[39m[22m
[1m[33mTime taken for 'nx/core/package-json:createNodes' 19.295900000000074ms[39m[22m
[isolated-plugin] shutting down worker for "nx/core/package-json" after createNodes
[NX v22.7.5 Daemon Server] - 2026-06-06T18:57:17.091Z - Time taken for 'build-project-configs' 1772.2818999999436ms
[NX v22.7.5 Daemon Server] - 2026-06-06T18:57:17.091Z - Time taken for 'createNodes:merge' 1.934499999973923ms
[NX v22.7.5 Daemon Server] - 2026-06-06T18:57:17.091Z - Time taken for 'get-all-workspace-files' 0.1425000000745058ms
[1m[33mTime taken for 'build typescript dependencies' 4.6797999999998865ms[39m[22m
[isolated-plugin] shutting down worker for "nx/js/dependencies-and-lockfile" after createDependencies
[NX v22.7.5 Daemon Server] - 2026-06-06T18:57:17.120Z - [SYNC]: collect registered sync generators
[NX v22.7.5 Daemon Server] - 2026-06-06T18:57:17.121Z - [SYNC]: project graph hash is the same, not collecting task sync generators
[NX v22.7.5 Daemon Server] - 2026-06-06T18:57:17.121Z - [SYNC]: nx.json hash is the same, not collecting global sync generators
[NX v22.7.5 Daemon Server] - 2026-06-06T18:57:17.122Z - Time taken for 'total execution time for createProjectGraph()' 32.07860000000801ms
[NX v22.7.5 Daemon Server] - 2026-06-06T18:57:17.122Z - Time taken for 'createDependencies' 25.414500000071712ms
[NX v22.7.5 Daemon Server] - 2026-06-06T18:57:17.122Z - Time taken for 'nx/js/dependencies-and-lockfile:createDependencies' 25.13620000006631ms
[NX v22.7.5 Daemon Server] - 2026-06-06T18:57:17.122Z - Time taken for 'createMetadata' 0.02590000000782311ms
[NX v22.7.5 Daemon Server] - 2026-06-06T18:57:17.122Z - Time taken for 'serialize graph' 4.442500000004657ms
DEBUG nx::native::telemetry::service: Sent 1 events: [nx/js/dependencies-and-lockfile:createDe]
[NX v22.7.5 Daemon Server] - 2026-06-06T18:57:18.770Z - [WATCHER]: 0 file(s) created or restored, 0 file(s) modified, 0 file(s) deleted
[NX v22.7.5 Daemon Server] - 2026-06-06T18:57:18.986Z - [REQUEST]: Updated workspace context based on watched changes, recomputing project graph...
[NX v22.7.5 Daemon Server] - 2026-06-06T18:57:18.986Z - [REQUEST]: 
[NX v22.7.5 Daemon Server] - 2026-06-06T18:57:18.986Z - [REQUEST]: 
[plugin-client] restarting worker for "nx/js/dependencies-and-lockfile"
[isolated-plugin] spawned worker for "nx/js/dependencies-and-lockfile" (pid: 5964, socket: \\.\pipe\nx\C:\Users\ANGELA~1\AppData\Local\Temp\plugin15100-24-591686.7745.sock)
[plugin-client] restarting worker for "nx/core/package-json"
[isolated-plugin] spawned worker for "nx/core/package-json" (pid: 23080, socket: \\.\pipe\nx\C:\Users\ANGELA~1\AppData\Local\Temp\plugin15100-25-591698.1789.sock)
[plugin-client] restarting worker for "nx/core/project-json"
[isolated-plugin] spawned worker for "nx/core/project-json" (pid: 22852, socket: \\.\pipe\nx\C:\Users\ANGELA~1\AppData\Local\Temp\plugin15100-26-591709.4666.sock)
[NX v22.7.5 Daemon Server] - 2026-06-06T18:57:19.025Z - Time taken for 'hash changed files from watcher' 0.5145000000484288ms
[plugin-worker] "nx/core/project-json" (pid: 22852) listening on \\.\pipe\nx\C:\Users\ANGELA~1\AppData\Local\Temp\plugin15100-26-591709.4666.sock
[plugin-worker] "nx/js/dependencies-and-lockfile" (pid: 5964) listening on \\.\pipe\nx\C:\Users\ANGELA~1\AppData\Local\Temp\plugin15100-24-591686.7745.sock
[1m[33mTime taken for 'plugin worker 22852 code loading' 506.5144ms[39m[22m
[1m[33mTime taken for 'plugin worker 5964 code loading' 525.2548ms[39m[22m
[isolated-plugin] connected to worker for "nx/core/project-json" (pid: 22852)
[isolated-plugin] connected to worker for "nx/js/dependencies-and-lockfile" (pid: 5964)
[plugin-worker] "nx/js/dependencies-and-lockfile" (pid: 5964) connected
[plugin-worker] "nx/core/project-json" (pid: 22852) connected
[plugin-worker] "nx/core/package-json" (pid: 23080) listening on \\.\pipe\nx\C:\Users\ANGELA~1\AppData\Local\Temp\plugin15100-25-591698.1789.sock
[NX v22.7.5 Daemon Server] - 2026-06-06T18:57:19.623Z - Time taken for 'start-plugin-worker:nx/js/dependencies-and-lockfile' 634.1134000000311ms
[NX v22.7.5 Daemon Server] - 2026-06-06T18:57:19.624Z - Time taken for 'start-plugin-worker:nx/core/project-json' 610.6132000000216ms
[1m[33mTime taken for 'plugin worker 23080 code loading' 519.862ms[39m[22m
[isolated-plugin] connected to worker for "nx/core/package-json" (pid: 23080)
[NX v22.7.5 Daemon Server] - 2026-06-06T18:57:19.642Z - Time taken for 'start-plugin-worker:nx/core/package-json' 643.0088000000687ms
[plugin-worker] "nx/core/package-json" (pid: 23080) connected
[plugin-worker] "nx/core/project-json" (pid: 22852) loaded successfully
[plugin-worker] "nx/core/package-json" (pid: 23080) loaded successfully
[plugin-worker] "nx/js/dependencies-and-lockfile" (pid: 5964) loaded successfully
[1m[33mTime taken for 'nx/core/project-json:createNodes' 0.30600000000004ms[39m[22m
[isolated-plugin] shutting down worker for "nx/core/project-json" after createNodes
[1m[33mTime taken for 'nx/core/package-json:createNodes' 15.552299999999832ms[39m[22m
[isolated-plugin] shutting down worker for "nx/core/package-json" after createNodes
[1m[33mTime taken for 'nx/js/dependencies-and-lockfile:createNodes' 9.254500000000007ms[39m[22m
[NX v22.7.5 Daemon Server] - 2026-06-06T18:57:20.473Z - Time taken for 'build-project-configs' 1477.4322000000393ms
[NX v22.7.5 Daemon Server] - 2026-06-06T18:57:20.473Z - Time taken for 'createNodes:merge' 1.2345999999670312ms
[NX v22.7.5 Daemon Server] - 2026-06-06T18:57:20.473Z - Time taken for 'get-all-workspace-files' 0.14040000003296882ms
[1m[33mTime taken for 'build typescript dependencies' 0.46270000000004075ms[39m[22m
[isolated-plugin] shutting down worker for "nx/js/dependencies-and-lockfile" after createDependencies
[NX v22.7.5 Daemon Server] - 2026-06-06T18:57:20.496Z - [SYNC]: collect registered sync generators
[NX v22.7.5 Daemon Server] - 2026-06-06T18:57:20.497Z - [SYNC]: project graph hash is the same, not collecting task sync generators
[NX v22.7.5 Daemon Server] - 2026-06-06T18:57:20.498Z - [SYNC]: nx.json hash is the same, not collecting global sync generators
[NX v22.7.5 Daemon Server] - 2026-06-06T18:57:20.498Z - Time taken for 'total execution time for createProjectGraph()' 28.459200000041164ms
[NX v22.7.5 Daemon Server] - 2026-06-06T18:57:20.498Z - Time taken for 'createDependencies' 22.059000000008382ms
[NX v22.7.5 Daemon Server] - 2026-06-06T18:57:20.498Z - Time taken for 'nx/js/dependencies-and-lockfile:createDependencies' 21.849300000001676ms
[NX v22.7.5 Daemon Server] - 2026-06-06T18:57:20.498Z - Time taken for 'createMetadata' 0.020299999974668026ms
[NX v22.7.5 Daemon Server] - 2026-06-06T18:57:20.498Z - Time taken for 'serialize graph' 2.4671000000089407ms
DEBUG nx::native::telemetry::service: Sent 1 events: [nx/js/dependencies-and-lockfile:createDe]
[NX v22.7.5 Daemon Server] - 2026-06-06T18:57:21.276Z - [WATCHER]: Processing file changes in outputs
[NX v22.7.5 Daemon Server] - 2026-06-06T18:57:21.277Z - [WATCHER]: apps/ledger-accounts-svc/src/funds/funds.service.ts was created or restored
[NX v22.7.5 Daemon Server] - 2026-06-06T18:57:21.277Z - [WATCHER]: File changes detected:
Created:
  - apps/ledger-accounts-svc/src/funds/funds.service.ts
Updated:
(none)
Deleted:
(none)
[NX v22.7.5 Daemon Server] - 2026-06-06T18:57:21.277Z - [SYNC]: clearing sync generators cache due to file changes
[NX v22.7.5 Daemon Server] - 2026-06-06T18:57:21.393Z - [REQUEST]: Updated workspace context based on watched changes, recomputing project graph...
[NX v22.7.5 Daemon Server] - 2026-06-06T18:57:21.393Z - [REQUEST]: apps/ledger-accounts-svc/src/funds/funds.service.ts
[NX v22.7.5 Daemon Server] - 2026-06-06T18:57:21.393Z - [REQUEST]: 
[plugin-client] restarting worker for "nx/js/dependencies-and-lockfile"
[isolated-plugin] spawned worker for "nx/js/dependencies-and-lockfile" (pid: 23348, socket: \\.\pipe\nx\C:\Users\ANGELA~1\AppData\Local\Temp\plugin15100-27-594096.7877.sock)
[plugin-client] restarting worker for "nx/core/package-json"
[isolated-plugin] spawned worker for "nx/core/package-json" (pid: 4324, socket: \\.\pipe\nx\C:\Users\ANGELA~1\AppData\Local\Temp\plugin15100-28-594110.0989.sock)
[plugin-client] restarting worker for "nx/core/project-json"
[isolated-plugin] spawned worker for "nx/core/project-json" (pid: 22892, socket: \\.\pipe\nx\C:\Users\ANGELA~1\AppData\Local\Temp\plugin15100-29-594121.9129.sock)
[NX v22.7.5 Daemon Server] - 2026-06-06T18:57:21.437Z - [WATCHER]: apps/ledger-accounts-svc/src/funds/funds.controller.ts was created or restored
[NX v22.7.5 Daemon Server] - 2026-06-06T18:57:21.437Z - [WATCHER]: File changes detected:
Created:
  - apps/ledger-accounts-svc/src/funds/funds.controller.ts
Updated:
(none)
Deleted:
(none)
[NX v22.7.5 Daemon Server] - 2026-06-06T18:57:21.437Z - [SYNC]: clearing sync generators cache due to file changes
[NX v22.7.5 Daemon Server] - 2026-06-06T18:57:21.437Z - Time taken for 'hash changed files from watcher' 5.854000000050291ms
[NX v22.7.5 Daemon Server] - 2026-06-06T18:57:21.476Z - [WATCHER]: Processing file changes in outputs
[NX v22.7.5 Daemon Server] - 2026-06-06T18:57:21.541Z - [REQUEST]: Updated workspace context based on watched changes, recomputing project graph...
[NX v22.7.5 Daemon Server] - 2026-06-06T18:57:21.541Z - [REQUEST]: apps/ledger-accounts-svc/src/funds/funds.service.ts,apps/ledger-accounts-svc/src/funds/funds.controller.ts
[NX v22.7.5 Daemon Server] - 2026-06-06T18:57:21.541Z - [REQUEST]: 
[NX v22.7.5 Daemon Server] - 2026-06-06T18:57:21.544Z - Time taken for 'hash changed files from watcher' 0.6290999999037012ms
[isolated-plugin] connected to worker for "nx/core/package-json" (pid: 4324)
[plugin-worker] "nx/core/package-json" (pid: 4324) listening on \\.\pipe\nx\C:\Users\ANGELA~1\AppData\Local\Temp\plugin15100-28-594110.0989.sock
[1m[33mTime taken for 'plugin worker 4324 code loading' 516.8431ms[39m[22m
[NX v22.7.5 Daemon Server] - 2026-06-06T18:57:22.074Z - Time taken for 'start-plugin-worker:nx/core/package-json' 662.3021999999182ms
[plugin-worker] "nx/js/dependencies-and-lockfile" (pid: 23348) listening on \\.\pipe\nx\C:\Users\ANGELA~1\AppData\Local\Temp\plugin15100-27-594096.7877.sock
[plugin-worker] "nx/core/package-json" (pid: 4324) connected
[1m[33mTime taken for 'plugin worker 23348 code loading' 535.8612ms[39m[22m
[isolated-plugin] connected to worker for "nx/js/dependencies-and-lockfile" (pid: 23348)
[plugin-worker] "nx/js/dependencies-and-lockfile" (pid: 23348) connected
[NX v22.7.5 Daemon Server] - 2026-06-06T18:57:22.103Z - Time taken for 'start-plugin-worker:nx/js/dependencies-and-lockfile' 704.7839999999851ms
[plugin-worker] "nx/core/project-json" (pid: 22892) listening on \\.\pipe\nx\C:\Users\ANGELA~1\AppData\Local\Temp\plugin15100-29-594121.9129.sock
[1m[33mTime taken for 'plugin worker 22892 code loading' 546.2251ms[39m[22m
[isolated-plugin] connected to worker for "nx/core/project-json" (pid: 22892)
[NX v22.7.5 Daemon Server] - 2026-06-06T18:57:22.115Z - Time taken for 'start-plugin-worker:nx/core/project-json' 691.6908999999287ms
[plugin-worker] "nx/core/project-json" (pid: 22892) connected
[plugin-worker] "nx/core/package-json" (pid: 4324) loaded successfully
[plugin-worker] "nx/core/project-json" (pid: 22892) loaded successfully
[plugin-worker] "nx/js/dependencies-and-lockfile" (pid: 23348) loaded successfully
[1m[33mTime taken for 'nx/core/project-json:createNodes' 0.10179999999991196ms[39m[22m
[1m[33mTime taken for 'nx/core/project-json:createNodes' 0.2699000000000069ms[39m[22m
[isolated-plugin] shutting down worker for "nx/core/project-json" after createNodes
[1m[33mTime taken for 'nx/core/package-json:createNodes' 10.381399999999985ms[39m[22m
[1m[33mTime taken for 'nx/core/package-json:createNodes' 10.646099999999933ms[39m[22m
[isolated-plugin] shutting down worker for "nx/core/package-json" after createNodes
[1m[33mTime taken for 'nx/js/dependencies-and-lockfile:createNodes' 7.641499999999951ms[39m[22m
[1m[33mTime taken for 'nx/js/dependencies-and-lockfile:createNodes' 7.833499999999958ms[39m[22m
[NX v22.7.5 Daemon Server] - 2026-06-06T18:57:22.989Z - Time taken for 'build-project-configs' 1436.1972999999998ms
[NX v22.7.5 Daemon Server] - 2026-06-06T18:57:22.990Z - Time taken for 'build-project-configs' 1437.8787000000011ms
[NX v22.7.5 Daemon Server] - 2026-06-06T18:57:22.990Z - Time taken for 'createNodes:merge' 1.5475999999325722ms
[NX v22.7.5 Daemon Server] - 2026-06-06T18:57:22.990Z - Time taken for 'createNodes:merge' 1.5567000000737607ms
[NX v22.7.5 Daemon Server] - 2026-06-06T18:57:22.990Z - Time taken for 'get-all-workspace-files' 0.2411999999312684ms
[1m[33mTime taken for 'build typescript dependencies' 3.449299999999994ms[39m[22m
[isolated-plugin] shutting down worker for "nx/js/dependencies-and-lockfile" after createDependencies
[NX v22.7.5 Daemon Server] - 2026-06-06T18:57:23.011Z - [SYNC]: collect registered sync generators
[NX v22.7.5 Daemon Server] - 2026-06-06T18:57:23.012Z - [SYNC]: project graph hash is the same, not collecting task sync generators
[NX v22.7.5 Daemon Server] - 2026-06-06T18:57:23.012Z - [SYNC]: nx.json hash is the same, not collecting global sync generators
[NX v22.7.5 Daemon Server] - 2026-06-06T18:57:23.012Z - [SYNC]: collect registered sync generators
[NX v22.7.5 Daemon Server] - 2026-06-06T18:57:23.012Z - [SYNC]: project graph hash is the same, not collecting task sync generators
[NX v22.7.5 Daemon Server] - 2026-06-06T18:57:23.012Z - [SYNC]: nx.json hash is the same, not collecting global sync generators
[NX v22.7.5 Daemon Server] - 2026-06-06T18:57:23.012Z - Time taken for 'total execution time for createProjectGraph()' 27.741599999950267ms
[NX v22.7.5 Daemon Server] - 2026-06-06T18:57:23.012Z - Time taken for 'createDependencies' 20.817500000004657ms
[NX v22.7.5 Daemon Server] - 2026-06-06T18:57:23.012Z - Time taken for 'nx/js/dependencies-and-lockfile:createDependencies' 20.651299999910407ms
[NX v22.7.5 Daemon Server] - 2026-06-06T18:57:23.012Z - Time taken for 'createMetadata' 0.020200000028125942ms
[NX v22.7.5 Daemon Server] - 2026-06-06T18:57:23.012Z - Time taken for 'serialize graph' 2.003499999991618ms
DEBUG nx::native::telemetry::service: Sent 1 events: [nx/js/dependencies-and-lockfile:createDe]
[NX v22.7.5 Daemon Server] - 2026-06-06T18:57:37.825Z - [WATCHER]: apps/ledger-accounts-svc/src/app.module.ts was modified
[NX v22.7.5 Daemon Server] - 2026-06-06T18:57:37.825Z - [WATCHER]: File changes detected:
Created:
(none)
Updated:
  - apps/ledger-accounts-svc/src/app.module.ts
Deleted:
(none)
[NX v22.7.5 Daemon Server] - 2026-06-06T18:57:37.825Z - [SYNC]: clearing sync generators cache due to file changes
[NX v22.7.5 Daemon Server] - 2026-06-06T18:57:37.825Z - [WATCHER]: Processing file changes in outputs
[NX v22.7.5 Daemon Server] - 2026-06-06T18:57:37.930Z - [WATCHER]: apps/ledger-accounts-svc/src/main.ts was modified
[NX v22.7.5 Daemon Server] - 2026-06-06T18:57:37.931Z - [WATCHER]: File changes detected:
Created:
(none)
Updated:
  - apps/ledger-accounts-svc/src/main.ts
Deleted:
(none)
[NX v22.7.5 Daemon Server] - 2026-06-06T18:57:37.931Z - [SYNC]: clearing sync generators cache due to file changes
[NX v22.7.5 Daemon Server] - 2026-06-06T18:57:37.931Z - [WATCHER]: Processing file changes in outputs
[NX v22.7.5 Daemon Server] - 2026-06-06T18:57:38.039Z - [REQUEST]: Updated workspace context based on watched changes, recomputing project graph...
[NX v22.7.5 Daemon Server] - 2026-06-06T18:57:38.039Z - [REQUEST]: apps/ledger-accounts-svc/src/app.module.ts,apps/ledger-accounts-svc/src/main.ts
[NX v22.7.5 Daemon Server] - 2026-06-06T18:57:38.039Z - [REQUEST]: 
[plugin-client] restarting worker for "nx/js/dependencies-and-lockfile"
[isolated-plugin] spawned worker for "nx/js/dependencies-and-lockfile" (pid: 22612, socket: \\.\pipe\nx\C:\Users\ANGELA~1\AppData\Local\Temp\plugin15100-30-610739.2989.sock)
[plugin-client] restarting worker for "nx/core/package-json"
[isolated-plugin] spawned worker for "nx/core/package-json" (pid: 23416, socket: \\.\pipe\nx\C:\Users\ANGELA~1\AppData\Local\Temp\plugin15100-31-610749.407.sock)
[plugin-client] restarting worker for "nx/core/project-json"
[isolated-plugin] spawned worker for "nx/core/project-json" (pid: 23244, socket: \\.\pipe\nx\C:\Users\ANGELA~1\AppData\Local\Temp\plugin15100-32-610759.8814.sock)
[NX v22.7.5 Daemon Server] - 2026-06-06T18:57:38.073Z - Time taken for 'hash changed files from watcher' 0.7733999999472871ms
[plugin-worker] "nx/js/dependencies-and-lockfile" (pid: 22612) listening on \\.\pipe\nx\C:\Users\ANGELA~1\AppData\Local\Temp\plugin15100-30-610739.2989.sock
[plugin-worker] "nx/core/package-json" (pid: 23416) listening on \\.\pipe\nx\C:\Users\ANGELA~1\AppData\Local\Temp\plugin15100-31-610749.407.sock
[1m[33mTime taken for 'plugin worker 22612 code loading' 550.7077ms[39m[22m
[1m[33mTime taken for 'plugin worker 23416 code loading' 539.5688ms[39m[22m
[isolated-plugin] connected to worker for "nx/js/dependencies-and-lockfile" (pid: 22612)
[isolated-plugin] connected to worker for "nx/core/package-json" (pid: 23416)
[plugin-worker] "nx/core/package-json" (pid: 23416) connected
[plugin-worker] "nx/js/dependencies-and-lockfile" (pid: 22612) connected
[NX v22.7.5 Daemon Server] - 2026-06-06T18:57:38.693Z - Time taken for 'start-plugin-worker:nx/js/dependencies-and-lockfile' 651.4152999999933ms
[NX v22.7.5 Daemon Server] - 2026-06-06T18:57:38.693Z - Time taken for 'start-plugin-worker:nx/core/package-json' 642.0602000000654ms
[plugin-worker] "nx/core/project-json" (pid: 23244) listening on \\.\pipe\nx\C:\Users\ANGELA~1\AppData\Local\Temp\plugin15100-32-610759.8814.sock
[1m[33mTime taken for 'plugin worker 23244 code loading' 556.477ms[39m[22m
[isolated-plugin] connected to worker for "nx/core/project-json" (pid: 23244)
[NX v22.7.5 Daemon Server] - 2026-06-06T18:57:38.724Z - Time taken for 'start-plugin-worker:nx/core/project-json' 662.5628999999026ms
[plugin-worker] "nx/core/project-json" (pid: 23244) connected
[plugin-worker] "nx/core/package-json" (pid: 23416) loaded successfully
[plugin-worker] "nx/core/project-json" (pid: 23244) loaded successfully
[plugin-worker] "nx/js/dependencies-and-lockfile" (pid: 22612) loaded successfully
[1m[33mTime taken for 'nx/core/package-json:createNodes' 18.027199999999993ms[39m[22m
[isolated-plugin] shutting down worker for "nx/core/package-json" after createNodes
[1m[33mTime taken for 'nx/core/project-json:createNodes' 0.33560000000011314ms[39m[22m
[isolated-plugin] shutting down worker for "nx/core/project-json" after createNodes
[1m[33mTime taken for 'nx/js/dependencies-and-lockfile:createNodes' 11.047900000000027ms[39m[22m
[NX v22.7.5 Daemon Server] - 2026-06-06T18:57:39.605Z - Time taken for 'build-project-configs' 1555.532399999909ms
[NX v22.7.5 Daemon Server] - 2026-06-06T18:57:39.605Z - Time taken for 'createNodes:merge' 1.6493000000482425ms
[NX v22.7.5 Daemon Server] - 2026-06-06T18:57:39.605Z - Time taken for 'get-all-workspace-files' 0.15479999990202487ms
[1m[33mTime taken for 'build typescript dependencies' 2.6088999999999487ms[39m[22m
[isolated-plugin] shutting down worker for "nx/js/dependencies-and-lockfile" after createDependencies
[NX v22.7.5 Daemon Server] - 2026-06-06T18:57:39.627Z - [SYNC]: collect registered sync generators
[NX v22.7.5 Daemon Server] - 2026-06-06T18:57:39.628Z - [SYNC]: project graph hash is the same, not collecting task sync generators
[NX v22.7.5 Daemon Server] - 2026-06-06T18:57:39.628Z - [SYNC]: nx.json hash is the same, not collecting global sync generators
[NX v22.7.5 Daemon Server] - 2026-06-06T18:57:39.628Z - Time taken for 'total execution time for createProjectGraph()' 27.729599999962375ms
[NX v22.7.5 Daemon Server] - 2026-06-06T18:57:39.628Z - Time taken for 'createDependencies' 21.348899999982677ms
[NX v22.7.5 Daemon Server] - 2026-06-06T18:57:39.628Z - Time taken for 'nx/js/dependencies-and-lockfile:createDependencies' 21.176399999996647ms
[NX v22.7.5 Daemon Server] - 2026-06-06T18:57:39.628Z - Time taken for 'createMetadata' 0.011100000003352761ms
[NX v22.7.5 Daemon Server] - 2026-06-06T18:57:39.628Z - Time taken for 'serialize graph' 2.5269000000553206ms
DEBUG nx::native::telemetry::service: Sent 1 events: [nx/js/dependencies-and-lockfile:createDe]
[NX v22.7.5 Daemon Server] - 2026-06-06T18:57:44.679Z - [WATCHER]: Processing file changes in outputs
[NX v22.7.5 Daemon Server] - 2026-06-06T18:57:44.679Z - [WATCHER]: apps/ledger-accounts-svc/.env was created or restored
[NX v22.7.5 Daemon Server] - 2026-06-06T18:57:44.679Z - [WATCHER]: File changes detected:
Created:
  - apps/ledger-accounts-svc/.env
Updated:
(none)
Deleted:
(none)
[NX v22.7.5 Daemon Server] - 2026-06-06T18:57:44.679Z - [SYNC]: clearing sync generators cache due to file changes
[NX v22.7.5 Daemon Server] - 2026-06-06T18:57:44.790Z - [REQUEST]: Updated workspace context based on watched changes, recomputing project graph...
[NX v22.7.5 Daemon Server] - 2026-06-06T18:57:44.790Z - [REQUEST]: apps/ledger-accounts-svc/.env
[NX v22.7.5 Daemon Server] - 2026-06-06T18:57:44.790Z - [REQUEST]: 
[plugin-client] restarting worker for "nx/js/dependencies-and-lockfile"
[isolated-plugin] spawned worker for "nx/js/dependencies-and-lockfile" (pid: 2796, socket: \\.\pipe\nx\C:\Users\ANGELA~1\AppData\Local\Temp\plugin15100-33-617490.3105.sock)
[plugin-client] restarting worker for "nx/core/package-json"
[isolated-plugin] spawned worker for "nx/core/package-json" (pid: 20916, socket: \\.\pipe\nx\C:\Users\ANGELA~1\AppData\Local\Temp\plugin15100-34-617503.2757.sock)
[plugin-client] restarting worker for "nx/core/project-json"
[isolated-plugin] spawned worker for "nx/core/project-json" (pid: 3756, socket: \\.\pipe\nx\C:\Users\ANGELA~1\AppData\Local\Temp\plugin15100-35-617512.9422.sock)
[NX v22.7.5 Daemon Server] - 2026-06-06T18:57:44.825Z - Time taken for 'hash changed files from watcher' 0.5208000000566244ms
[isolated-plugin] connected to worker for "nx/core/package-json" (pid: 20916)
[plugin-worker] "nx/core/package-json" (pid: 20916) listening on \\.\pipe\nx\C:\Users\ANGELA~1\AppData\Local\Temp\plugin15100-34-617503.2757.sock
[plugin-worker] "nx/core/package-json" (pid: 20916) connected
[NX v22.7.5 Daemon Server] - 2026-06-06T18:57:45.580Z - Time taken for 'start-plugin-worker:nx/core/package-json' 774.9722000000766ms
[1m[33mTime taken for 'plugin worker 20916 code loading' 677.8348ms[39m[22m
[plugin-worker] "nx/js/dependencies-and-lockfile" (pid: 2796) listening on \\.\pipe\nx\C:\Users\ANGELA~1\AppData\Local\Temp\plugin15100-33-617490.3105.sock
[isolated-plugin] connected to worker for "nx/js/dependencies-and-lockfile" (pid: 2796)
[NX v22.7.5 Daemon Server] - 2026-06-06T18:57:45.592Z - Time taken for 'start-plugin-worker:nx/js/dependencies-and-lockfile' 799.8312999999616ms
[plugin-worker] "nx/js/dependencies-and-lockfile" (pid: 2796) connected
[1m[33mTime taken for 'plugin worker 2796 code loading' 692.3889ms[39m[22m
[plugin-worker] "nx/core/project-json" (pid: 3756) listening on \\.\pipe\nx\C:\Users\ANGELA~1\AppData\Local\Temp\plugin15100-35-617512.9422.sock
[1m[33mTime taken for 'plugin worker 3756 code loading' 721.0567ms[39m[22m
[isolated-plugin] connected to worker for "nx/core/project-json" (pid: 3756)
[NX v22.7.5 Daemon Server] - 2026-06-06T18:57:45.654Z - Time taken for 'start-plugin-worker:nx/core/project-json' 840.0045999999857ms
[plugin-worker] "nx/core/project-json" (pid: 3756) connected
[plugin-worker] "nx/core/package-json" (pid: 20916) loaded successfully
[plugin-worker] "nx/js/dependencies-and-lockfile" (pid: 2796) loaded successfully
[plugin-worker] "nx/core/project-json" (pid: 3756) loaded successfully
[isolated-plugin] shutting down worker for "nx/core/package-json" after createNodes
[1m[33mTime taken for 'nx/js/dependencies-and-lockfile:createNodes' 10.52390000000014ms[39m[22m
[1m[33mTime taken for 'nx/core/project-json:createNodes' 0.3158000000000811ms[39m[22m
[isolated-plugin] shutting down worker for "nx/core/project-json" after createNodes
[NX v22.7.5 Daemon Server] - 2026-06-06T18:57:46.778Z - Time taken for 'build-project-configs' 1978.0653000000166ms
[NX v22.7.5 Daemon Server] - 2026-06-06T18:57:46.778Z - Time taken for 'createNodes:merge' 1.475800000014715ms
[NX v22.7.5 Daemon Server] - 2026-06-06T18:57:46.778Z - Time taken for 'get-all-workspace-files' 0.24930000002495944ms
[1m[33mTime taken for 'build typescript dependencies' 3.583599999999933ms[39m[22m
[isolated-plugin] shutting down worker for "nx/js/dependencies-and-lockfile" after createDependencies
[NX v22.7.5 Daemon Server] - 2026-06-06T18:57:46.801Z - [SYNC]: collect registered sync generators
[NX v22.7.5 Daemon Server] - 2026-06-06T18:57:46.802Z - [SYNC]: project graph hash is the same, not collecting task sync generators
[NX v22.7.5 Daemon Server] - 2026-06-06T18:57:46.802Z - [SYNC]: nx.json hash is the same, not collecting global sync generators
[NX v22.7.5 Daemon Server] - 2026-06-06T18:57:46.803Z - Time taken for 'total execution time for createProjectGraph()' 28.261799999978393ms
[NX v22.7.5 Daemon Server] - 2026-06-06T18:57:46.803Z - Time taken for 'createDependencies' 21.52650000003632ms
[NX v22.7.5 Daemon Server] - 2026-06-06T18:57:46.803Z - Time taken for 'nx/js/dependencies-and-lockfile:createDependencies' 21.39029999997001ms
[NX v22.7.5 Daemon Server] - 2026-06-06T18:57:46.803Z - Time taken for 'createMetadata' 0.012699999962933362ms
[NX v22.7.5 Daemon Server] - 2026-06-06T18:57:46.803Z - Time taken for 'serialize graph' 2.9464999999618158ms
DEBUG nx::native::telemetry::service: Sent 1 events: [nx/js/dependencies-and-lockfile:createDe]
[NX v22.7.5 Daemon Server] - 2026-06-06T18:58:00.138Z - [WATCHER]: apps/ledger-accounts-svc/package.json was modified
[NX v22.7.5 Daemon Server] - 2026-06-06T18:58:00.138Z - [WATCHER]: File changes detected:
Created:
(none)
Updated:
  - apps/ledger-accounts-svc/package.json
Deleted:
(none)
[NX v22.7.5 Daemon Server] - 2026-06-06T18:58:00.138Z - [SYNC]: clearing sync generators cache due to file changes
[NX v22.7.5 Daemon Server] - 2026-06-06T18:58:00.138Z - [WATCHER]: Processing file changes in outputs
[NX v22.7.5 Daemon Server] - 2026-06-06T18:58:00.343Z - [REQUEST]: Updated workspace context based on watched changes, recomputing project graph...
[NX v22.7.5 Daemon Server] - 2026-06-06T18:58:00.343Z - [REQUEST]: apps/ledger-accounts-svc/package.json
[NX v22.7.5 Daemon Server] - 2026-06-06T18:58:00.343Z - [REQUEST]: 
[plugin-client] restarting worker for "nx/js/dependencies-and-lockfile"
[isolated-plugin] spawned worker for "nx/js/dependencies-and-lockfile" (pid: 15220, socket: \\.\pipe\nx\C:\Users\ANGELA~1\AppData\Local\Temp\plugin15100-36-633043.5258.sock)
[plugin-client] restarting worker for "nx/core/package-json"
[isolated-plugin] spawned worker for "nx/core/package-json" (pid: 22872, socket: \\.\pipe\nx\C:\Users\ANGELA~1\AppData\Local\Temp\plugin15100-37-633056.1401.sock)
[plugin-client] restarting worker for "nx/core/project-json"
[isolated-plugin] spawned worker for "nx/core/project-json" (pid: 20256, socket: \\.\pipe\nx\C:\Users\ANGELA~1\AppData\Local\Temp\plugin15100-38-633065.7419.sock)
[NX v22.7.5 Daemon Server] - 2026-06-06T18:58:00.379Z - Time taken for 'hash changed files from watcher' 0.49750000005587935ms
[NX v22.7.5 Daemon Server] - 2026-06-06T18:58:00.966Z - [Server] lock file hash changed! old=7470411865220522128, new=6346195602824960912
[NX v22.7.5 Daemon Server] - 2026-06-06T18:58:00.966Z - [Server] Daemon outdated: LOCK_FILES_CHANGED
[NX v22.7.5 Daemon Server] - 2026-06-06T18:58:00.967Z - [Server] Restarting daemon...
[isolated-plugin] connected to worker for "nx/js/dependencies-and-lockfile" (pid: 15220)
[isolated-plugin] connected to worker for "nx/core/package-json" (pid: 22872)
[plugin-worker] "nx/js/dependencies-and-lockfile" (pid: 15220) listening on \\.\pipe\nx\C:\Users\ANGELA~1\AppData\Local\Temp\plugin15100-36-633043.5258.sock
[1m[33mTime taken for 'plugin worker 15220 code loading' 503.1937ms[39m[22m
[plugin-worker] "nx/js/dependencies-and-lockfile" (pid: 15220) connected
[plugin-worker] "nx/core/package-json" (pid: 22872) listening on \\.\pipe\nx\C:\Users\ANGELA~1\AppData\Local\Temp\plugin15100-37-633056.1401.sock
[1m[33mTime taken for 'plugin worker 22872 code loading' 503.023ms[39m[22m
[plugin-worker] "nx/core/project-json" (pid: 20256) listening on \\.\pipe\nx\C:\Users\ANGELA~1\AppData\Local\Temp\plugin15100-38-633065.7419.sock
[NX v22.7.5 Daemon Server] - 2026-06-06T18:58:00.975Z - Time taken for 'start-plugin-worker:nx/js/dependencies-and-lockfile' 628.7456999999704ms
[NX v22.7.5 Daemon Server] - 2026-06-06T18:58:00.975Z - Time taken for 'start-plugin-worker:nx/core/package-json' 617.0145000000484ms
[plugin-worker] "nx/core/package-json" (pid: 22872) connected
[NX v22.7.5 Daemon Server] - 2026-06-06T18:58:00.976Z - Restarting daemon with script: C:\Users\Angel Aubrey\Documents\stone-cap\Finance-System_Capstone-1\backend\node_modules\nx\dist\src\daemon\server\start.js
[NX v22.7.5 Daemon Server] - 2026-06-06T18:58:00.976Z - Old daemon __dirname: C:\Users\Angel Aubrey\Documents\stone-cap\Finance-System_Capstone-1\backend\node_modules\nx\dist\src\daemon\server
[NX v22.7.5 Daemon Server] - 2026-06-06T18:58:00.976Z - Current process.execPath: C:\Program Files\nodejs\node.exe
[NX v22.7.5 Daemon Server] - 2026-06-06T18:58:00.987Z - Started new daemon process in background
[isolated-plugin] connected to worker for "nx/core/project-json" (pid: 20256)
[1m[33mTime taken for 'plugin worker 20256 code loading' 494.06530000000004ms[39m[22m
[NX v22.7.5 Daemon Server] - 2026-06-06T18:58:00.994Z - [WATCHER]: Stopping the watcher for C:\Users\Angel Aubrey\Documents\stone-cap\Finance-System_Capstone-1\backend (sources)
[NX v22.7.5 Daemon Server] - 2026-06-06T18:58:00.994Z - [WATCHER]: Stopping the watcher for C:\Users\Angel Aubrey\Documents\stone-cap\Finance-System_Capstone-1\backend (sources)
[NX v22.7.5 Daemon Server] - 2026-06-06T18:58:00.994Z - Time taken for 'start-plugin-worker:nx/core/project-json' 626.5240000000922ms
[NX v22.7.5 Daemon Server] - 2026-06-06T18:58:00.995Z - [WATCHER]: Stopping the watcher for C:\Users\Angel Aubrey\Documents\stone-cap\Finance-System_Capstone-1\backend (outputs)
[NX v22.7.5 Daemon Server] - 2026-06-06T18:58:00.996Z - [LATEST-NX]: Cleaning up latest Nx installation from C:\Users\ANGELA~1\AppData\Local\Temp\tmp-15100-gEmKoZJyTDDt
[NX v22.7.5 Daemon Server] - 2026-06-06T18:58:01.000Z - Server stopped because: "LOCK_FILES_CHANGED"
Failed to flush telemetry: Telemetry channel closed
[NX v22.7.5 Daemon Server] - 2026-06-06T18:58:02.109Z - Time taken for 'workspace context init' 3.578300000000013ms
DEBUG nx::native::telemetry: Telemetry service initialized successfully
[NX v22.7.5 Daemon Server] - 2026-06-06T18:58:02.722Z - New daemon starting from: C:\Users\Angel Aubrey\Documents\stone-cap\Finance-System_Capstone-1\backend\node_modules\nx\dist\src\daemon\server\server.js
[NX v22.7.5 Daemon Server] - 2026-06-06T18:58:02.722Z - New daemon __dirname: C:\Users\Angel Aubrey\Documents\stone-cap\Finance-System_Capstone-1\backend\node_modules\nx\dist\src\daemon\server
[NX v22.7.5 Daemon Server] - 2026-06-06T18:58:02.722Z - New daemon nxVersion: 22.7.5
[NX v22.7.5 Daemon Server] - 2026-06-06T18:58:02.724Z - New daemon getInstalledNxVersion(): 22.7.5
[NX v22.7.5 Daemon Server] - 2026-06-06T18:58:02.728Z - [Server] Starting outdated check interval (20ms)
[NX v22.7.5 Daemon Server] - 2026-06-06T18:58:02.731Z - Started listening on: \\.\pipe\nx\C:\Users\ANGELA~1\AppData\Local\Temp\526a2e581fea3e67450b\d.sock
[NX v22.7.5 Daemon Server] - 2026-06-06T18:58:02.734Z - [WATCHER]: Subscribed to changes within: C:\Users\Angel Aubrey\Documents\stone-cap\Finance-System_Capstone-1\backend (native)
[NX v22.7.5 Daemon Server] - 2026-06-06T18:58:02.735Z - [LATEST-NX]: Pulling latest Nx...
[NX v22.7.5 Daemon Server] - 2026-06-06T18:58:02.752Z - [AI-AGENTS]: Starting agent configuration status computation
[isolated-plugin] spawned worker for "C:\Users\Angel Aubrey\Documents\stone-cap\Finance-System_Capstone-1\backend\node_modules\nx\dist\src\plugins\js" (pid: 3456, socket: \\.\pipe\nx\C:\Users\ANGELA~1\AppData\Local\Temp\plugin18512-0-1830.3046.sock)
[isolated-plugin] spawned worker for "C:\Users\Angel Aubrey\Documents\stone-cap\Finance-System_Capstone-1\backend\node_modules\nx\dist\src\plugins\package-json" (pid: 15568, socket: \\.\pipe\nx\C:\Users\ANGELA~1\AppData\Local\Temp\plugin18512-1-1842.0952.sock)
[isolated-plugin] spawned worker for "C:\Users\Angel Aubrey\Documents\stone-cap\Finance-System_Capstone-1\backend\node_modules\nx\dist\src\plugins\project-json\build-nodes\project-json" (pid: 14712, socket: \\.\pipe\nx\C:\Users\ANGELA~1\AppData\Local\Temp\plugin18512-2-1852.141.sock)
[NX v22.7.5 Daemon Server] - 2026-06-06T18:58:02.888Z - Time taken for 'loadSpecifiedNxPlugins' 31.750800000000027ms
[plugin-worker] "C:\Users\Angel Aubrey\Documents\stone-cap\Finance-System_Capstone-1\backend\node_modules\nx\dist\src\plugins\js" (pid: 3456) listening on \\.\pipe\nx\C:\Users\ANGELA~1\AppData\Local\Temp\plugin18512-0-1830.3046.sock
[1m[33mTime taken for 'plugin worker 3456 code loading' 448.9105ms[39m[22m
[isolated-plugin] connected to worker for "C:\Users\Angel Aubrey\Documents\stone-cap\Finance-System_Capstone-1\backend\node_modules\nx\dist\src\plugins\js" (pid: 3456)
[plugin-worker] "C:\Users\Angel Aubrey\Documents\stone-cap\Finance-System_Capstone-1\backend\node_modules\nx\dist\src\plugins\js" (pid: 3456) connected
[NX v22.7.5 Daemon Server] - 2026-06-06T18:58:03.395Z - Time taken for 'start-plugin-worker:C:\Users\Angel Aubrey\Documents\stone-cap\Finance-System_Capstone-1\backend\node_modules\nx\dist\src\plugins\js' 539.8311999999999ms
[plugin-worker] "C:\Users\Angel Aubrey\Documents\stone-cap\Finance-System_Capstone-1\backend\node_modules\nx\dist\src\plugins\package-json" (pid: 15568) listening on \\.\pipe\nx\C:\Users\ANGELA~1\AppData\Local\Temp\plugin18512-1-1842.0952.sock
[plugin-worker] "C:\Users\Angel Aubrey\Documents\stone-cap\Finance-System_Capstone-1\backend\node_modules\nx\dist\src\plugins\project-json\build-nodes\project-json" (pid: 14712) listening on \\.\pipe\nx\C:\Users\ANGELA~1\AppData\Local\Temp\plugin18512-2-1852.141.sock
[1m[33mTime taken for 'plugin worker 14712 code loading' 436.7231ms[39m[22m
[1m[33mTime taken for 'plugin worker 15568 code loading' 453.5009ms[39m[22m
[isolated-plugin] connected to worker for "C:\Users\Angel Aubrey\Documents\stone-cap\Finance-System_Capstone-1\backend\node_modules\nx\dist\src\plugins\package-json" (pid: 15568)
[isolated-plugin] connected to worker for "C:\Users\Angel Aubrey\Documents\stone-cap\Finance-System_Capstone-1\backend\node_modules\nx\dist\src\plugins\project-json\build-nodes\project-json" (pid: 14712)
[plugin-worker] "C:\Users\Angel Aubrey\Documents\stone-cap\Finance-System_Capstone-1\backend\node_modules\nx\dist\src\plugins\project-json\build-nodes\project-json" (pid: 14712) connected
[plugin-worker] "C:\Users\Angel Aubrey\Documents\stone-cap\Finance-System_Capstone-1\backend\node_modules\nx\dist\src\plugins\package-json" (pid: 15568) connected
[NX v22.7.5 Daemon Server] - 2026-06-06T18:58:03.409Z - Time taken for 'start-plugin-worker:C:\Users\Angel Aubrey\Documents\stone-cap\Finance-System_Capstone-1\backend\node_modules\nx\dist\src\plugins\package-json' 542.3699000000001ms
[NX v22.7.5 Daemon Server] - 2026-06-06T18:58:03.409Z - Time taken for 'start-plugin-worker:C:\Users\Angel Aubrey\Documents\stone-cap\Finance-System_Capstone-1\backend\node_modules\nx\dist\src\plugins\project-json\build-nodes\project-json' 532.9058ms
[plugin-worker] "C:\Users\Angel Aubrey\Documents\stone-cap\Finance-System_Capstone-1\backend\node_modules\nx\dist\src\plugins\project-json\build-nodes\project-json" (pid: 14712) loaded successfully
[NX v22.7.5 Daemon Server] - 2026-06-06T18:58:03.565Z - Time taken for 'Load Nx Plugin: C:\Users\Angel Aubrey\Documents\stone-cap\Finance-System_Capstone-1\backend\node_modules\nx\dist\src\plugins\project-json\build-nodes\project-json' 713.2013ms
[plugin-worker] "C:\Users\Angel Aubrey\Documents\stone-cap\Finance-System_Capstone-1\backend\node_modules\nx\dist\src\plugins\package-json" (pid: 15568) loaded successfully
[plugin-worker] "C:\Users\Angel Aubrey\Documents\stone-cap\Finance-System_Capstone-1\backend\node_modules\nx\dist\src\plugins\js" (pid: 3456) loaded successfully
[NX v22.7.5 Daemon Server] - 2026-06-06T18:58:03.574Z - Time taken for 'Load Nx Plugin: C:\Users\Angel Aubrey\Documents\stone-cap\Finance-System_Capstone-1\backend\node_modules\nx\dist\src\plugins\package-json' 722.96ms
[NX v22.7.5 Daemon Server] - 2026-06-06T18:58:03.579Z - [REQUEST]: Updated workspace context based on watched changes, recomputing project graph...
[NX v22.7.5 Daemon Server] - 2026-06-06T18:58:03.579Z - [REQUEST]: 
[NX v22.7.5 Daemon Server] - 2026-06-06T18:58:03.579Z - [REQUEST]: 
[NX v22.7.5 Daemon Server] - 2026-06-06T18:58:03.589Z - Time taken for 'loadDefaultNxPlugins' 728.3533ms
[NX v22.7.5 Daemon Server] - 2026-06-06T18:58:03.589Z - Time taken for 'Load Nx Plugin: C:\Users\Angel Aubrey\Documents\stone-cap\Finance-System_Capstone-1\backend\node_modules\nx\dist\src\plugins\js' 727.9492ms
[NX v22.7.5 Daemon Server] - 2026-06-06T18:58:03.589Z - Time taken for 'hash changed files from watcher' 0.218199999999797ms
[1m[33mTime taken for 'nx/core/project-json:createNodes' 0.23739999999997963ms[39m[22m
[isolated-plugin] shutting down worker for "nx/core/project-json" after createNodes
[1m[33mTime taken for 'nx/core/package-json:createNodes' 15.01780000000008ms[39m[22m
[isolated-plugin] shutting down worker for "nx/core/package-json" after createNodes
[1m[33mTime taken for 'nx/js/dependencies-and-lockfile:createNodes' 16.616700000000037ms[39m[22m
[NX v22.7.5 Daemon Server] - 2026-06-06T18:58:04.218Z - Time taken for 'build-project-configs' 596.9139999999998ms
[NX v22.7.5 Daemon Server] - 2026-06-06T18:58:04.218Z - Time taken for 'createNodes:merge' 5.907799999999952ms
[NX v22.7.5 Daemon Server] - 2026-06-06T18:58:04.218Z - Time taken for 'native-file-deps' 0.020899999999983265ms
[NX v22.7.5 Daemon Server] - 2026-06-06T18:58:04.218Z - Time taken for 'get-workspace-files' 13.147899999999936ms
[NX v22.7.5 Daemon Server] - 2026-06-06T18:58:04.218Z - Time taken for 'get-all-workspace-files' 0.23059999999986758ms
[NX v22.7.5 Daemon Server] - 2026-06-06T18:58:04.218Z - Time taken for 'read cache' 0.6467000000002372ms
[1m[33mTime taken for 'build typescript dependencies' 18.716499999999996ms[39m[22m
[isolated-plugin] shutting down worker for "nx/js/dependencies-and-lockfile" after createDependencies
[NX v22.7.5 Daemon Server] - 2026-06-06T18:58:04.289Z - [SYNC]: collect registered sync generators
[NX v22.7.5 Daemon Server] - 2026-06-06T18:58:04.291Z - Time taken for 'total execution time for createProjectGraph()' 80.77259999999978ms
[NX v22.7.5 Daemon Server] - 2026-06-06T18:58:04.291Z - Time taken for 'createDependencies' 68.87559999999985ms
[NX v22.7.5 Daemon Server] - 2026-06-06T18:58:04.291Z - Time taken for 'nx/js/dependencies-and-lockfile:createDependencies' 68.58689999999979ms
[NX v22.7.5 Daemon Server] - 2026-06-06T18:58:04.291Z - Time taken for 'createMetadata' 0.04500000000007276ms
[NX v22.7.5 Daemon Server] - 2026-06-06T18:58:04.291Z - Time taken for 'serialize graph' 2.726199999999608ms
DEBUG nx::native::telemetry::service: Sent 1 events: [nx/js/dependencies-and-lockfile:createDe]
Fetching nx...
[NX v22.7.5 Daemon Server] - 2026-06-06T18:58:21.036Z - [LATEST-NX]: Successfully pulled latest Nx to C:\Users\ANGELA~1\AppData\Local\Temp\tmp-18512-8OIHPs0TUKJz
[NX v22.7.5 Daemon Server] - 2026-06-06T18:58:21.037Z - [NX-CONSOLE]: Using local implementation (NX_USE_LOCAL=true or inner call)
[NX v22.7.5 Daemon Server] - 2026-06-06T18:58:21.038Z - [AI-AGENTS]: Failed to compute agent configuration status from latest Nx. Error: Only URLs with a scheme in: file, data, and node are supported by the default ESM loader. On Windows, absolute paths must be valid file:// URLs. Received protocol 'c:'
DEBUG nx::native::ide::install: Detected editor: VSCode
DEBUG nx::native::ide::install: Checking if Nx Console extension is installed with: code.cmd --list-extensions
[NX v22.7.5 Daemon Server] - 2026-06-06T18:58:21.038Z - [AI-AGENTS]: Agent configuration status computation completed: 0 fully configured, 0 outdated, 0 partially configured, 0 non-configured
DEBUG nx::native::ide::install: Nx Console extension is not installed
[NX v22.7.5 Daemon Server] - 2026-06-06T18:58:21.756Z - [NX-CONSOLE]: Console status check completed, shouldPrompt: true
[NX v22.7.5 Daemon Server] - 2026-06-06T18:59:41.580Z - [WATCHER]: 0 file(s) created or restored, 0 file(s) modified, 0 file(s) deleted
[NX v22.7.5 Daemon Server] - 2026-06-06T18:59:41.636Z - [WATCHER]: 0 file(s) created or restored, 0 file(s) modified, 0 file(s) deleted
[NX v22.7.5 Daemon Server] - 2026-06-06T18:59:41.698Z - [WATCHER]: 13 file(s) created or restored, 0 file(s) modified, 0 file(s) deleted
[NX v22.7.5 Daemon Server] - 2026-06-06T18:59:41.700Z - [WATCHER]: File changes detected:
Created:
  - apps/ledger-accounts-svc/dist/main.d.ts
  - apps/ledger-accounts-svc/dist/main.js.map
  - apps/ledger-accounts-svc/dist/app.module.js
  - apps/ledger-accounts-svc/dist/funds/funds.module.d.ts
  - apps/ledger-accounts-svc/dist/funds/funds.controller.d.ts
  - apps/ledger-accounts-svc/dist/main.js
  - apps/ledger-accounts-svc/dist/funds/funds.controller.js.map
  - apps/ledger-accounts-svc/dist/funds/funds.service.d.ts
  - apps/ledger-accounts-svc/dist/app.module.d.ts
  - apps/ledger-accounts-svc/dist/funds/funds.controller.js
  ... and 3 more
Updated:
(none)
Deleted:
(none)
[NX v22.7.5 Daemon Server] - 2026-06-06T18:59:41.700Z - [SYNC]: clearing sync generators cache due to file changes
[NX v22.7.5 Daemon Server] - 2026-06-06T18:59:41.700Z - [WATCHER]: Processing file changes in outputs
[NX v22.7.5 Daemon Server] - 2026-06-06T18:59:41.775Z - [WATCHER]: Processing file changes in outputs
[NX v22.7.5 Daemon Server] - 2026-06-06T18:59:41.776Z - [WATCHER]: apps/ledger-accounts-svc/dist/tsconfig.build.tsbuildinfo was created or restored
[NX v22.7.5 Daemon Server] - 2026-06-06T18:59:41.776Z - [WATCHER]: File changes detected:
Created:
  - apps/ledger-accounts-svc/dist/tsconfig.build.tsbuildinfo
Updated:
(none)
Deleted:
(none)
[NX v22.7.5 Daemon Server] - 2026-06-06T18:59:41.776Z - [SYNC]: clearing sync generators cache due to file changes
[NX v22.7.5 Daemon Server] - 2026-06-06T18:59:41.794Z - [REQUEST]: Updated workspace context based on watched changes, recomputing project graph...
[NX v22.7.5 Daemon Server] - 2026-06-06T18:59:41.794Z - [REQUEST]: apps/ledger-accounts-svc/dist/main.d.ts,apps/ledger-accounts-svc/dist/main.js.map,apps/ledger-accounts-svc/dist/app.module.js,apps/ledger-accounts-svc/dist/funds/funds.module.d.ts,apps/ledger-accounts-svc/dist/funds/funds.controller.d.ts,apps/ledger-accounts-svc/dist/main.js,apps/ledger-accounts-svc/dist/funds/funds.controller.js.map,apps/ledger-accounts-svc/dist/funds/funds.service.d.ts,apps/ledger-accounts-svc/dist/app.module.d.ts,apps/ledger-accounts-svc/dist/funds/funds.controller.js,apps/ledger-accounts-svc/dist/funds/funds.module.js.map,apps/ledger-accounts-svc/dist/funds/funds.module.js,apps/ledger-accounts-svc/dist/app.module.js.map,apps/ledger-accounts-svc/dist/tsconfig.build.tsbuildinfo
[NX v22.7.5 Daemon Server] - 2026-06-06T18:59:41.794Z - [REQUEST]: 
[plugin-client] restarting worker for "nx/js/dependencies-and-lockfile"
[isolated-plugin] spawned worker for "nx/js/dependencies-and-lockfile" (pid: 14016, socket: \\.\pipe\nx\C:\Users\ANGELA~1\AppData\Local\Temp\plugin18512-3-100773.835.sock)
[plugin-client] restarting worker for "nx/core/package-json"
[isolated-plugin] spawned worker for "nx/core/package-json" (pid: 20556, socket: \\.\pipe\nx\C:\Users\ANGELA~1\AppData\Local\Temp\plugin18512-4-100784.5498.sock)
[plugin-client] restarting worker for "nx/core/project-json"
[isolated-plugin] spawned worker for "nx/core/project-json" (pid: 10664, socket: \\.\pipe\nx\C:\Users\ANGELA~1\AppData\Local\Temp\plugin18512-5-100791.5416.sock)
[NX v22.7.5 Daemon Server] - 2026-06-06T18:59:41.822Z - Time taken for 'hash changed files from watcher' 1.251799999998184ms
[NX v22.7.5 Daemon Server] - 2026-06-06T18:59:42.191Z - [WATCHER]: 0 file(s) created or restored, 0 file(s) modified, 0 file(s) deleted
[plugin-worker] "nx/js/dependencies-and-lockfile" (pid: 14016) listening on \\.\pipe\nx\C:\Users\ANGELA~1\AppData\Local\Temp\plugin18512-3-100773.835.sock
[isolated-plugin] connected to worker for "nx/js/dependencies-and-lockfile" (pid: 14016)
[1m[33mTime taken for 'plugin worker 14016 code loading' 444.1621ms[39m[22m
[plugin-worker] "nx/js/dependencies-and-lockfile" (pid: 14016) connected
[plugin-worker] "nx/core/package-json" (pid: 20556) listening on \\.\pipe\nx\C:\Users\ANGELA~1\AppData\Local\Temp\plugin18512-4-100784.5498.sock
[NX v22.7.5 Daemon Server] - 2026-06-06T18:59:42.325Z - Time taken for 'start-plugin-worker:nx/js/dependencies-and-lockfile' 526.5467999999964ms
[1m[33mTime taken for 'plugin worker 20556 code loading' 436.5402ms[39m[22m
[plugin-worker] "nx/core/project-json" (pid: 10664) listening on \\.\pipe\nx\C:\Users\ANGELA~1\AppData\Local\Temp\plugin18512-5-100791.5416.sock
[isolated-plugin] connected to worker for "nx/core/project-json" (pid: 10664)
[NX v22.7.5 Daemon Server] - 2026-06-06T18:59:42.335Z - Time taken for 'start-plugin-worker:nx/core/project-json' 519.914300000004ms
[isolated-plugin] connected to worker for "nx/core/package-json" (pid: 20556)
[plugin-worker] "nx/core/project-json" (pid: 10664) connected
[NX v22.7.5 Daemon Server] - 2026-06-06T18:59:42.336Z - Time taken for 'start-plugin-worker:nx/core/package-json' 528.4324000000051ms
[plugin-worker] "nx/core/package-json" (pid: 20556) connected
[1m[33mTime taken for 'plugin worker 10664 code loading' 439.40160000000003ms[39m[22m
[NX v22.7.5 Daemon Server] - 2026-06-06T18:59:42.403Z - [REQUEST]: Updated workspace context based on watched changes, recomputing project graph...
[NX v22.7.5 Daemon Server] - 2026-06-06T18:59:42.403Z - [REQUEST]: apps/ledger-accounts-svc/dist/main.d.ts,apps/ledger-accounts-svc/dist/main.js.map,apps/ledger-accounts-svc/dist/app.module.js,apps/ledger-accounts-svc/dist/funds/funds.module.d.ts,apps/ledger-accounts-svc/dist/funds/funds.controller.d.ts,apps/ledger-accounts-svc/dist/main.js,apps/ledger-accounts-svc/dist/funds/funds.controller.js.map,apps/ledger-accounts-svc/dist/funds/funds.service.d.ts,apps/ledger-accounts-svc/dist/app.module.d.ts,apps/ledger-accounts-svc/dist/funds/funds.controller.js,apps/ledger-accounts-svc/dist/funds/funds.module.js.map,apps/ledger-accounts-svc/dist/funds/funds.module.js,apps/ledger-accounts-svc/dist/app.module.js.map,apps/ledger-accounts-svc/dist/tsconfig.build.tsbuildinfo
[NX v22.7.5 Daemon Server] - 2026-06-06T18:59:42.403Z - [REQUEST]: 
[NX v22.7.5 Daemon Server] - 2026-06-06T18:59:42.406Z - Time taken for 'hash changed files from watcher' 1.1766999999963446ms
[plugin-worker] "nx/core/project-json" (pid: 10664) loaded successfully
[plugin-worker] "nx/js/dependencies-and-lockfile" (pid: 14016) loaded successfully
[plugin-worker] "nx/core/package-json" (pid: 20556) loaded successfully
[1m[33mTime taken for 'nx/core/project-json:createNodes' 0.1695999999999458ms[39m[22m
[1m[33mTime taken for 'nx/core/project-json:createNodes' 0.427599999999984ms[39m[22m
[isolated-plugin] shutting down worker for "nx/core/project-json" after createNodes
[1m[33mTime taken for 'nx/js/dependencies-and-lockfile:createNodes' 6.910600000000159ms[39m[22m
[1m[33mTime taken for 'nx/js/dependencies-and-lockfile:createNodes' 7.052500000000009ms[39m[22m
[1m[33mTime taken for 'nx/core/package-json:createNodes' 6.385199999999941ms[39m[22m
[1m[33mTime taken for 'nx/core/package-json:createNodes' 6.532200000000103ms[39m[22m
[isolated-plugin] shutting down worker for "nx/core/package-json" after createNodes
[NX v22.7.5 Daemon Server] - 2026-06-06T18:59:43.233Z - Time taken for 'build-project-configs' 804.5769ms
[NX v22.7.5 Daemon Server] - 2026-06-06T18:59:43.233Z - Time taken for 'build-project-configs' 805.7881000000052ms
[NX v22.7.5 Daemon Server] - 2026-06-06T18:59:43.233Z - Time taken for 'createNodes:merge' 1.8435000000026776ms
[NX v22.7.5 Daemon Server] - 2026-06-06T18:59:43.233Z - Time taken for 'createNodes:merge' 1.1304999999993015ms
[NX v22.7.5 Daemon Server] - 2026-06-06T18:59:43.233Z - Time taken for 'get-all-workspace-files' 0.2104000000108499ms
[1m[33mTime taken for 'build typescript dependencies' 2.5283999999999196ms[39m[22m
[isolated-plugin] shutting down worker for "nx/js/dependencies-and-lockfile" after createDependencies
[NX v22.7.5 Daemon Server] - 2026-06-06T18:59:43.254Z - [SYNC]: collect registered sync generators
[NX v22.7.5 Daemon Server] - 2026-06-06T18:59:43.256Z - [SYNC]: project graph hash is the same, not collecting task sync generators
[NX v22.7.5 Daemon Server] - 2026-06-06T18:59:43.256Z - [SYNC]: nx.json hash is the same, not collecting global sync generators
[NX v22.7.5 Daemon Server] - 2026-06-06T18:59:43.257Z - [SYNC]: collect registered sync generators
[NX v22.7.5 Daemon Server] - 2026-06-06T18:59:43.258Z - [SYNC]: project graph hash is the same, not collecting task sync generators
[NX v22.7.5 Daemon Server] - 2026-06-06T18:59:43.258Z - [SYNC]: nx.json hash is the same, not collecting global sync generators
[NX v22.7.5 Daemon Server] - 2026-06-06T18:59:43.259Z - Time taken for 'total execution time for createProjectGraph()' 27.10669999998936ms
[NX v22.7.5 Daemon Server] - 2026-06-06T18:59:43.259Z - Time taken for 'createDependencies' 19.36359999999695ms
[NX v22.7.5 Daemon Server] - 2026-06-06T18:59:43.259Z - Time taken for 'nx/js/dependencies-and-lockfile:createDependencies' 19.130999999993946ms
[NX v22.7.5 Daemon Server] - 2026-06-06T18:59:43.259Z - Time taken for 'createMetadata' 0.0976000000082422ms
[NX v22.7.5 Daemon Server] - 2026-06-06T18:59:43.259Z - Time taken for 'serialize graph' 1.9167000000015832ms
DEBUG nx::native::telemetry::service: Sent 1 events: [nx/js/dependencies-and-lockfile:createDe]
[NX v22.7.5 Daemon Server] - 2026-06-06T19:04:59.991Z - [WATCHER]: apps/ledger-accounts-svc/tsconfig.json was modified
[NX v22.7.5 Daemon Server] - 2026-06-06T19:04:59.991Z - [WATCHER]: File changes detected:
Created:
(none)
Updated:
  - apps/ledger-accounts-svc/tsconfig.json
Deleted:
(none)
[NX v22.7.5 Daemon Server] - 2026-06-06T19:04:59.992Z - [SYNC]: clearing sync generators cache due to file changes
[NX v22.7.5 Daemon Server] - 2026-06-06T19:04:59.992Z - [WATCHER]: Processing file changes in outputs
[NX v22.7.5 Daemon Server] - 2026-06-06T19:05:00.253Z - [WATCHER]: Processing file changes in outputs
[NX v22.7.5 Daemon Server] - 2026-06-06T19:05:00.254Z - [WATCHER]: apps/ledger-accounts-svc/nest-cli.json was modified
[NX v22.7.5 Daemon Server] - 2026-06-06T19:05:00.254Z - [WATCHER]: File changes detected:
Created:
(none)
Updated:
  - apps/ledger-accounts-svc/nest-cli.json
Deleted:
(none)
[NX v22.7.5 Daemon Server] - 2026-06-06T19:05:00.254Z - [SYNC]: clearing sync generators cache due to file changes
[NX v22.7.5 Daemon Server] - 2026-06-06T19:05:00.408Z - [REQUEST]: Updated workspace context based on watched changes, recomputing project graph...
[NX v22.7.5 Daemon Server] - 2026-06-06T19:05:00.408Z - [REQUEST]: apps/ledger-accounts-svc/tsconfig.json,apps/ledger-accounts-svc/nest-cli.json
[NX v22.7.5 Daemon Server] - 2026-06-06T19:05:00.408Z - [REQUEST]: 
[plugin-client] restarting worker for "nx/js/dependencies-and-lockfile"
[isolated-plugin] spawned worker for "nx/js/dependencies-and-lockfile" (pid: 11960, socket: \\.\pipe\nx\C:\Users\ANGELA~1\AppData\Local\Temp\plugin18512-6-419399.9944.sock)
[plugin-client] restarting worker for "nx/core/package-json"
[isolated-plugin] spawned worker for "nx/core/package-json" (pid: 11996, socket: \\.\pipe\nx\C:\Users\ANGELA~1\AppData\Local\Temp\plugin18512-7-419416.9105.sock)
[plugin-client] restarting worker for "nx/core/project-json"
[isolated-plugin] spawned worker for "nx/core/project-json" (pid: 20540, socket: \\.\pipe\nx\C:\Users\ANGELA~1\AppData\Local\Temp\plugin18512-8-419428.8128.sock)
[NX v22.7.5 Daemon Server] - 2026-06-06T19:05:00.467Z - Time taken for 'hash changed files from watcher' 3.595300000044517ms
[plugin-worker] "nx/core/project-json" (pid: 20540) listening on \\.\pipe\nx\C:\Users\ANGELA~1\AppData\Local\Temp\plugin18512-8-419428.8128.sock
[1m[33mTime taken for 'plugin worker 20540 code loading' 1087.0861ms[39m[22m
[plugin-worker] "nx/core/package-json" (pid: 11996) listening on \\.\pipe\nx\C:\Users\ANGELA~1\AppData\Local\Temp\plugin18512-7-419416.9105.sock
[isolated-plugin] connected to worker for "nx/core/project-json" (pid: 20540)
[isolated-plugin] connected to worker for "nx/js/dependencies-and-lockfile" (pid: 11960)
[isolated-plugin] connected to worker for "nx/core/package-json" (pid: 11996)
[plugin-worker] "nx/js/dependencies-and-lockfile" (pid: 11960) listening on \\.\pipe\nx\C:\Users\ANGELA~1\AppData\Local\Temp\plugin18512-6-419399.9944.sock
[plugin-worker] "nx/js/dependencies-and-lockfile" (pid: 11960) connected
[1m[33mTime taken for 'plugin worker 11960 code loading' 1120.7764ms[39m[22m
[plugin-worker] "nx/core/project-json" (pid: 20540) connected
[1m[33mTime taken for 'plugin worker 11996 code loading' 1121.3328ms[39m[22m
[plugin-worker] "nx/core/package-json" (pid: 11996) connected
[NX v22.7.5 Daemon Server] - 2026-06-06T19:05:01.668Z - Time taken for 'start-plugin-worker:nx/js/dependencies-and-lockfile' 1243.3680000000168ms
[NX v22.7.5 Daemon Server] - 2026-06-06T19:05:01.668Z - Time taken for 'start-plugin-worker:nx/core/package-json' 1227.109300000011ms
[NX v22.7.5 Daemon Server] - 2026-06-06T19:05:01.668Z - Time taken for 'start-plugin-worker:nx/core/project-json' 1212.2850999999791ms
[plugin-worker] "nx/core/project-json" (pid: 20540) loaded successfully
[plugin-worker] "nx/core/package-json" (pid: 11996) loaded successfully
[plugin-worker] "nx/js/dependencies-and-lockfile" (pid: 11960) loaded successfully
[1m[33mTime taken for 'nx/core/project-json:createNodes' 0.43879999999990105ms[39m[22m
[isolated-plugin] shutting down worker for "nx/core/project-json" after createNodes
[1m[33mTime taken for 'nx/core/package-json:createNodes' 33.05380000000014ms[39m[22m
[isolated-plugin] shutting down worker for "nx/core/package-json" after createNodes
[1m[33mTime taken for 'nx/js/dependencies-and-lockfile:createNodes' 17.606900000000223ms[39m[22m
[NX v22.7.5 Daemon Server] - 2026-06-06T19:05:03.059Z - Time taken for 'build-project-configs' 2616.970699999947ms
[NX v22.7.5 Daemon Server] - 2026-06-06T19:05:03.059Z - Time taken for 'createNodes:merge' 3.162899999995716ms
[NX v22.7.5 Daemon Server] - 2026-06-06T19:05:03.059Z - Time taken for 'get-all-workspace-files' 0.29769999999552965ms
[1m[33mTime taken for 'build typescript dependencies' 5.166800000000421ms[39m[22m
[isolated-plugin] shutting down worker for "nx/js/dependencies-and-lockfile" after createDependencies
[NX v22.7.5 Daemon Server] - 2026-06-06T19:05:03.104Z - [SYNC]: collect registered sync generators
[NX v22.7.5 Daemon Server] - 2026-06-06T19:05:03.107Z - [SYNC]: project graph hash is the same, not collecting task sync generators
[NX v22.7.5 Daemon Server] - 2026-06-06T19:05:03.107Z - [SYNC]: nx.json hash is the same, not collecting global sync generators
[NX v22.7.5 Daemon Server] - 2026-06-06T19:05:03.107Z - Time taken for 'total execution time for createProjectGraph()' 58.2045999999973ms
[NX v22.7.5 Daemon Server] - 2026-06-06T19:05:03.108Z - Time taken for 'createDependencies' 41.49650000000838ms
[NX v22.7.5 Daemon Server] - 2026-06-06T19:05:03.108Z - Time taken for 'nx/js/dependencies-and-lockfile:createDependencies' 41.198099999979604ms
[NX v22.7.5 Daemon Server] - 2026-06-06T19:05:03.108Z - Time taken for 'createMetadata' 0.1516999999876134ms
[NX v22.7.5 Daemon Server] - 2026-06-06T19:05:03.108Z - Time taken for 'serialize graph' 3.9249000000418164ms
DEBUG nx::native::telemetry::service: Sent 1 events: [nx/js/dependencies-and-lockfile:createDe]
[NX v22.7.5 Daemon Server] - 2026-06-06T19:05:07.798Z - [WATCHER]: apps/ledger-accounts-svc/package.json was modified
[NX v22.7.5 Daemon Server] - 2026-06-06T19:05:07.799Z - [WATCHER]: File changes detected:
Created:
(none)
Updated:
  - apps/ledger-accounts-svc/package.json
Deleted:
(none)
[NX v22.7.5 Daemon Server] - 2026-06-06T19:05:07.799Z - [SYNC]: clearing sync generators cache due to file changes
[NX v22.7.5 Daemon Server] - 2026-06-06T19:05:07.799Z - [WATCHER]: Processing file changes in outputs
[NX v22.7.5 Daemon Server] - 2026-06-06T19:05:08.608Z - [REQUEST]: Updated workspace context based on watched changes, recomputing project graph...
[NX v22.7.5 Daemon Server] - 2026-06-06T19:05:08.608Z - [REQUEST]: apps/ledger-accounts-svc/package.json
[NX v22.7.5 Daemon Server] - 2026-06-06T19:05:08.608Z - [REQUEST]: 
[plugin-client] restarting worker for "nx/js/dependencies-and-lockfile"
[isolated-plugin] spawned worker for "nx/js/dependencies-and-lockfile" (pid: 25004, socket: \\.\pipe\nx\C:\Users\ANGELA~1\AppData\Local\Temp\plugin18512-9-427587.1286.sock)
[plugin-client] restarting worker for "nx/core/package-json"
[isolated-plugin] spawned worker for "nx/core/package-json" (pid: 13548, socket: \\.\pipe\nx\C:\Users\ANGELA~1\AppData\Local\Temp\plugin18512-10-427598.6237.sock)
[plugin-client] restarting worker for "nx/core/project-json"
[isolated-plugin] spawned worker for "nx/core/project-json" (pid: 19836, socket: \\.\pipe\nx\C:\Users\ANGELA~1\AppData\Local\Temp\plugin18512-11-427609.4692.sock)
[NX v22.7.5 Daemon Server] - 2026-06-06T19:05:08.644Z - Time taken for 'hash changed files from watcher' 1.1280999999726191ms
[plugin-worker] "nx/core/package-json" (pid: 13548) listening on \\.\pipe\nx\C:\Users\ANGELA~1\AppData\Local\Temp\plugin18512-10-427598.6237.sock
[isolated-plugin] connected to worker for "nx/core/package-json" (pid: 13548)
[1m[33mTime taken for 'plugin worker 13548 code loading' 634.8636ms[39m[22m
[plugin-worker] "nx/js/dependencies-and-lockfile" (pid: 25004) listening on \\.\pipe\nx\C:\Users\ANGELA~1\AppData\Local\Temp\plugin18512-9-427587.1286.sock
[NX v22.7.5 Daemon Server] - 2026-06-06T19:05:09.359Z - Time taken for 'start-plugin-worker:nx/core/package-json' 736.8507999999565ms
[plugin-worker] "nx/core/package-json" (pid: 13548) connected
[1m[33mTime taken for 'plugin worker 25004 code loading' 650.9737ms[39m[22m
[isolated-plugin] connected to worker for "nx/js/dependencies-and-lockfile" (pid: 25004)
[plugin-worker] "nx/js/dependencies-and-lockfile" (pid: 25004) connected
[NX v22.7.5 Daemon Server] - 2026-06-06T19:05:09.378Z - Time taken for 'start-plugin-worker:nx/js/dependencies-and-lockfile' 767.2710000000079ms
[plugin-worker] "nx/core/project-json" (pid: 19836) listening on \\.\pipe\nx\C:\Users\ANGELA~1\AppData\Local\Temp\plugin18512-11-427609.4692.sock
[isolated-plugin] connected to worker for "nx/core/project-json" (pid: 19836)
[NX v22.7.5 Daemon Server] - 2026-06-06T19:05:09.389Z - Time taken for 'start-plugin-worker:nx/core/project-json' 756.6223999999929ms
[plugin-worker] "nx/core/project-json" (pid: 19836) connected
[1m[33mTime taken for 'plugin worker 19836 code loading' 649.538ms[39m[22m
[plugin-worker] "nx/core/package-json" (pid: 13548) loaded successfully
[plugin-worker] "nx/core/project-json" (pid: 19836) loaded successfully
[plugin-worker] "nx/js/dependencies-and-lockfile" (pid: 25004) loaded successfully
[1m[33mTime taken for 'nx/core/project-json:createNodes' 0.32120000000008986ms[39m[22m
[isolated-plugin] shutting down worker for "nx/core/project-json" after createNodes
[1m[33mTime taken for 'nx/core/package-json:createNodes' 20.18060000000014ms[39m[22m
[isolated-plugin] shutting down worker for "nx/core/package-json" after createNodes
[1m[33mTime taken for 'nx/js/dependencies-and-lockfile:createNodes' 10.879699999999957ms[39m[22m
[NX v22.7.5 Daemon Server] - 2026-06-06T19:05:10.376Z - Time taken for 'build-project-configs' 1756.5401999999885ms
[NX v22.7.5 Daemon Server] - 2026-06-06T19:05:10.376Z - Time taken for 'createNodes:merge' 1.2515000000130385ms
[NX v22.7.5 Daemon Server] - 2026-06-06T19:05:10.376Z - Time taken for 'native-file-deps' 0.008400000049732625ms
[NX v22.7.5 Daemon Server] - 2026-06-06T19:05:10.376Z - Time taken for 'get-workspace-files' 0.9417000000248663ms
[NX v22.7.5 Daemon Server] - 2026-06-06T19:05:10.376Z - Time taken for 'get-all-workspace-files' 0.20429999998304993ms
[1m[33mTime taken for 'build typescript dependencies' 63.90890000000013ms[39m[22m
[isolated-plugin] shutting down worker for "nx/js/dependencies-and-lockfile" after createDependencies
[NX v22.7.5 Daemon Server] - 2026-06-06T19:05:10.463Z - [SYNC]: collect registered sync generators
[NX v22.7.5 Daemon Server] - 2026-06-06T19:05:10.464Z - [SYNC]: nx.json hash is the same, not collecting global sync generators
[NX v22.7.5 Daemon Server] - 2026-06-06T19:05:10.464Z - Time taken for 'total execution time for createProjectGraph()' 93.31489999999758ms
[NX v22.7.5 Daemon Server] - 2026-06-06T19:05:10.464Z - Time taken for 'createDependencies' 86.47430000000168ms
[NX v22.7.5 Daemon Server] - 2026-06-06T19:05:10.464Z - Time taken for 'nx/js/dependencies-and-lockfile:createDependencies' 86.21679999999469ms
[NX v22.7.5 Daemon Server] - 2026-06-06T19:05:10.464Z - Time taken for 'createMetadata' 0.023999999975785613ms
[NX v22.7.5 Daemon Server] - 2026-06-06T19:05:10.464Z - Time taken for 'serialize graph' 2.026700000045821ms
DEBUG nx::native::telemetry::service: Sent 1 events: [nx/js/dependencies-and-lockfile:createDe]
[NX v22.7.5 Daemon Server] - 2026-06-06T19:05:21.698Z - [WATCHER]: Processing file changes in outputs
[NX v22.7.5 Daemon Server] - 2026-06-06T19:05:21.699Z - [WATCHER]: 0 file(s) created or restored, 0 file(s) modified, 28 file(s) deleted
[NX v22.7.5 Daemon Server] - 2026-06-06T19:05:21.699Z - [WATCHER]: File changes detected:
Created:
(none)
Updated:
(none)
Deleted:
  - apps/ledger-accounts-svc/dist/app.controller.js.map
  - apps/ledger-accounts-svc/dist/main.js.map
  - apps/ledger-accounts-svc/dist/funds/funds.module.js.map
  - apps/ledger-accounts-svc/dist/funds
  - apps/ledger-accounts-svc/dist/tsconfig.build.tsbuildinfo
  - apps/ledger-accounts-svc/dist/app.controller.d.ts
  - apps/ledger-accounts-svc/dist/app.service.js.map
  - apps/ledger-accounts-svc/dist/prisma.service.js
  - apps/ledger-accounts-svc/dist/funds/funds.controller.js
  - apps/ledger-accounts-svc/dist/app.module.js.map
  ... and 18 more
[NX v22.7.5 Daemon Server] - 2026-06-06T19:05:21.699Z - [SYNC]: clearing sync generators cache due to file changes
[NX v22.7.5 Daemon Server] - 2026-06-06T19:05:23.302Z - [REQUEST]: Updated workspace context based on watched changes, recomputing project graph...
[NX v22.7.5 Daemon Server] - 2026-06-06T19:05:23.302Z - [REQUEST]: 
[NX v22.7.5 Daemon Server] - 2026-06-06T19:05:23.302Z - [REQUEST]: apps/ledger-accounts-svc/dist/app.controller.js.map,apps/ledger-accounts-svc/dist/main.js.map,apps/ledger-accounts-svc/dist/funds/funds.module.js.map,apps/ledger-accounts-svc/dist/funds,apps/ledger-accounts-svc/dist/tsconfig.build.tsbuildinfo,apps/ledger-accounts-svc/dist/app.controller.d.ts,apps/ledger-accounts-svc/dist/app.service.js.map,apps/ledger-accounts-svc/dist/prisma.service.js,apps/ledger-accounts-svc/dist/funds/funds.controller.js,apps/ledger-accounts-svc/dist/app.module.js.map,apps/ledger-accounts-svc/dist/app.service.js,apps/ledger-accounts-svc/dist/funds/funds.service.js.map,apps/ledger-accounts-svc/dist/funds/funds.module.d.ts,apps/ledger-accounts-svc/dist,apps/ledger-accounts-svc/dist/app.module.d.ts,apps/ledger-accounts-svc/dist/app.controller.js,apps/ledger-accounts-svc/dist/prisma.service.js.map,apps/ledger-accounts-svc/dist/accounts,apps/ledger-accounts-svc/dist/funds/funds.module.js,apps/ledger-accounts-svc/dist/app.service.d.ts,apps/ledger-accounts-svc/dist/funds/funds.service.js,apps/ledger-accounts-svc/dist/funds/funds.controller.js.map,apps/ledger-accounts-svc/dist/main.js,apps/ledger-accounts-svc/dist/funds/funds.controller.d.ts,apps/ledger-accounts-svc/dist/funds/funds.service.d.ts,apps/ledger-accounts-svc/dist/main.d.ts,apps/ledger-accounts-svc/dist/prisma.service.d.ts,apps/ledger-accounts-svc/dist/app.module.js
[plugin-client] restarting worker for "nx/js/dependencies-and-lockfile"
[isolated-plugin] spawned worker for "nx/js/dependencies-and-lockfile" (pid: 22884, socket: \\.\pipe\nx\C:\Users\ANGELA~1\AppData\Local\Temp\plugin18512-12-442280.6161.sock)
[plugin-client] restarting worker for "nx/core/package-json"
[isolated-plugin] spawned worker for "nx/core/package-json" (pid: 17948, socket: \\.\pipe\nx\C:\Users\ANGELA~1\AppData\Local\Temp\plugin18512-13-442289.3876.sock)
[plugin-client] restarting worker for "nx/core/project-json"
[isolated-plugin] spawned worker for "nx/core/project-json" (pid: 19796, socket: \\.\pipe\nx\C:\Users\ANGELA~1\AppData\Local\Temp\plugin18512-14-442298.5834.sock)
[NX v22.7.5 Daemon Server] - 2026-06-06T19:05:23.333Z - Time taken for 'hash changed files from watcher' 1.1990000000223517ms
[plugin-worker] "nx/core/package-json" (pid: 17948) listening on \\.\pipe\nx\C:\Users\ANGELA~1\AppData\Local\Temp\plugin18512-13-442289.3876.sock
[1m[33mTime taken for 'plugin worker 17948 code loading' 572.5541ms[39m[22m
[plugin-worker] "nx/core/project-json" (pid: 19796) listening on \\.\pipe\nx\C:\Users\ANGELA~1\AppData\Local\Temp\plugin18512-14-442298.5834.sock
[isolated-plugin] connected to worker for "nx/core/project-json" (pid: 19796)
[isolated-plugin] connected to worker for "nx/core/package-json" (pid: 17948)
[1m[33mTime taken for 'plugin worker 19796 code loading' 574.2534ms[39m[22m
[plugin-worker] "nx/core/project-json" (pid: 19796) connected
[plugin-worker] "nx/core/package-json" (pid: 17948) connected
[NX v22.7.5 Daemon Server] - 2026-06-06T19:05:23.993Z - Time taken for 'start-plugin-worker:nx/core/package-json' 679.9652000000351ms
[NX v22.7.5 Daemon Server] - 2026-06-06T19:05:23.993Z - Time taken for 'start-plugin-worker:nx/core/project-json' 669.6499000000185ms
[plugin-worker] "nx/js/dependencies-and-lockfile" (pid: 22884) listening on \\.\pipe\nx\C:\Users\ANGELA~1\AppData\Local\Temp\plugin18512-12-442280.6161.sock
[1m[33mTime taken for 'plugin worker 22884 code loading' 594.1138ms[39m[22m
[isolated-plugin] connected to worker for "nx/js/dependencies-and-lockfile" (pid: 22884)
[NX v22.7.5 Daemon Server] - 2026-06-06T19:05:24.006Z - Time taken for 'start-plugin-worker:nx/js/dependencies-and-lockfile' 702.3880999999819ms
[plugin-worker] "nx/js/dependencies-and-lockfile" (pid: 22884) connected
[plugin-worker] "nx/core/project-json" (pid: 19796) loaded successfully
[plugin-worker] "nx/core/package-json" (pid: 17948) loaded successfully
[plugin-worker] "nx/js/dependencies-and-lockfile" (pid: 22884) loaded successfully
[1m[33mTime taken for 'nx/core/project-json:createNodes' 0.6873000000000502ms[39m[22m
[isolated-plugin] shutting down worker for "nx/core/project-json" after createNodes
[1m[33mTime taken for 'nx/js/dependencies-and-lockfile:createNodes' 15.187200000000075ms[39m[22m
[1m[33mTime taken for 'nx/core/package-json:createNodes' 28.868799999999965ms[39m[22m
[isolated-plugin] shutting down worker for "nx/core/package-json" after createNodes
[NX v22.7.5 Daemon Server] - 2026-06-06T19:05:25.003Z - Time taken for 'build-project-configs' 1687.6641999999993ms
[NX v22.7.5 Daemon Server] - 2026-06-06T19:05:25.003Z - Time taken for 'createNodes:merge' 1.937099999981001ms
[NX v22.7.5 Daemon Server] - 2026-06-06T19:05:25.003Z - Time taken for 'get-all-workspace-files' 0.19780000002356246ms
[1m[33mTime taken for 'build typescript dependencies' 0.6088999999999487ms[39m[22m
[isolated-plugin] shutting down worker for "nx/js/dependencies-and-lockfile" after createDependencies
[NX v22.7.5 Daemon Server] - 2026-06-06T19:05:25.027Z - [SYNC]: collect registered sync generators
[NX v22.7.5 Daemon Server] - 2026-06-06T19:05:25.027Z - [SYNC]: project graph hash is the same, not collecting task sync generators
[NX v22.7.5 Daemon Server] - 2026-06-06T19:05:25.028Z - [SYNC]: nx.json hash is the same, not collecting global sync generators
[NX v22.7.5 Daemon Server] - 2026-06-06T19:05:25.028Z - Time taken for 'total execution time for createProjectGraph()' 32.270700000051875ms
[NX v22.7.5 Daemon Server] - 2026-06-06T19:05:25.028Z - Time taken for 'createDependencies' 23.61349999997765ms
[NX v22.7.5 Daemon Server] - 2026-06-06T19:05:25.028Z - Time taken for 'nx/js/dependencies-and-lockfile:createDependencies' 23.34369999996852ms
[NX v22.7.5 Daemon Server] - 2026-06-06T19:05:25.028Z - Time taken for 'createMetadata' 0.07749999995576218ms
[NX v22.7.5 Daemon Server] - 2026-06-06T19:05:25.028Z - Time taken for 'serialize graph' 2.183599999989383ms
DEBUG nx::native::telemetry::service: Sent 1 events: [nx/js/dependencies-and-lockfile:createDe]
[NX v22.7.5 Daemon Server] - 2026-06-06T19:05:27.485Z - [WATCHER]: 0 file(s) created or restored, 0 file(s) modified, 0 file(s) deleted
[NX v22.7.5 Daemon Server] - 2026-06-06T19:05:27.545Z - [WATCHER]: 0 file(s) created or restored, 0 file(s) modified, 0 file(s) deleted
[NX v22.7.5 Daemon Server] - 2026-06-06T19:05:27.844Z - [WATCHER]: 0 file(s) created or restored, 0 file(s) modified, 0 file(s) deleted
[NX v22.7.5 Daemon Server] - 2026-06-06T19:05:30.699Z - [REQUEST]: Updated workspace context based on watched changes, recomputing project graph...
[NX v22.7.5 Daemon Server] - 2026-06-06T19:05:30.699Z - [REQUEST]: 
[NX v22.7.5 Daemon Server] - 2026-06-06T19:05:30.699Z - [REQUEST]: 
[plugin-client] restarting worker for "nx/js/dependencies-and-lockfile"
[isolated-plugin] spawned worker for "nx/js/dependencies-and-lockfile" (pid: 22460, socket: \\.\pipe\nx\C:\Users\ANGELA~1\AppData\Local\Temp\plugin18512-15-449678.1984.sock)
[plugin-client] restarting worker for "nx/core/package-json"
[isolated-plugin] spawned worker for "nx/core/package-json" (pid: 13204, socket: \\.\pipe\nx\C:\Users\ANGELA~1\AppData\Local\Temp\plugin18512-16-449690.9326.sock)
[plugin-client] restarting worker for "nx/core/project-json"
[isolated-plugin] spawned worker for "nx/core/project-json" (pid: 12672, socket: \\.\pipe\nx\C:\Users\ANGELA~1\AppData\Local\Temp\plugin18512-17-449704.1081.sock)
[NX v22.7.5 Daemon Server] - 2026-06-06T19:05:30.740Z - Time taken for 'hash changed files from watcher' 0.19980000000214204ms
[isolated-plugin] connected to worker for "nx/js/dependencies-and-lockfile" (pid: 22460)
[isolated-plugin] connected to worker for "nx/core/package-json" (pid: 13204)
[plugin-worker] "nx/core/package-json" (pid: 13204) listening on \\.\pipe\nx\C:\Users\ANGELA~1\AppData\Local\Temp\plugin18512-16-449690.9326.sock
[1m[33mTime taken for 'plugin worker 13204 code loading' 535.7596ms[39m[22m
[plugin-worker] "nx/core/package-json" (pid: 13204) connected
[plugin-worker] "nx/js/dependencies-and-lockfile" (pid: 22460) listening on \\.\pipe\nx\C:\Users\ANGELA~1\AppData\Local\Temp\plugin18512-15-449678.1984.sock
[1m[33mTime taken for 'plugin worker 22460 code loading' 541.9683ms[39m[22m
[plugin-worker] "nx/js/dependencies-and-lockfile" (pid: 22460) connected
[plugin-worker] "nx/core/project-json" (pid: 12672) listening on \\.\pipe\nx\C:\Users\ANGELA~1\AppData\Local\Temp\plugin18512-17-449704.1081.sock
[1m[33mTime taken for 'plugin worker 12672 code loading' 532.1969ms[39m[22m
[NX v22.7.5 Daemon Server] - 2026-06-06T19:05:31.361Z - Time taken for 'start-plugin-worker:nx/js/dependencies-and-lockfile' 656.45279999997ms
[NX v22.7.5 Daemon Server] - 2026-06-06T19:05:31.361Z - Time taken for 'start-plugin-worker:nx/core/package-json' 646.1265999999596ms
[isolated-plugin] connected to worker for "nx/core/project-json" (pid: 12672)
[NX v22.7.5 Daemon Server] - 2026-06-06T19:05:31.366Z - Time taken for 'start-plugin-worker:nx/core/project-json' 639.0404999999446ms
[plugin-worker] "nx/core/project-json" (pid: 12672) connected
[plugin-worker] "nx/core/package-json" (pid: 13204) loaded successfully
[plugin-worker] "nx/core/project-json" (pid: 12672) loaded successfully
[plugin-worker] "nx/js/dependencies-and-lockfile" (pid: 22460) loaded successfully
[1m[33mTime taken for 'nx/core/project-json:createNodes' 0.30930000000012114ms[39m[22m
[isolated-plugin] shutting down worker for "nx/core/project-json" after createNodes
[1m[33mTime taken for 'nx/core/package-json:createNodes' 18.34179999999992ms[39m[22m
[isolated-plugin] shutting down worker for "nx/core/package-json" after createNodes
[1m[33mTime taken for 'nx/js/dependencies-and-lockfile:createNodes' 11.644900000000007ms[39m[22m
[NX v22.7.5 Daemon Server] - 2026-06-06T19:05:32.392Z - Time taken for 'build-project-configs' 1681.306500000006ms
[NX v22.7.5 Daemon Server] - 2026-06-06T19:05:32.392Z - Time taken for 'createNodes:merge' 1.5777000000234693ms
[NX v22.7.5 Daemon Server] - 2026-06-06T19:05:32.392Z - Time taken for 'get-all-workspace-files' 0.3354999999864958ms
[1m[33mTime taken for 'build typescript dependencies' 0.2505999999998494ms[39m[22m
[isolated-plugin] shutting down worker for "nx/js/dependencies-and-lockfile" after createDependencies
[NX v22.7.5 Daemon Server] - 2026-06-06T19:05:32.412Z - [SYNC]: collect registered sync generators
[NX v22.7.5 Daemon Server] - 2026-06-06T19:05:32.413Z - [SYNC]: project graph hash is the same, not collecting task sync generators
[NX v22.7.5 Daemon Server] - 2026-06-06T19:05:32.413Z - [SYNC]: nx.json hash is the same, not collecting global sync generators
[NX v22.7.5 Daemon Server] - 2026-06-06T19:05:32.413Z - Time taken for 'total execution time for createProjectGraph()' 25.32750000001397ms
[NX v22.7.5 Daemon Server] - 2026-06-06T19:05:32.413Z - Time taken for 'createDependencies' 19.021899999992456ms
[NX v22.7.5 Daemon Server] - 2026-06-06T19:05:32.413Z - Time taken for 'nx/js/dependencies-and-lockfile:createDependencies' 18.881700000027195ms
[NX v22.7.5 Daemon Server] - 2026-06-06T19:05:32.413Z - Time taken for 'createMetadata' 0.02650000003632158ms
[NX v22.7.5 Daemon Server] - 2026-06-06T19:05:32.413Z - Time taken for 'serialize graph' 2.275000000023283ms
DEBUG nx::native::telemetry::service: Sent 1 events: [nx/js/dependencies-and-lockfile:createDe]
[NX v22.7.5 Daemon Server] - 2026-06-06T19:06:03.695Z - [WATCHER]: Processing file changes in outputs
[NX v22.7.5 Daemon Server] - 2026-06-06T19:06:03.696Z - [WATCHER]: apps/ledger-accounts-svc/package.json was modified
[NX v22.7.5 Daemon Server] - 2026-06-06T19:06:03.696Z - [WATCHER]: File changes detected:
Created:
(none)
Updated:
  - apps/ledger-accounts-svc/package.json
Deleted:
(none)
[NX v22.7.5 Daemon Server] - 2026-06-06T19:06:03.697Z - [SYNC]: clearing sync generators cache due to file changes
[NX v22.7.5 Daemon Server] - 2026-06-06T19:06:10.110Z - [REQUEST]: Updated workspace context based on watched changes, recomputing project graph...
[NX v22.7.5 Daemon Server] - 2026-06-06T19:06:10.110Z - [REQUEST]: apps/ledger-accounts-svc/package.json
[NX v22.7.5 Daemon Server] - 2026-06-06T19:06:10.110Z - [REQUEST]: 
[plugin-client] restarting worker for "nx/js/dependencies-and-lockfile"
[isolated-plugin] spawned worker for "nx/js/dependencies-and-lockfile" (pid: 22260, socket: \\.\pipe\nx\C:\Users\ANGELA~1\AppData\Local\Temp\plugin18512-18-489101.2479.sock)
[plugin-client] restarting worker for "nx/core/package-json"
[isolated-plugin] spawned worker for "nx/core/package-json" (pid: 24144, socket: \\.\pipe\nx\C:\Users\ANGELA~1\AppData\Local\Temp\plugin18512-19-489117.6419.sock)
[plugin-client] restarting worker for "nx/core/project-json"
[isolated-plugin] spawned worker for "nx/core/project-json" (pid: 8320, socket: \\.\pipe\nx\C:\Users\ANGELA~1\AppData\Local\Temp\plugin18512-20-489132.7136.sock)
[NX v22.7.5 Daemon Server] - 2026-06-06T19:06:10.171Z - Time taken for 'hash changed files from watcher' 0.583199999993667ms
[isolated-plugin] connected to worker for "nx/js/dependencies-and-lockfile" (pid: 22260)
[isolated-plugin] connected to worker for "nx/core/project-json" (pid: 8320)
[plugin-worker] "nx/core/project-json" (pid: 8320) listening on \\.\pipe\nx\C:\Users\ANGELA~1\AppData\Local\Temp\plugin18512-20-489132.7136.sock
[1m[33mTime taken for 'plugin worker 8320 code loading' 536.4345ms[39m[22m
[plugin-worker] "nx/core/project-json" (pid: 8320) connected
[plugin-worker] "nx/js/dependencies-and-lockfile" (pid: 22260) listening on \\.\pipe\nx\C:\Users\ANGELA~1\AppData\Local\Temp\plugin18512-18-489101.2479.sock
[1m[33mTime taken for 'plugin worker 22260 code loading' 574.061ms[39m[22m
[plugin-worker] "nx/js/dependencies-and-lockfile" (pid: 22260) connected
[NX v22.7.5 Daemon Server] - 2026-06-06T19:06:10.831Z - Time taken for 'start-plugin-worker:nx/js/dependencies-and-lockfile' 703.1680000000051ms
[NX v22.7.5 Daemon Server] - 2026-06-06T19:06:10.831Z - Time taken for 'start-plugin-worker:nx/core/project-json' 674.1510999999591ms
[plugin-worker] "nx/core/package-json" (pid: 24144) listening on \\.\pipe\nx\C:\Users\ANGELA~1\AppData\Local\Temp\plugin18512-19-489117.6419.sock
[isolated-plugin] connected to worker for "nx/core/package-json" (pid: 24144)
[plugin-worker] "nx/core/package-json" (pid: 24144) connected
[NX v22.7.5 Daemon Server] - 2026-06-06T19:06:10.857Z - Time taken for 'start-plugin-worker:nx/core/package-json' 714.9404999999679ms
[1m[33mTime taken for 'plugin worker 24144 code loading' 589.609ms[39m[22m
[plugin-worker] "nx/core/project-json" (pid: 8320) loaded successfully
[plugin-worker] "nx/core/package-json" (pid: 24144) loaded successfully
[plugin-worker] "nx/js/dependencies-and-lockfile" (pid: 22260) loaded successfully
[1m[33mTime taken for 'nx/core/project-json:createNodes' 0.61200000000008ms[39m[22m
[isolated-plugin] shutting down worker for "nx/core/project-json" after createNodes
[1m[33mTime taken for 'nx/core/package-json:createNodes' 21.008100000000013ms[39m[22m
[isolated-plugin] shutting down worker for "nx/core/package-json" after createNodes
[1m[33mTime taken for 'nx/js/dependencies-and-lockfile:createNodes' 11.62720000000013ms[39m[22m
[NX v22.7.5 Daemon Server] - 2026-06-06T19:06:11.816Z - Time taken for 'build-project-configs' 1678.6347000000533ms
[NX v22.7.5 Daemon Server] - 2026-06-06T19:06:11.816Z - Time taken for 'createNodes:merge' 2.413799999980256ms
[NX v22.7.5 Daemon Server] - 2026-06-06T19:06:11.816Z - Time taken for 'native-file-deps' 0.021299999963957816ms
[NX v22.7.5 Daemon Server] - 2026-06-06T19:06:11.816Z - Time taken for 'get-workspace-files' 2.5887000000220723ms
[NX v22.7.5 Daemon Server] - 2026-06-06T19:06:11.816Z - Time taken for 'get-all-workspace-files' 0.17619999998714775ms
[1m[33mTime taken for 'build typescript dependencies' 40.35419999999999ms[39m[22m
[isolated-plugin] shutting down worker for "nx/js/dependencies-and-lockfile" after createDependencies
[NX v22.7.5 Daemon Server] - 2026-06-06T19:06:11.884Z - [SYNC]: collect registered sync generators
[NX v22.7.5 Daemon Server] - 2026-06-06T19:06:11.886Z - [SYNC]: nx.json hash is the same, not collecting global sync generators
[NX v22.7.5 Daemon Server] - 2026-06-06T19:06:11.886Z - Time taken for 'total execution time for createProjectGraph()' 75.32600000000093ms
[NX v22.7.5 Daemon Server] - 2026-06-06T19:06:11.886Z - Time taken for 'createDependencies' 66.64459999999963ms
[NX v22.7.5 Daemon Server] - 2026-06-06T19:06:11.887Z - Time taken for 'nx/js/dependencies-and-lockfile:createDependencies' 66.36140000005253ms
[NX v22.7.5 Daemon Server] - 2026-06-06T19:06:11.887Z - Time taken for 'createMetadata' 0.019100000034086406ms
[NX v22.7.5 Daemon Server] - 2026-06-06T19:06:11.887Z - Time taken for 'serialize graph' 3.010999999998603ms
DEBUG nx::native::telemetry::service: Sent 1 events: [nx/js/dependencies-and-lockfile:createDe]
[NX v22.7.5 Daemon Server] - 2026-06-06T19:06:23.940Z - [WATCHER]: apps/ledger-accounts-svc/package.json was modified
[NX v22.7.5 Daemon Server] - 2026-06-06T19:06:23.941Z - [WATCHER]: File changes detected:
Created:
(none)
Updated:
  - apps/ledger-accounts-svc/package.json
Deleted:
(none)
[NX v22.7.5 Daemon Server] - 2026-06-06T19:06:23.941Z - [SYNC]: clearing sync generators cache due to file changes
[NX v22.7.5 Daemon Server] - 2026-06-06T19:06:23.942Z - [WATCHER]: Processing file changes in outputs
[NX v22.7.5 Daemon Server] - 2026-06-06T19:06:24.834Z - [Server] lock file hash changed! old=6346195602824960912, new=11485541910010800173
[NX v22.7.5 Daemon Server] - 2026-06-06T19:06:24.834Z - [Server] Daemon outdated: LOCK_FILES_CHANGED
[NX v22.7.5 Daemon Server] - 2026-06-06T19:06:24.834Z - [Server] Restarting daemon...
[NX v22.7.5 Daemon Server] - 2026-06-06T19:06:24.842Z - Restarting daemon with script: C:\Users\Angel Aubrey\Documents\stone-cap\Finance-System_Capstone-1\backend\node_modules\nx\dist\src\daemon\server\start.js
[NX v22.7.5 Daemon Server] - 2026-06-06T19:06:24.842Z - Old daemon __dirname: C:\Users\Angel Aubrey\Documents\stone-cap\Finance-System_Capstone-1\backend\node_modules\nx\dist\src\daemon\server
[NX v22.7.5 Daemon Server] - 2026-06-06T19:06:24.842Z - Current process.execPath: C:\Program Files\nodejs\node.exe
[NX v22.7.5 Daemon Server] - 2026-06-06T19:06:24.852Z - Started new daemon process in background
[NX v22.7.5 Daemon Server] - 2026-06-06T19:06:24.859Z - [WATCHER]: Stopping the watcher for C:\Users\Angel Aubrey\Documents\stone-cap\Finance-System_Capstone-1\backend (sources)
[NX v22.7.5 Daemon Server] - 2026-06-06T19:06:24.859Z - [WATCHER]: Stopping the watcher for C:\Users\Angel Aubrey\Documents\stone-cap\Finance-System_Capstone-1\backend (outputs)
[NX v22.7.5 Daemon Server] - 2026-06-06T19:06:24.860Z - [LATEST-NX]: Cleaning up latest Nx installation from C:\Users\ANGELA~1\AppData\Local\Temp\tmp-18512-8OIHPs0TUKJz
[NX v22.7.5 Daemon Server] - 2026-06-06T19:06:24.865Z - Server stopped because: "LOCK_FILES_CHANGED"
Failed to flush telemetry: Telemetry channel closed
[NX v22.7.5 Daemon Server] - 2026-06-06T19:06:25.932Z - Time taken for 'workspace context init' 4.521800000000098ms
DEBUG nx::native::telemetry: Telemetry service initialized successfully
[NX v22.7.5 Daemon Server] - 2026-06-06T19:06:26.629Z - New daemon starting from: C:\Users\Angel Aubrey\Documents\stone-cap\Finance-System_Capstone-1\backend\node_modules\nx\dist\src\daemon\server\server.js
[NX v22.7.5 Daemon Server] - 2026-06-06T19:06:26.629Z - New daemon __dirname: C:\Users\Angel Aubrey\Documents\stone-cap\Finance-System_Capstone-1\backend\node_modules\nx\dist\src\daemon\server
[NX v22.7.5 Daemon Server] - 2026-06-06T19:06:26.629Z - New daemon nxVersion: 22.7.5
[NX v22.7.5 Daemon Server] - 2026-06-06T19:06:26.630Z - New daemon getInstalledNxVersion(): 22.7.5
[NX v22.7.5 Daemon Server] - 2026-06-06T19:06:26.634Z - [Server] Starting outdated check interval (20ms)
[NX v22.7.5 Daemon Server] - 2026-06-06T19:06:26.638Z - Started listening on: \\.\pipe\nx\C:\Users\ANGELA~1\AppData\Local\Temp\10d0c6d7cabc7b5bb978\d.sock
[NX v22.7.5 Daemon Server] - 2026-06-06T19:06:26.642Z - [WATCHER]: Subscribed to changes within: C:\Users\Angel Aubrey\Documents\stone-cap\Finance-System_Capstone-1\backend (native)
[NX v22.7.5 Daemon Server] - 2026-06-06T19:06:26.643Z - [LATEST-NX]: Pulling latest Nx...
[NX v22.7.5 Daemon Server] - 2026-06-06T19:06:26.661Z - [AI-AGENTS]: Starting agent configuration status computation
[isolated-plugin] spawned worker for "C:\Users\Angel Aubrey\Documents\stone-cap\Finance-System_Capstone-1\backend\node_modules\nx\dist\src\plugins\js" (pid: 9428, socket: \\.\pipe\nx\C:\Users\ANGELA~1\AppData\Local\Temp\plugin24548-0-1852.9323.sock)
[isolated-plugin] spawned worker for "C:\Users\Angel Aubrey\Documents\stone-cap\Finance-System_Capstone-1\backend\node_modules\nx\dist\src\plugins\package-json" (pid: 24672, socket: \\.\pipe\nx\C:\Users\ANGELA~1\AppData\Local\Temp\plugin24548-1-1865.3354.sock)
[isolated-plugin] spawned worker for "C:\Users\Angel Aubrey\Documents\stone-cap\Finance-System_Capstone-1\backend\node_modules\nx\dist\src\plugins\project-json\build-nodes\project-json" (pid: 17360, socket: \\.\pipe\nx\C:\Users\ANGELA~1\AppData\Local\Temp\plugin24548-2-1877.0941.sock)
[NX v22.7.5 Daemon Server] - 2026-06-06T19:06:26.786Z - Time taken for 'loadSpecifiedNxPlugins' 36.81510000000003ms
[plugin-worker] "C:\Users\Angel Aubrey\Documents\stone-cap\Finance-System_Capstone-1\backend\node_modules\nx\dist\src\plugins\package-json" (pid: 24672) listening on \\.\pipe\nx\C:\Users\ANGELA~1\AppData\Local\Temp\plugin24548-1-1865.3354.sock
[isolated-plugin] connected to worker for "C:\Users\Angel Aubrey\Documents\stone-cap\Finance-System_Capstone-1\backend\node_modules\nx\dist\src\plugins\package-json" (pid: 24672)
[1m[33mTime taken for 'plugin worker 24672 code loading' 540.9015ms[39m[22m
[plugin-worker] "C:\Users\Angel Aubrey\Documents\stone-cap\Finance-System_Capstone-1\backend\node_modules\nx\dist\src\plugins\package-json" (pid: 24672) connected
[NX v22.7.5 Daemon Server] - 2026-06-06T19:06:27.451Z - Time taken for 'start-plugin-worker:C:\Users\Angel Aubrey\Documents\stone-cap\Finance-System_Capstone-1\backend\node_modules\nx\dist\src\plugins\package-json' 684.7433999999998ms
[plugin-worker] "C:\Users\Angel Aubrey\Documents\stone-cap\Finance-System_Capstone-1\backend\node_modules\nx\dist\src\plugins\project-json\build-nodes\project-json" (pid: 17360) listening on \\.\pipe\nx\C:\Users\ANGELA~1\AppData\Local\Temp\plugin24548-2-1877.0941.sock
[isolated-plugin] connected to worker for "C:\Users\Angel Aubrey\Documents\stone-cap\Finance-System_Capstone-1\backend\node_modules\nx\dist\src\plugins\project-json\build-nodes\project-json" (pid: 17360)
[1m[33mTime taken for 'plugin worker 17360 code loading' 542.963ms[39m[22m
[NX v22.7.5 Daemon Server] - 2026-06-06T19:06:27.462Z - Time taken for 'start-plugin-worker:C:\Users\Angel Aubrey\Documents\stone-cap\Finance-System_Capstone-1\backend\node_modules\nx\dist\src\plugins\project-json\build-nodes\project-json' 686.9833000000001ms
[plugin-worker] "C:\Users\Angel Aubrey\Documents\stone-cap\Finance-System_Capstone-1\backend\node_modules\nx\dist\src\plugins\project-json\build-nodes\project-json" (pid: 17360) connected
[plugin-worker] "C:\Users\Angel Aubrey\Documents\stone-cap\Finance-System_Capstone-1\backend\node_modules\nx\dist\src\plugins\js" (pid: 9428) listening on \\.\pipe\nx\C:\Users\ANGELA~1\AppData\Local\Temp\plugin24548-0-1852.9323.sock
[isolated-plugin] connected to worker for "C:\Users\Angel Aubrey\Documents\stone-cap\Finance-System_Capstone-1\backend\node_modules\nx\dist\src\plugins\js" (pid: 9428)
[NX v22.7.5 Daemon Server] - 2026-06-06T19:06:27.468Z - Time taken for 'start-plugin-worker:C:\Users\Angel Aubrey\Documents\stone-cap\Finance-System_Capstone-1\backend\node_modules\nx\dist\src\plugins\js' 717.8306000000002ms
[1m[33mTime taken for 'plugin worker 9428 code loading' 596.6363ms[39m[22m
[plugin-worker] "C:\Users\Angel Aubrey\Documents\stone-cap\Finance-System_Capstone-1\backend\node_modules\nx\dist\src\plugins\js" (pid: 9428) connected
[plugin-worker] "C:\Users\Angel Aubrey\Documents\stone-cap\Finance-System_Capstone-1\backend\node_modules\nx\dist\src\plugins\package-json" (pid: 24672) loaded successfully
[NX v22.7.5 Daemon Server] - 2026-06-06T19:06:27.697Z - Time taken for 'Load Nx Plugin: C:\Users\Angel Aubrey\Documents\stone-cap\Finance-System_Capstone-1\backend\node_modules\nx\dist\src\plugins\package-json' 950.0346999999999ms
[plugin-worker] "C:\Users\Angel Aubrey\Documents\stone-cap\Finance-System_Capstone-1\backend\node_modules\nx\dist\src\plugins\project-json\build-nodes\project-json" (pid: 17360) loaded successfully
[NX v22.7.5 Daemon Server] - 2026-06-06T19:06:27.761Z - Time taken for 'Load Nx Plugin: C:\Users\Angel Aubrey\Documents\stone-cap\Finance-System_Capstone-1\backend\node_modules\nx\dist\src\plugins\project-json\build-nodes\project-json' 1013.2064999999998ms
[plugin-worker] "C:\Users\Angel Aubrey\Documents\stone-cap\Finance-System_Capstone-1\backend\node_modules\nx\dist\src\plugins\js" (pid: 9428) loaded successfully
[NX v22.7.5 Daemon Server] - 2026-06-06T19:06:27.794Z - [REQUEST]: Updated workspace context based on watched changes, recomputing project graph...
[NX v22.7.5 Daemon Server] - 2026-06-06T19:06:27.795Z - [REQUEST]: 
[NX v22.7.5 Daemon Server] - 2026-06-06T19:06:27.795Z - [REQUEST]: 
[NX v22.7.5 Daemon Server] - 2026-06-06T19:06:27.817Z - Time taken for 'loadDefaultNxPlugins' 1048.2713ms
[NX v22.7.5 Daemon Server] - 2026-06-06T19:06:27.817Z - Time taken for 'Load Nx Plugin: C:\Users\Angel Aubrey\Documents\stone-cap\Finance-System_Capstone-1\backend\node_modules\nx\dist\src\plugins\js' 1047.6676000000002ms
[NX v22.7.5 Daemon Server] - 2026-06-06T19:06:27.817Z - Time taken for 'hash changed files from watcher' 0.5833000000002357ms
[1m[33mTime taken for 'nx/core/package-json:createNodes' 24.464099999999917ms[39m[22m
[isolated-plugin] shutting down worker for "nx/core/package-json" after createNodes
[1m[33mTime taken for 'nx/core/project-json:createNodes' 0.28150000000005093ms[39m[22m
[isolated-plugin] shutting down worker for "nx/core/project-json" after createNodes
[1m[33mTime taken for 'nx/js/dependencies-and-lockfile:createNodes' 22.38729999999987ms[39m[22m
[NX v22.7.5 Daemon Server] - 2026-06-06T19:06:28.700Z - Time taken for 'build-project-configs' 861.7422999999999ms
[NX v22.7.5 Daemon Server] - 2026-06-06T19:06:28.700Z - Time taken for 'createNodes:merge' 20.872499999999945ms
[NX v22.7.5 Daemon Server] - 2026-06-06T19:06:28.700Z - Time taken for 'native-file-deps' 0.014200000000073487ms
[NX v22.7.5 Daemon Server] - 2026-06-06T19:06:28.700Z - Time taken for 'get-workspace-files' 1.4922999999998865ms
[NX v22.7.5 Daemon Server] - 2026-06-06T19:06:28.700Z - Time taken for 'get-all-workspace-files' 0.4430999999999585ms
[NX v22.7.5 Daemon Server] - 2026-06-06T19:06:28.700Z - Time taken for 'read cache' 1.4717000000000553ms
[1m[33mTime taken for 'build typescript dependencies' 45.55729999999994ms[39m[22m
[isolated-plugin] shutting down worker for "nx/js/dependencies-and-lockfile" after createDependencies
[NX v22.7.5 Daemon Server] - 2026-06-06T19:06:28.821Z - [SYNC]: collect registered sync generators
[NX v22.7.5 Daemon Server] - 2026-06-06T19:06:28.825Z - Time taken for 'total execution time for createProjectGraph()' 133.8449999999998ms
[NX v22.7.5 Daemon Server] - 2026-06-06T19:06:28.825Z - Time taken for 'createDependencies' 118.17090000000007ms
[NX v22.7.5 Daemon Server] - 2026-06-06T19:06:28.825Z - Time taken for 'nx/js/dependencies-and-lockfile:createDependencies' 117.71590000000015ms
[NX v22.7.5 Daemon Server] - 2026-06-06T19:06:28.825Z - Time taken for 'createMetadata' 0.06700000000000728ms
[NX v22.7.5 Daemon Server] - 2026-06-06T19:06:28.825Z - Time taken for 'serialize graph' 3.523200000000088ms
DEBUG nx::native::telemetry::service: Sent 1 events: [nx/js/dependencies-and-lockfile:createDe]
Fetching nx...
[NX v22.7.5 Daemon Server] - 2026-06-06T19:06:38.162Z - [WATCHER]: apps/ledger-accounts-svc/tsconfig.json was modified
[NX v22.7.5 Daemon Server] - 2026-06-06T19:06:38.163Z - [WATCHER]: File changes detected:
Created:
(none)
Updated:
  - apps/ledger-accounts-svc/tsconfig.json
Deleted:
(none)
[NX v22.7.5 Daemon Server] - 2026-06-06T19:06:38.163Z - [SYNC]: clearing sync generators cache due to file changes
[NX v22.7.5 Daemon Server] - 2026-06-06T19:06:38.164Z - [WATCHER]: Processing file changes in outputs
[NX v22.7.5 Daemon Server] - 2026-06-06T19:06:38.376Z - [REQUEST]: Updated workspace context based on watched changes, recomputing project graph...
[NX v22.7.5 Daemon Server] - 2026-06-06T19:06:38.376Z - [REQUEST]: apps/ledger-accounts-svc/tsconfig.json
[NX v22.7.5 Daemon Server] - 2026-06-06T19:06:38.376Z - [REQUEST]: 
[plugin-client] restarting worker for "nx/js/dependencies-and-lockfile"
[isolated-plugin] spawned worker for "nx/js/dependencies-and-lockfile" (pid: 25476, socket: \\.\pipe\nx\C:\Users\ANGELA~1\AppData\Local\Temp\plugin24548-3-13482.4119.sock)
[plugin-client] restarting worker for "nx/core/package-json"
[isolated-plugin] spawned worker for "nx/core/package-json" (pid: 21936, socket: \\.\pipe\nx\C:\Users\ANGELA~1\AppData\Local\Temp\plugin24548-4-13498.0768.sock)
[plugin-client] restarting worker for "nx/core/project-json"
[isolated-plugin] spawned worker for "nx/core/project-json" (pid: 24360, socket: \\.\pipe\nx\C:\Users\ANGELA~1\AppData\Local\Temp\plugin24548-5-13512.2731.sock)
[NX v22.7.5 Daemon Server] - 2026-06-06T19:06:38.431Z - Time taken for 'hash changed files from watcher' 0.6948000000011234ms
[plugin-worker] "nx/core/package-json" (pid: 21936) listening on \\.\pipe\nx\C:\Users\ANGELA~1\AppData\Local\Temp\plugin24548-4-13498.0768.sock
[1m[33mTime taken for 'plugin worker 21936 code loading' 792.4114ms[39m[22m
[isolated-plugin] connected to worker for "nx/core/package-json" (pid: 21936)
[plugin-worker] "nx/core/package-json" (pid: 21936) connected
[NX v22.7.5 Daemon Server] - 2026-06-06T19:06:39.367Z - Time taken for 'start-plugin-worker:nx/core/package-json' 970.7834000000003ms
[plugin-worker] "nx/js/dependencies-and-lockfile" (pid: 25476) listening on \\.\pipe\nx\C:\Users\ANGELA~1\AppData\Local\Temp\plugin24548-3-13482.4119.sock
[1m[33mTime taken for 'plugin worker 25476 code loading' 819.5732999999999ms[39m[22m
[isolated-plugin] connected to worker for "nx/js/dependencies-and-lockfile" (pid: 25476)
[NX v22.7.5 Daemon Server] - 2026-06-06T19:06:39.378Z - Time taken for 'start-plugin-worker:nx/js/dependencies-and-lockfile' 997.9823000000015ms
[plugin-worker] "nx/js/dependencies-and-lockfile" (pid: 25476) connected
[isolated-plugin] connected to worker for "nx/core/project-json" (pid: 24360)
[plugin-worker] "nx/core/project-json" (pid: 24360) listening on \\.\pipe\nx\C:\Users\ANGELA~1\AppData\Local\Temp\plugin24548-5-13512.2731.sock
[1m[33mTime taken for 'plugin worker 24360 code loading' 948.4226000000001ms[39m[22m
[plugin-worker] "nx/core/project-json" (pid: 24360) connected
[NX v22.7.5 Daemon Server] - 2026-06-06T19:06:39.578Z - Time taken for 'start-plugin-worker:nx/core/project-json' 1155.3433999999997ms
[plugin-worker] "nx/core/package-json" (pid: 21936) loaded successfully
[plugin-worker] "nx/js/dependencies-and-lockfile" (pid: 25476) loaded successfully
[plugin-worker] "nx/core/project-json" (pid: 24360) loaded successfully
[1m[33mTime taken for 'nx/js/dependencies-and-lockfile:createNodes' 20.45600000000013ms[39m[22m
[NX v22.7.5 Daemon Server] - 2026-06-06T19:06:41.440Z - [WATCHER]: 0 file(s) created or restored, 0 file(s) modified, 0 file(s) deleted
[1m[33mTime taken for 'nx/core/project-json:createNodes' 1.1972000000000662ms[39m[22m
[1m[33mTime taken for 'nx/core/package-json:createNodes' 41.660699999999906ms[39m[22m
[isolated-plugin] shutting down worker for "nx/core/project-json" after createNodes
[isolated-plugin] shutting down worker for "nx/core/package-json" after createNodes
[NX v22.7.5 Daemon Server] - 2026-06-06T19:06:41.472Z - Time taken for 'build-project-configs' 3072.7201999999997ms
[NX v22.7.5 Daemon Server] - 2026-06-06T19:06:41.472Z - Time taken for 'createNodes:merge' 2.8822000000000116ms
[NX v22.7.5 Daemon Server] - 2026-06-06T19:06:41.472Z - Time taken for 'get-all-workspace-files' 0.3032000000021071ms
[1m[33mTime taken for 'build typescript dependencies' 5.554500000000189ms[39m[22m
[isolated-plugin] shutting down worker for "nx/js/dependencies-and-lockfile" after createDependencies
[NX v22.7.5 Daemon Server] - 2026-06-06T19:06:41.516Z - [SYNC]: collect registered sync generators
[NX v22.7.5 Daemon Server] - 2026-06-06T19:06:41.518Z - [SYNC]: project graph hash is the same, not collecting task sync generators
[NX v22.7.5 Daemon Server] - 2026-06-06T19:06:41.518Z - [SYNC]: nx.json hash is the same, not collecting global sync generators
[NX v22.7.5 Daemon Server] - 2026-06-06T19:06:41.518Z - Time taken for 'total execution time for createProjectGraph()' 59.25460000000021ms
[NX v22.7.5 Daemon Server] - 2026-06-06T19:06:41.518Z - Time taken for 'createDependencies' 45.35480000000098ms
[NX v22.7.5 Daemon Server] - 2026-06-06T19:06:41.518Z - Time taken for 'nx/js/dependencies-and-lockfile:createDependencies' 44.99819999999818ms
[NX v22.7.5 Daemon Server] - 2026-06-06T19:06:41.518Z - Time taken for 'createMetadata' 0.027900000000954606ms
[NX v22.7.5 Daemon Server] - 2026-06-06T19:06:41.518Z - Time taken for 'serialize graph' 2.9886999999980617ms
[NX v22.7.5 Daemon Server] - 2026-06-06T19:06:41.527Z - [WATCHER]: Processing file changes in outputs
[NX v22.7.5 Daemon Server] - 2026-06-06T19:06:41.534Z - [WATCHER]: apps/ledger-accounts-svc/dist/tsconfig.tsbuildinfo was modified
[NX v22.7.5 Daemon Server] - 2026-06-06T19:06:41.534Z - [WATCHER]: File changes detected:
Created:
(none)
Updated:
  - apps/ledger-accounts-svc/dist/tsconfig.tsbuildinfo
Deleted:
(none)
[NX v22.7.5 Daemon Server] - 2026-06-06T19:06:41.534Z - [SYNC]: clearing sync generators cache due to file changes
DEBUG nx::native::telemetry::service: Sent 1 events: [nx/js/dependencies-and-lockfile:createDe]
[NX v22.7.5 Daemon Server] - 2026-06-06T19:06:41.609Z - [WATCHER]: apps/ledger-accounts-svc/dist/tsconfig.build.tsbuildinfo was created or restored
[NX v22.7.5 Daemon Server] - 2026-06-06T19:06:41.609Z - [WATCHER]: File changes detected:
Created:
  - apps/ledger-accounts-svc/dist/tsconfig.build.tsbuildinfo
Updated:
(none)
Deleted:
(none)
[NX v22.7.5 Daemon Server] - 2026-06-06T19:06:41.610Z - [SYNC]: clearing sync generators cache due to file changes
[NX v22.7.5 Daemon Server] - 2026-06-06T19:06:41.612Z - [WATCHER]: Processing file changes in outputs
[NX v22.7.5 Daemon Server] - 2026-06-06T19:06:41.856Z - [REQUEST]: Updated workspace context based on watched changes, recomputing project graph...
[NX v22.7.5 Daemon Server] - 2026-06-06T19:06:41.856Z - [REQUEST]: apps/ledger-accounts-svc/dist/tsconfig.tsbuildinfo,apps/ledger-accounts-svc/dist/tsconfig.build.tsbuildinfo
[NX v22.7.5 Daemon Server] - 2026-06-06T19:06:41.856Z - [REQUEST]: 
[plugin-client] restarting worker for "nx/js/dependencies-and-lockfile"
[isolated-plugin] spawned worker for "nx/js/dependencies-and-lockfile" (pid: 13752, socket: \\.\pipe\nx\C:\Users\ANGELA~1\AppData\Local\Temp\plugin24548-6-16961.0392.sock)
[plugin-client] restarting worker for "nx/core/package-json"
[isolated-plugin] spawned worker for "nx/core/package-json" (pid: 25556, socket: \\.\pipe\nx\C:\Users\ANGELA~1\AppData\Local\Temp\plugin24548-7-16973.17.sock)
[plugin-client] restarting worker for "nx/core/project-json"
[isolated-plugin] spawned worker for "nx/core/project-json" (pid: 23296, socket: \\.\pipe\nx\C:\Users\ANGELA~1\AppData\Local\Temp\plugin24548-8-16984.0508.sock)
[NX v22.7.5 Daemon Server] - 2026-06-06T19:06:41.896Z - Time taken for 'hash changed files from watcher' 1.1146999999982654ms
[plugin-worker] "nx/js/dependencies-and-lockfile" (pid: 13752) listening on \\.\pipe\nx\C:\Users\ANGELA~1\AppData\Local\Temp\plugin24548-6-16961.0392.sock
[1m[33mTime taken for 'plugin worker 13752 code loading' 759.5840000000001ms[39m[22m
[isolated-plugin] connected to worker for "nx/js/dependencies-and-lockfile" (pid: 13752)
[plugin-worker] "nx/js/dependencies-and-lockfile" (pid: 13752) connected
[NX v22.7.5 Daemon Server] - 2026-06-06T19:06:42.727Z - Time taken for 'start-plugin-worker:nx/js/dependencies-and-lockfile' 867.5754000000015ms
[plugin-worker] "nx/core/project-json" (pid: 23296) listening on \\.\pipe\nx\C:\Users\ANGELA~1\AppData\Local\Temp\plugin24548-8-16984.0508.sock
[1m[33mTime taken for 'plugin worker 23296 code loading' 739.2564ms[39m[22m
[plugin-worker] "nx/core/package-json" (pid: 25556) listening on \\.\pipe\nx\C:\Users\ANGELA~1\AppData\Local\Temp\plugin24548-7-16973.17.sock
[isolated-plugin] connected to worker for "nx/core/project-json" (pid: 23296)
[isolated-plugin] connected to worker for "nx/core/package-json" (pid: 25556)
[plugin-worker] "nx/core/project-json" (pid: 23296) connected
[NX v22.7.5 Daemon Server] - 2026-06-06T19:06:42.744Z - Time taken for 'start-plugin-worker:nx/core/package-json' 874.2458000000006ms
[NX v22.7.5 Daemon Server] - 2026-06-06T19:06:42.744Z - Time taken for 'start-plugin-worker:nx/core/project-json' 861.0722999999998ms
[plugin-worker] "nx/core/package-json" (pid: 25556) connected
[1m[33mTime taken for 'plugin worker 25556 code loading' 768.0088000000001ms[39m[22m
[plugin-worker] "nx/core/project-json" (pid: 23296) loaded successfully
[plugin-worker] "nx/core/package-json" (pid: 25556) loaded successfully
[plugin-worker] "nx/js/dependencies-and-lockfile" (pid: 13752) loaded successfully
[1m[33mTime taken for 'nx/core/project-json:createNodes' 0.5014000000001033ms[39m[22m
[isolated-plugin] shutting down worker for "nx/core/project-json" after createNodes
[1m[33mTime taken for 'nx/core/package-json:createNodes' 31.63460000000009ms[39m[22m
[isolated-plugin] shutting down worker for "nx/core/package-json" after createNodes
[1m[33mTime taken for 'nx/js/dependencies-and-lockfile:createNodes' 15.912399999999934ms[39m[22m
[NX v22.7.5 Daemon Server] - 2026-06-06T19:06:43.979Z - Time taken for 'build-project-configs' 2108.005100000002ms
[NX v22.7.5 Daemon Server] - 2026-06-06T19:06:43.979Z - Time taken for 'createNodes:merge' 2.308099999998376ms
[NX v22.7.5 Daemon Server] - 2026-06-06T19:06:43.979Z - Time taken for 'get-all-workspace-files' 0.44619999999849824ms
[1m[33mTime taken for 'build typescript dependencies' 3.68080000000009ms[39m[22m
[isolated-plugin] shutting down worker for "nx/js/dependencies-and-lockfile" after createDependencies
[NX v22.7.5 Daemon Server] - 2026-06-06T19:06:44.012Z - [SYNC]: collect registered sync generators
[NX v22.7.5 Daemon Server] - 2026-06-06T19:06:44.014Z - [SYNC]: project graph hash is the same, not collecting task sync generators
[NX v22.7.5 Daemon Server] - 2026-06-06T19:06:44.014Z - [SYNC]: nx.json hash is the same, not collecting global sync generators
[NX v22.7.5 Daemon Server] - 2026-06-06T19:06:44.014Z - Time taken for 'total execution time for createProjectGraph()' 42.074099999998ms
[NX v22.7.5 Daemon Server] - 2026-06-06T19:06:44.014Z - Time taken for 'createDependencies' 31.295999999998457ms
[NX v22.7.5 Daemon Server] - 2026-06-06T19:06:44.014Z - Time taken for 'nx/js/dependencies-and-lockfile:createDependencies' 31.026699999998527ms
[NX v22.7.5 Daemon Server] - 2026-06-06T19:06:44.014Z - Time taken for 'createMetadata' 0.041799999999057036ms
[NX v22.7.5 Daemon Server] - 2026-06-06T19:06:44.014Z - Time taken for 'serialize graph' 3.280800000000454ms
DEBUG nx::native::telemetry::service: Sent 1 events: [nx/js/dependencies-and-lockfile:createDe]
[NX v22.7.5 Daemon Server] - 2026-06-06T19:06:45.193Z - [WATCHER]: 0 file(s) created or restored, 0 file(s) modified, 0 file(s) deleted
[NX v22.7.5 Daemon Server] - 2026-06-06T19:06:45.398Z - [REQUEST]: Updated workspace context based on watched changes, recomputing project graph...
[NX v22.7.5 Daemon Server] - 2026-06-06T19:06:45.398Z - [REQUEST]: 
[NX v22.7.5 Daemon Server] - 2026-06-06T19:06:45.398Z - [REQUEST]: 
[plugin-client] restarting worker for "nx/js/dependencies-and-lockfile"
[isolated-plugin] spawned worker for "nx/js/dependencies-and-lockfile" (pid: 4992, socket: \\.\pipe\nx\C:\Users\ANGELA~1\AppData\Local\Temp\plugin24548-9-20506.1665.sock)
[plugin-client] restarting worker for "nx/core/package-json"
[isolated-plugin] spawned worker for "nx/core/package-json" (pid: 24244, socket: \\.\pipe\nx\C:\Users\ANGELA~1\AppData\Local\Temp\plugin24548-10-20519.7942.sock)
[plugin-client] restarting worker for "nx/core/project-json"
[isolated-plugin] spawned worker for "nx/core/project-json" (pid: 22752, socket: \\.\pipe\nx\C:\Users\ANGELA~1\AppData\Local\Temp\plugin24548-11-20531.8957.sock)
[NX v22.7.5 Daemon Server] - 2026-06-06T19:06:45.444Z - Time taken for 'hash changed files from watcher' 0.3643000000010943ms
[plugin-worker] "nx/core/project-json" (pid: 22752) listening on \\.\pipe\nx\C:\Users\ANGELA~1\AppData\Local\Temp\plugin24548-11-20531.8957.sock
[1m[33mTime taken for 'plugin worker 22752 code loading' 799.9016ms[39m[22m
[isolated-plugin] connected to worker for "nx/core/project-json" (pid: 22752)
[plugin-worker] "nx/core/project-json" (pid: 22752) connected
[NX v22.7.5 Daemon Server] - 2026-06-06T19:06:46.361Z - Time taken for 'start-plugin-worker:nx/core/project-json' 930.8162999999986ms
[plugin-worker] "nx/js/dependencies-and-lockfile" (pid: 4992) listening on \\.\pipe\nx\C:\Users\ANGELA~1\AppData\Local\Temp\plugin24548-9-20506.1665.sock
[1m[33mTime taken for 'plugin worker 4992 code loading' 857.4526999999999ms[39m[22m
[isolated-plugin] connected to worker for "nx/js/dependencies-and-lockfile" (pid: 4992)
[plugin-worker] "nx/js/dependencies-and-lockfile" (pid: 4992) connected
[NX v22.7.5 Daemon Server] - 2026-06-06T19:06:46.381Z - Time taken for 'start-plugin-worker:nx/js/dependencies-and-lockfile' 978.2730999999985ms
[plugin-worker] "nx/core/package-json" (pid: 24244) listening on \\.\pipe\nx\C:\Users\ANGELA~1\AppData\Local\Temp\plugin24548-10-20519.7942.sock
[isolated-plugin] connected to worker for "nx/core/package-json" (pid: 24244)
[1m[33mTime taken for 'plugin worker 24244 code loading' 878.468ms[39m[22m
[NX v22.7.5 Daemon Server] - 2026-06-06T19:06:46.407Z - Time taken for 'start-plugin-worker:nx/core/package-json' 989.5123999999996ms
[plugin-worker] "nx/core/package-json" (pid: 24244) connected
[plugin-worker] "nx/core/project-json" (pid: 22752) loaded successfully
[plugin-worker] "nx/core/package-json" (pid: 24244) loaded successfully
[plugin-worker] "nx/js/dependencies-and-lockfile" (pid: 4992) loaded successfully
[1m[33mTime taken for 'nx/core/project-json:createNodes' 0.4290000000000873ms[39m[22m
[isolated-plugin] shutting down worker for "nx/core/project-json" after createNodes
[1m[33mTime taken for 'nx/js/dependencies-and-lockfile:createNodes' 21.053899999999885ms[39m[22m
[1m[33mTime taken for 'nx/core/package-json:createNodes' 31.604499999999916ms[39m[22m
[isolated-plugin] shutting down worker for "nx/core/package-json" after createNodes
[NX v22.7.5 Daemon Server] - 2026-06-06T19:06:47.735Z - Time taken for 'build-project-configs' 2318.5901000000013ms
[NX v22.7.5 Daemon Server] - 2026-06-06T19:06:47.735Z - Time taken for 'createNodes:merge' 3.023400000001857ms
[NX v22.7.5 Daemon Server] - 2026-06-06T19:06:47.736Z - Time taken for 'get-all-workspace-files' 0.2782000000006519ms
[1m[33mTime taken for 'build typescript dependencies' 0.6640000000002146ms[39m[22m
[isolated-plugin] shutting down worker for "nx/js/dependencies-and-lockfile" after createDependencies
[NX v22.7.5 Daemon Server] - 2026-06-06T19:06:47.764Z - [SYNC]: collect registered sync generators
[NX v22.7.5 Daemon Server] - 2026-06-06T19:06:47.765Z - [SYNC]: project graph hash is the same, not collecting task sync generators
[NX v22.7.5 Daemon Server] - 2026-06-06T19:06:47.766Z - [SYNC]: nx.json hash is the same, not collecting global sync generators
[NX v22.7.5 Daemon Server] - 2026-06-06T19:06:47.766Z - Time taken for 'total execution time for createProjectGraph()' 39.54439999999886ms
[NX v22.7.5 Daemon Server] - 2026-06-06T19:06:47.766Z - Time taken for 'createDependencies' 27.976199999997334ms
[NX v22.7.5 Daemon Server] - 2026-06-06T19:06:47.766Z - Time taken for 'nx/js/dependencies-and-lockfile:createDependencies' 27.69159999999829ms
[NX v22.7.5 Daemon Server] - 2026-06-06T19:06:47.766Z - Time taken for 'createMetadata' 0.03139999999984866ms
[NX v22.7.5 Daemon Server] - 2026-06-06T19:06:47.766Z - Time taken for 'serialize graph' 2.8284999999996217ms
DEBUG nx::native::telemetry::service: Sent 1 events: [nx/js/dependencies-and-lockfile:createDe]
[NX v22.7.5 Daemon Server] - 2026-06-06T19:06:49.505Z - [LATEST-NX]: Successfully pulled latest Nx to C:\Users\ANGELA~1\AppData\Local\Temp\tmp-24548-01dO94E8lmN1
[NX v22.7.5 Daemon Server] - 2026-06-06T19:06:49.509Z - [NX-CONSOLE]: Using local implementation (NX_USE_LOCAL=true or inner call)
[NX v22.7.5 Daemon Server] - 2026-06-06T19:06:49.511Z - [AI-AGENTS]: Failed to compute agent configuration status from latest Nx. Error: Only URLs with a scheme in: file, data, and node are supported by the default ESM loader. On Windows, absolute paths must be valid file:// URLs. Received protocol 'c:'
DEBUG nx::native::ide::install: Detected editor: VSCode
DEBUG nx::native::ide::install: Checking if Nx Console extension is installed with: code.cmd --list-extensions
[NX v22.7.5 Daemon Server] - 2026-06-06T19:06:49.511Z - [AI-AGENTS]: Agent configuration status computation completed: 0 fully configured, 0 outdated, 0 partially configured, 0 non-configured
DEBUG nx::native::ide::install: Nx Console extension is not installed
[NX v22.7.5 Daemon Server] - 2026-06-06T19:06:50.718Z - [NX-CONSOLE]: Console status check completed, shouldPrompt: true
[NX v22.7.5 Daemon Server] - 2026-06-06T19:07:26.325Z - [WATCHER]: apps/ledger-accounts-svc/.env was modified
[NX v22.7.5 Daemon Server] - 2026-06-06T19:07:26.326Z - [WATCHER]: File changes detected:
Created:
(none)
Updated:
  - apps/ledger-accounts-svc/.env
Deleted:
(none)
[NX v22.7.5 Daemon Server] - 2026-06-06T19:07:26.326Z - [SYNC]: clearing sync generators cache due to file changes
[NX v22.7.5 Daemon Server] - 2026-06-06T19:07:26.326Z - [WATCHER]: Processing file changes in outputs
[NX v22.7.5 Daemon Server] - 2026-06-06T19:07:26.729Z - [REQUEST]: Updated workspace context based on watched changes, recomputing project graph...
[NX v22.7.5 Daemon Server] - 2026-06-06T19:07:26.730Z - [REQUEST]: apps/ledger-accounts-svc/.env
[NX v22.7.5 Daemon Server] - 2026-06-06T19:07:26.730Z - [REQUEST]: 
[plugin-client] restarting worker for "nx/js/dependencies-and-lockfile"
[isolated-plugin] spawned worker for "nx/js/dependencies-and-lockfile" (pid: 22144, socket: \\.\pipe\nx\C:\Users\ANGELA~1\AppData\Local\Temp\plugin24548-12-61835.8155.sock)
[plugin-client] restarting worker for "nx/core/package-json"
[isolated-plugin] spawned worker for "nx/core/package-json" (pid: 21292, socket: \\.\pipe\nx\C:\Users\ANGELA~1\AppData\Local\Temp\plugin24548-13-61865.6331.sock)
[plugin-client] restarting worker for "nx/core/project-json"
[isolated-plugin] spawned worker for "nx/core/project-json" (pid: 11604, socket: \\.\pipe\nx\C:\Users\ANGELA~1\AppData\Local\Temp\plugin24548-14-61901.1211.sock)
[NX v22.7.5 Daemon Server] - 2026-06-06T19:07:26.812Z - Time taken for 'hash changed files from watcher' 0.996500000001106ms
[plugin-worker] "nx/js/dependencies-and-lockfile" (pid: 22144) listening on \\.\pipe\nx\C:\Users\ANGELA~1\AppData\Local\Temp\plugin24548-12-61835.8155.sock
[isolated-plugin] connected to worker for "nx/js/dependencies-and-lockfile" (pid: 22144)
[plugin-worker] "nx/js/dependencies-and-lockfile" (pid: 22144) connected
[1m[33mTime taken for 'plugin worker 22144 code loading' 679.6583ms[39m[22m
[NX v22.7.5 Daemon Server] - 2026-06-06T19:07:27.594Z - Time taken for 'start-plugin-worker:nx/js/dependencies-and-lockfile' 859.7047999999995ms
[plugin-worker] "nx/core/package-json" (pid: 21292) listening on \\.\pipe\nx\C:\Users\ANGELA~1\AppData\Local\Temp\plugin24548-13-61865.6331.sock
[1m[33mTime taken for 'plugin worker 21292 code loading' 688.5843ms[39m[22m
[isolated-plugin] connected to worker for "nx/core/package-json" (pid: 21292)
[NX v22.7.5 Daemon Server] - 2026-06-06T19:07:27.633Z - Time taken for 'start-plugin-worker:nx/core/package-json' 869.809699999998ms
[plugin-worker] "nx/core/package-json" (pid: 21292) connected
[plugin-worker] "nx/core/project-json" (pid: 11604) listening on \\.\pipe\nx\C:\Users\ANGELA~1\AppData\Local\Temp\plugin24548-14-61901.1211.sock
[isolated-plugin] connected to worker for "nx/core/project-json" (pid: 11604)
[1m[33mTime taken for 'plugin worker 11604 code loading' 726.4904ms[39m[22m
[NX v22.7.5 Daemon Server] - 2026-06-06T19:07:27.675Z - Time taken for 'start-plugin-worker:nx/core/project-json' 876.1142000000036ms
[plugin-worker] "nx/core/project-json" (pid: 11604) connected
[plugin-worker] "nx/core/package-json" (pid: 21292) loaded successfully
[plugin-worker] "nx/js/dependencies-and-lockfile" (pid: 22144) loaded successfully
[plugin-worker] "nx/core/project-json" (pid: 11604) loaded successfully
[1m[33mTime taken for 'nx/core/package-json:createNodes' 40.96519999999987ms[39m[22m
[isolated-plugin] shutting down worker for "nx/core/package-json" after createNodes
[1m[33mTime taken for 'nx/core/project-json:createNodes' 0.6476999999999862ms[39m[22m
[isolated-plugin] shutting down worker for "nx/core/project-json" after createNodes
[1m[33mTime taken for 'nx/js/dependencies-and-lockfile:createNodes' 20.781400000000076ms[39m[22m
[NX v22.7.5 Daemon Server] - 2026-06-06T19:07:28.900Z - Time taken for 'build-project-configs' 2151.483ms
[NX v22.7.5 Daemon Server] - 2026-06-06T19:07:28.900Z - Time taken for 'createNodes:merge' 2.791400000001886ms
[NX v22.7.5 Daemon Server] - 2026-06-06T19:07:28.900Z - Time taken for 'get-all-workspace-files' 0.4144000000014785ms
[isolated-plugin] shutting down worker for "nx/js/dependencies-and-lockfile" after createDependencies
[NX v22.7.5 Daemon Server] - 2026-06-06T19:07:28.931Z - [SYNC]: collect registered sync generators
[NX v22.7.5 Daemon Server] - 2026-06-06T19:07:28.932Z - [SYNC]: project graph hash is the same, not collecting task sync generators
[NX v22.7.5 Daemon Server] - 2026-06-06T19:07:28.932Z - [SYNC]: nx.json hash is the same, not collecting global sync generators
[NX v22.7.5 Daemon Server] - 2026-06-06T19:07:28.932Z - Time taken for 'total execution time for createProjectGraph()' 43.1247000000003ms
[NX v22.7.5 Daemon Server] - 2026-06-06T19:07:28.932Z - Time taken for 'createDependencies' 29.88459999999759ms
[NX v22.7.5 Daemon Server] - 2026-06-06T19:07:28.932Z - Time taken for 'nx/js/dependencies-and-lockfile:createDependencies' 29.570200000001932ms
[NX v22.7.5 Daemon Server] - 2026-06-06T19:07:28.933Z - Time taken for 'createMetadata' 0.016199999998207204ms
[NX v22.7.5 Daemon Server] - 2026-06-06T19:07:28.933Z - Time taken for 'serialize graph' 2.8395000000018626ms
DEBUG nx::native::telemetry::service: Sent 1 events: [nx/js/dependencies-and-lockfile:createDe]
[NX v22.7.5 Daemon Server] - 2026-06-06T19:08:13.838Z - [WATCHER]: Processing file changes in outputs
[NX v22.7.5 Daemon Server] - 2026-06-06T19:08:13.839Z - [WATCHER]: apps/ledger-accounts-svc/src/main.ts was modified
[NX v22.7.5 Daemon Server] - 2026-06-06T19:08:13.839Z - [WATCHER]: File changes detected:
Created:
(none)
Updated:
  - apps/ledger-accounts-svc/src/main.ts
Deleted:
(none)
[NX v22.7.5 Daemon Server] - 2026-06-06T19:08:13.839Z - [SYNC]: clearing sync generators cache due to file changes
[NX v22.7.5 Daemon Server] - 2026-06-06T19:08:14.403Z - [WATCHER]: 0 file(s) created or restored, 3 file(s) modified, 0 file(s) deleted
[NX v22.7.5 Daemon Server] - 2026-06-06T19:08:14.404Z - [WATCHER]: File changes detected:
Created:
(none)
Updated:
  - apps/ledger-accounts-svc/dist/apps/ledger-accounts-svc/src/main.js.map
  - apps/ledger-accounts-svc/dist/apps/ledger-accounts-svc/src/main.js
  - apps/ledger-accounts-svc/dist/apps/ledger-accounts-svc/src/main.d.ts
Deleted:
(none)
[NX v22.7.5 Daemon Server] - 2026-06-06T19:08:14.405Z - [SYNC]: clearing sync generators cache due to file changes
[NX v22.7.5 Daemon Server] - 2026-06-06T19:08:14.409Z - [WATCHER]: Processing file changes in outputs
[NX v22.7.5 Daemon Server] - 2026-06-06T19:08:14.459Z - [WATCHER]: 0 file(s) created or restored, 4 file(s) modified, 0 file(s) deleted
[NX v22.7.5 Daemon Server] - 2026-06-06T19:08:14.459Z - [WATCHER]: File changes detected:
Created:
(none)
Updated:
  - apps/ledger-accounts-svc/dist/apps/ledger-accounts-svc/src/main.js.map
  - apps/ledger-accounts-svc/dist/apps/ledger-accounts-svc/src/main.js
  - apps/ledger-accounts-svc/dist/apps/ledger-accounts-svc/src/main.d.ts
  - apps/ledger-accounts-svc/dist/tsconfig.tsbuildinfo
Deleted:
(none)
[NX v22.7.5 Daemon Server] - 2026-06-06T19:08:14.460Z - [SYNC]: clearing sync generators cache due to file changes
[NX v22.7.5 Daemon Server] - 2026-06-06T19:08:14.460Z - [WATCHER]: Processing file changes in outputs
[NX v22.7.5 Daemon Server] - 2026-06-06T19:08:14.536Z - [WATCHER]: Processing file changes in outputs
[NX v22.7.5 Daemon Server] - 2026-06-06T19:08:14.537Z - [WATCHER]: apps/ledger-accounts-svc/dist/tsconfig.build.tsbuildinfo was modified
[NX v22.7.5 Daemon Server] - 2026-06-06T19:08:14.537Z - [WATCHER]: File changes detected:
Created:
(none)
Updated:
  - apps/ledger-accounts-svc/dist/tsconfig.build.tsbuildinfo
Deleted:
(none)
[NX v22.7.5 Daemon Server] - 2026-06-06T19:08:14.537Z - [SYNC]: clearing sync generators cache due to file changes
[NX v22.7.5 Daemon Server] - 2026-06-06T19:08:14.650Z - [REQUEST]: Updated workspace context based on watched changes, recomputing project graph...
[NX v22.7.5 Daemon Server] - 2026-06-06T19:08:14.650Z - [REQUEST]: apps/ledger-accounts-svc/src/main.ts,apps/ledger-accounts-svc/dist/apps/ledger-accounts-svc/src/main.js.map,apps/ledger-accounts-svc/dist/apps/ledger-accounts-svc/src/main.js,apps/ledger-accounts-svc/dist/apps/ledger-accounts-svc/src/main.d.ts,apps/ledger-accounts-svc/dist/tsconfig.tsbuildinfo,apps/ledger-accounts-svc/dist/tsconfig.build.tsbuildinfo
[NX v22.7.5 Daemon Server] - 2026-06-06T19:08:14.650Z - [REQUEST]: 
[plugin-client] restarting worker for "nx/js/dependencies-and-lockfile"
[isolated-plugin] spawned worker for "nx/js/dependencies-and-lockfile" (pid: 14452, socket: \\.\pipe\nx\C:\Users\ANGELA~1\AppData\Local\Temp\plugin24548-15-109755.0854.sock)
[plugin-client] restarting worker for "nx/core/package-json"
[isolated-plugin] spawned worker for "nx/core/package-json" (pid: 4984, socket: \\.\pipe\nx\C:\Users\ANGELA~1\AppData\Local\Temp\plugin24548-16-109769.6682.sock)
[plugin-client] restarting worker for "nx/core/project-json"
[isolated-plugin] spawned worker for "nx/core/project-json" (pid: 10592, socket: \\.\pipe\nx\C:\Users\ANGELA~1\AppData\Local\Temp\plugin24548-17-109782.6728.sock)
[NX v22.7.5 Daemon Server] - 2026-06-06T19:08:14.693Z - Time taken for 'hash changed files from watcher' 1.3611999999993714ms
[plugin-worker] "nx/js/dependencies-and-lockfile" (pid: 14452) listening on \\.\pipe\nx\C:\Users\ANGELA~1\AppData\Local\Temp\plugin24548-15-109755.0854.sock
[isolated-plugin] connected to worker for "nx/js/dependencies-and-lockfile" (pid: 14452)
[plugin-worker] "nx/js/dependencies-and-lockfile" (pid: 14452) connected
[1m[33mTime taken for 'plugin worker 14452 code loading' 972.5544000000001ms[39m[22m
[NX v22.7.5 Daemon Server] - 2026-06-06T19:08:15.757Z - Time taken for 'start-plugin-worker:nx/js/dependencies-and-lockfile' 1102.5697000000073ms
[plugin-worker] "nx/core/package-json" (pid: 4984) listening on \\.\pipe\nx\C:\Users\ANGELA~1\AppData\Local\Temp\plugin24548-16-109769.6682.sock
[1m[33mTime taken for 'plugin worker 4984 code loading' 986.5129ms[39m[22m
[isolated-plugin] connected to worker for "nx/core/package-json" (pid: 4984)
[NX v22.7.5 Daemon Server] - 2026-06-06T19:08:15.790Z - Time taken for 'start-plugin-worker:nx/core/package-json' 1122.8815000000031ms
[plugin-worker] "nx/core/package-json" (pid: 4984) connected
[plugin-worker] "nx/core/project-json" (pid: 10592) listening on \\.\pipe\nx\C:\Users\ANGELA~1\AppData\Local\Temp\plugin24548-17-109782.6728.sock
[1m[33mTime taken for 'plugin worker 10592 code loading' 983.1907ms[39m[22m
[isolated-plugin] connected to worker for "nx/core/project-json" (pid: 10592)
[NX v22.7.5 Daemon Server] - 2026-06-06T19:08:15.802Z - Time taken for 'start-plugin-worker:nx/core/project-json' 1121.3222999999998ms
[plugin-worker] "nx/core/project-json" (pid: 10592) connected
[plugin-worker] "nx/js/dependencies-and-lockfile" (pid: 14452) loaded successfully
[plugin-worker] "nx/core/project-json" (pid: 10592) loaded successfully
[plugin-worker] "nx/core/package-json" (pid: 4984) loaded successfully
[isolated-plugin] shutting down worker for "nx/core/project-json" after createNodes
[1m[33mTime taken for 'nx/core/package-json:createNodes' 39.89319999999998ms[39m[22m
[isolated-plugin] shutting down worker for "nx/core/package-json" after createNodes
[1m[33mTime taken for 'nx/js/dependencies-and-lockfile:createNodes' 19.492099999999937ms[39m[22m
[NX v22.7.5 Daemon Server] - 2026-06-06T19:08:17.609Z - Time taken for 'build-project-configs' 2940.916599999997ms
[NX v22.7.5 Daemon Server] - 2026-06-06T19:08:17.610Z - Time taken for 'createNodes:merge' 3.0439000000042142ms
[NX v22.7.5 Daemon Server] - 2026-06-06T19:08:17.610Z - Time taken for 'get-all-workspace-files' 0.5384999999951106ms
[1m[33mTime taken for 'build typescript dependencies' 4.926600000000235ms[39m[22m
[isolated-plugin] shutting down worker for "nx/js/dependencies-and-lockfile" after createDependencies
[NX v22.7.5 Daemon Server] - 2026-06-06T19:08:17.650Z - [SYNC]: collect registered sync generators
[NX v22.7.5 Daemon Server] - 2026-06-06T19:08:17.651Z - [SYNC]: project graph hash is the same, not collecting task sync generators
[NX v22.7.5 Daemon Server] - 2026-06-06T19:08:17.651Z - [SYNC]: nx.json hash is the same, not collecting global sync generators
[NX v22.7.5 Daemon Server] - 2026-06-06T19:08:17.652Z - Time taken for 'total execution time for createProjectGraph()' 51.71229999999923ms
[NX v22.7.5 Daemon Server] - 2026-06-06T19:08:17.652Z - Time taken for 'createDependencies' 39.67059999999765ms
[NX v22.7.5 Daemon Server] - 2026-06-06T19:08:17.652Z - Time taken for 'nx/js/dependencies-and-lockfile:createDependencies' 39.40009999999893ms
[NX v22.7.5 Daemon Server] - 2026-06-06T19:08:17.652Z - Time taken for 'createMetadata' 0.023399999990942888ms
[NX v22.7.5 Daemon Server] - 2026-06-06T19:08:17.652Z - Time taken for 'serialize graph' 3.3659999999945285ms
DEBUG nx::native::telemetry::service: Sent 1 events: [nx/js/dependencies-and-lockfile:createDe]
[NX v22.7.5 Daemon Server] - 2026-06-06T19:08:38.635Z - [WATCHER]: apps/ledger-accounts-svc/package.json was modified
[NX v22.7.5 Daemon Server] - 2026-06-06T19:08:38.636Z - [WATCHER]: File changes detected:
Created:
(none)
Updated:
  - apps/ledger-accounts-svc/package.json
Deleted:
(none)
[NX v22.7.5 Daemon Server] - 2026-06-06T19:08:38.636Z - [SYNC]: clearing sync generators cache due to file changes
[NX v22.7.5 Daemon Server] - 2026-06-06T19:08:38.636Z - [WATCHER]: Processing file changes in outputs
[NX v22.7.5 Daemon Server] - 2026-06-06T19:08:39.183Z - [Server] lock file hash changed! old=11485541910010800173, new=18209309099234027534
[NX v22.7.5 Daemon Server] - 2026-06-06T19:08:39.184Z - [Server] Daemon outdated: LOCK_FILES_CHANGED
[NX v22.7.5 Daemon Server] - 2026-06-06T19:08:39.184Z - [Server] Restarting daemon...
[NX v22.7.5 Daemon Server] - 2026-06-06T19:08:39.189Z - Restarting daemon with script: C:\Users\Angel Aubrey\Documents\stone-cap\Finance-System_Capstone-1\backend\node_modules\nx\dist\src\daemon\server\start.js
[NX v22.7.5 Daemon Server] - 2026-06-06T19:08:39.189Z - Old daemon __dirname: C:\Users\Angel Aubrey\Documents\stone-cap\Finance-System_Capstone-1\backend\node_modules\nx\dist\src\daemon\server
[NX v22.7.5 Daemon Server] - 2026-06-06T19:08:39.189Z - Current process.execPath: C:\Program Files\nodejs\node.exe
[NX v22.7.5 Daemon Server] - 2026-06-06T19:08:39.198Z - Started new daemon process in background
[NX v22.7.5 Daemon Server] - 2026-06-06T19:08:39.214Z - [WATCHER]: Stopping the watcher for C:\Users\Angel Aubrey\Documents\stone-cap\Finance-System_Capstone-1\backend (sources)
[NX v22.7.5 Daemon Server] - 2026-06-06T19:08:39.214Z - [WATCHER]: Stopping the watcher for C:\Users\Angel Aubrey\Documents\stone-cap\Finance-System_Capstone-1\backend (outputs)
[NX v22.7.5 Daemon Server] - 2026-06-06T19:08:39.215Z - [LATEST-NX]: Cleaning up latest Nx installation from C:\Users\ANGELA~1\AppData\Local\Temp\tmp-24548-01dO94E8lmN1
[NX v22.7.5 Daemon Server] - 2026-06-06T19:08:39.219Z - Server stopped because: "LOCK_FILES_CHANGED"
Failed to flush telemetry: Flush reply channel closed
[NX v22.7.5 Daemon Client] - 2026-06-14T17:03:59.300Z - [Client] Starting new daemon server in background
[NX v22.7.5 Daemon Client] - 2026-06-14T17:03:59.308Z - [Client] Waiting for server (max: 6000 attempts, 10ms interval)
[NX v22.7.5 Daemon Server] - 2026-06-14T17:03:59.870Z - Time taken for 'workspace context init' 1.751299999999958ms
DEBUG nx::native::telemetry: Telemetry service initialized successfully
[NX v22.7.5 Daemon Server] - 2026-06-14T17:04:00.382Z - New daemon starting from: C:\Users\Angel Aubrey\Documents\stone-cap\Finance-System_Capstone-1\backend\node_modules\nx\dist\src\daemon\server\server.js
[NX v22.7.5 Daemon Server] - 2026-06-14T17:04:00.382Z - New daemon __dirname: C:\Users\Angel Aubrey\Documents\stone-cap\Finance-System_Capstone-1\backend\node_modules\nx\dist\src\daemon\server
[NX v22.7.5 Daemon Server] - 2026-06-14T17:04:00.382Z - New daemon nxVersion: 22.7.5
[NX v22.7.5 Daemon Server] - 2026-06-14T17:04:00.383Z - New daemon getInstalledNxVersion(): 22.7.5
[NX v22.7.5 Daemon Server] - 2026-06-14T17:04:00.388Z - [Server] Starting outdated check interval (20ms)
[NX v22.7.5 Daemon Server] - 2026-06-14T17:04:00.390Z - Started listening on: \\.\pipe\nx\C:\Users\ANGELA~1\AppData\Local\Temp\0f437ccbc73ba6aac912\d.sock
[NX v22.7.5 Daemon Server] - 2026-06-14T17:04:00.394Z - [WATCHER]: Subscribed to changes within: C:\Users\Angel Aubrey\Documents\stone-cap\Finance-System_Capstone-1\backend (native)
[NX v22.7.5 Daemon Server] - 2026-06-14T17:04:00.395Z - [LATEST-NX]: Pulling latest Nx...
[NX v22.7.5 Daemon Client] - 2026-06-14T17:04:00.407Z - [Client] Server available
[NX v22.7.5 Daemon Server] - 2026-06-14T17:04:00.408Z - [AI-AGENTS]: Starting agent configuration status computation
[NX v22.7.5 Daemon Client] - 2026-06-14T17:04:00.408Z - [Client] Daemon server started, pid=26356
[NX v22.7.5 Daemon Client] - 2026-06-14T17:04:00.411Z - [Messenger] Setting up socket listeners
[NX v22.7.5 Daemon Client] - 2026-06-14T17:04:00.412Z - [Messenger] listen() complete
[NX v22.7.5 Daemon Server] - 2026-06-14T17:04:00.414Z - Established a connection. Number of open connections: 1
[NX v22.7.5 Daemon Server] - 2026-06-14T17:04:00.415Z - Established a connection. Number of open connections: 2
[NX v22.7.5 Daemon Server] - 2026-06-14T17:04:00.416Z - Closed a connection. Number of open connections: 1
[isolated-plugin] spawned worker for "C:\Users\Angel Aubrey\Documents\stone-cap\Finance-System_Capstone-1\backend\node_modules\nx\dist\src\plugins\js" (pid: 29652, socket: \\.\pipe\nx\C:\Users\ANGELA~1\AppData\Local\Temp\plugin26356-0-1179.7829.sock)
[isolated-plugin] spawned worker for "C:\Users\Angel Aubrey\Documents\stone-cap\Finance-System_Capstone-1\backend\node_modules\nx\dist\src\plugins\package-json" (pid: 7348, socket: \\.\pipe\nx\C:\Users\ANGELA~1\AppData\Local\Temp\plugin26356-1-1189.1063.sock)
[isolated-plugin] spawned worker for "C:\Users\Angel Aubrey\Documents\stone-cap\Finance-System_Capstone-1\backend\node_modules\nx\dist\src\plugins\project-json\build-nodes\project-json" (pid: 15564, socket: \\.\pipe\nx\C:\Users\ANGELA~1\AppData\Local\Temp\plugin26356-2-1198.3332.sock)
[NX v22.7.5 Daemon Server] - 2026-06-14T17:04:00.533Z - Time taken for 'loadSpecifiedNxPlugins' 28.098600000000033ms
[NX v22.7.5 Daemon Client] - 2026-06-14T17:04:00.953Z - [Messenger] Sending message type: REQUEST_PROJECT_GRAPH
[NX v22.7.5 Daemon Client] - 2026-06-14T17:04:00.955Z - [Messenger] Message sent
[NX v22.7.5 Daemon Server] - 2026-06-14T17:04:00.960Z - Received raw message of length 4442
[NX v22.7.5 Daemon Server] - 2026-06-14T17:04:00.961Z - Received json message of type REQUEST_PROJECT_GRAPH
[NX v22.7.5 Daemon Server] - 2026-06-14T17:04:00.962Z - [REQUEST]: Client Request for Project Graph Received
[plugin-worker] "C:\Users\Angel Aubrey\Documents\stone-cap\Finance-System_Capstone-1\backend\node_modules\nx\dist\src\plugins\js" (pid: 29652) listening on \\.\pipe\nx\C:\Users\ANGELA~1\AppData\Local\Temp\plugin26356-0-1179.7829.sock
[1m[33mTime taken for 'plugin worker 29652 code loading' 501.5504ms[39m[22m
[isolated-plugin] connected to worker for "C:\Users\Angel Aubrey\Documents\stone-cap\Finance-System_Capstone-1\backend\node_modules\nx\dist\src\plugins\js" (pid: 29652)
[plugin-worker] "C:\Users\Angel Aubrey\Documents\stone-cap\Finance-System_Capstone-1\backend\node_modules\nx\dist\src\plugins\js" (pid: 29652) connected
[NX v22.7.5 Daemon Server] - 2026-06-14T17:04:01.112Z - Time taken for 'start-plugin-worker:C:\Users\Angel Aubrey\Documents\stone-cap\Finance-System_Capstone-1\backend\node_modules\nx\dist\src\plugins\js' 602.6404ms
[plugin-worker] "C:\Users\Angel Aubrey\Documents\stone-cap\Finance-System_Capstone-1\backend\node_modules\nx\dist\src\plugins\package-json" (pid: 7348) listening on \\.\pipe\nx\C:\Users\ANGELA~1\AppData\Local\Temp\plugin26356-1-1189.1063.sock
[1m[33mTime taken for 'plugin worker 7348 code loading' 513.7125ms[39m[22m
[isolated-plugin] connected to worker for "C:\Users\Angel Aubrey\Documents\stone-cap\Finance-System_Capstone-1\backend\node_modules\nx\dist\src\plugins\package-json" (pid: 7348)
[NX v22.7.5 Daemon Server] - 2026-06-14T17:04:01.124Z - Time taken for 'start-plugin-worker:C:\Users\Angel Aubrey\Documents\stone-cap\Finance-System_Capstone-1\backend\node_modules\nx\dist\src\plugins\package-json' 608.4267ms
[plugin-worker] "C:\Users\Angel Aubrey\Documents\stone-cap\Finance-System_Capstone-1\backend\node_modules\nx\dist\src\plugins\package-json" (pid: 7348) connected
[plugin-worker] "C:\Users\Angel Aubrey\Documents\stone-cap\Finance-System_Capstone-1\backend\node_modules\nx\dist\src\plugins\project-json\build-nodes\project-json" (pid: 15564) listening on \\.\pipe\nx\C:\Users\ANGELA~1\AppData\Local\Temp\plugin26356-2-1198.3332.sock
[1m[33mTime taken for 'plugin worker 15564 code loading' 527.4932ms[39m[22m
[isolated-plugin] connected to worker for "C:\Users\Angel Aubrey\Documents\stone-cap\Finance-System_Capstone-1\backend\node_modules\nx\dist\src\plugins\project-json\build-nodes\project-json" (pid: 15564)
[NX v22.7.5 Daemon Server] - 2026-06-14T17:04:01.147Z - Time taken for 'start-plugin-worker:C:\Users\Angel Aubrey\Documents\stone-cap\Finance-System_Capstone-1\backend\node_modules\nx\dist\src\plugins\project-json\build-nodes\project-json' 622.7463ms
[plugin-worker] "C:\Users\Angel Aubrey\Documents\stone-cap\Finance-System_Capstone-1\backend\node_modules\nx\dist\src\plugins\project-json\build-nodes\project-json" (pid: 15564) connected
[plugin-worker] "C:\Users\Angel Aubrey\Documents\stone-cap\Finance-System_Capstone-1\backend\node_modules\nx\dist\src\plugins\package-json" (pid: 7348) loaded successfully
[NX v22.7.5 Daemon Server] - 2026-06-14T17:04:01.314Z - Time taken for 'Load Nx Plugin: C:\Users\Angel Aubrey\Documents\stone-cap\Finance-System_Capstone-1\backend\node_modules\nx\dist\src\plugins\package-json' 809.768ms
[plugin-worker] "C:\Users\Angel Aubrey\Documents\stone-cap\Finance-System_Capstone-1\backend\node_modules\nx\dist\src\plugins\project-json\build-nodes\project-json" (pid: 15564) loaded successfully
[NX v22.7.5 Daemon Server] - 2026-06-14T17:04:01.319Z - Time taken for 'Load Nx Plugin: C:\Users\Angel Aubrey\Documents\stone-cap\Finance-System_Capstone-1\backend\node_modules\nx\dist\src\plugins\project-json\build-nodes\project-json' 815.0392999999999ms
[plugin-worker] "C:\Users\Angel Aubrey\Documents\stone-cap\Finance-System_Capstone-1\backend\node_modules\nx\dist\src\plugins\js" (pid: 29652) loaded successfully
[NX v22.7.5 Daemon Server] - 2026-06-14T17:04:01.361Z - [REQUEST]: Updated workspace context based on watched changes, recomputing project graph...
[NX v22.7.5 Daemon Server] - 2026-06-14T17:04:01.361Z - [REQUEST]: 
[NX v22.7.5 Daemon Server] - 2026-06-14T17:04:01.361Z - [REQUEST]: 
[NX v22.7.5 Daemon Server] - 2026-06-14T17:04:01.367Z - Reusing in-memory cached project graph because no files changed.
[NX v22.7.5 Daemon Server] - 2026-06-14T17:04:01.368Z - Streaming message to client: progress update for topic graph-construction
[NX v22.7.5 Daemon Client] - 2026-06-14T17:04:01.369Z - [Messenger] Received message, length: 47
[NX v22.7.5 Daemon Server] - 2026-06-14T17:04:01.384Z - Time taken for 'loadDefaultNxPlugins' 856.7468000000001ms
[NX v22.7.5 Daemon Server] - 2026-06-14T17:04:01.384Z - Time taken for 'Load Nx Plugin: C:\Users\Angel Aubrey\Documents\stone-cap\Finance-System_Capstone-1\backend\node_modules\nx\dist\src\plugins\js' 856.4556ms
[NX v22.7.5 Daemon Server] - 2026-06-14T17:04:01.384Z - Time taken for 'hash changed files from watcher' 1.259800000000041ms
[1m[33mTime taken for 'nx/core/project-json:createNodes' 0.7618999999999687ms[39m[22m
[isolated-plugin] shutting down worker for "nx/core/project-json" after createNodes
[NX v22.7.5 Daemon Server] - 2026-06-14T17:04:01.935Z - Streaming message to client: progress update for topic graph-construction
[NX v22.7.5 Daemon Client] - 2026-06-14T17:04:01.936Z - [Messenger] Received message, length: 153
[1m[33mTime taken for 'nx/core/package-json:createNodes' 21.15800000000013ms[39m[22m
[isolated-plugin] shutting down worker for "nx/core/package-json" after createNodes
[NX v22.7.5 Daemon Server] - 2026-06-14T17:04:01.968Z - Streaming message to client: progress update for topic graph-construction
[NX v22.7.5 Daemon Client] - 2026-06-14T17:04:01.968Z - [Messenger] Received message, length: 112
[1m[33mTime taken for 'nx/js/dependencies-and-lockfile:createNodes' 36.124900000000025ms[39m[22m
[NX v22.7.5 Daemon Server] - 2026-06-14T17:04:02.037Z - Streaming message to client: progress update for topic graph-construction
[NX v22.7.5 Daemon Client] - 2026-06-14T17:04:02.037Z - [Messenger] Received message, length: 47
[NX v22.7.5 Daemon Server] - 2026-06-14T17:04:02.077Z - Streaming message to client: progress update for topic graph-construction
[NX v22.7.5 Daemon Server] - 2026-06-14T17:04:02.079Z - Time taken for 'build-project-configs' 680.5837000000001ms
[NX v22.7.5 Daemon Server] - 2026-06-14T17:04:02.079Z - Time taken for 'createNodes:merge' 10.47589999999991ms
[NX v22.7.5 Daemon Server] - 2026-06-14T17:04:02.079Z - Time taken for 'native-file-deps' 0.014900000000125146ms
[NX v22.7.5 Daemon Server] - 2026-06-14T17:04:02.080Z - Time taken for 'get-workspace-files' 1.930000000000291ms
[NX v22.7.5 Daemon Server] - 2026-06-14T17:04:02.080Z - Time taken for 'get-all-workspace-files' 0.43600000000014916ms
[NX v22.7.5 Daemon Server] - 2026-06-14T17:04:02.080Z - Time taken for 'read cache' 2.4020000000000437ms
[NX v22.7.5 Daemon Client] - 2026-06-14T17:04:02.083Z - [Messenger] Received message, length: 47
[1m[33mTime taken for 'build typescript dependencies' 116.3626999999999ms[39m[22m
[isolated-plugin] shutting down worker for "nx/js/dependencies-and-lockfile" after createDependencies
[NX v22.7.5 Daemon Server] - 2026-06-14T17:04:02.261Z - Streaming message to client: progress update for topic graph-construction
[NX v22.7.5 Daemon Client] - 2026-06-14T17:04:02.261Z - [Messenger] Received message, length: 47
[NX v22.7.5 Daemon Server] - 2026-06-14T17:04:02.269Z - [SYNC]: collect registered sync generators
[NX v22.7.5 Daemon Server] - 2026-06-14T17:04:02.284Z - Wrote project graph cache to C:\Users\Angel Aubrey\Documents\stone-cap\Finance-System_Capstone-1\backend\.nx\workspace-data\project-graph.json
[NX v22.7.5 Daemon Server] - 2026-06-14T17:04:02.285Z - Serializing response for REQUEST_PROJECT_GRAPH message in json mode
[NX v22.7.5 Daemon Server] - 2026-06-14T17:04:02.285Z - Responding to REQUEST_PROJECT_GRAPH message
[NX v22.7.5 Daemon Server] - 2026-06-14T17:04:02.285Z - [REQUEST]: Responding to the client. project-graph
[NX v22.7.5 Daemon Server] - 2026-06-14T17:04:02.285Z - Time taken for 'total for creating and serializing project graph' 1323.1172ms
[NX v22.7.5 Daemon Server] - 2026-06-14T17:04:02.285Z - Time taken for 'total execution time for createProjectGraph()' 201.43690000000015ms
[NX v22.7.5 Daemon Server] - 2026-06-14T17:04:02.285Z - Time taken for 'createDependencies' 187.17029999999977ms
[NX v22.7.5 Daemon Server] - 2026-06-14T17:04:02.285Z - Time taken for 'nx/js/dependencies-and-lockfile:createDependencies' 186.6239999999998ms
[NX v22.7.5 Daemon Server] - 2026-06-14T17:04:02.285Z - Time taken for 'createMetadata' 0.19549999999981083ms
[NX v22.7.5 Daemon Server] - 2026-06-14T17:04:02.285Z - Time taken for 'serialize graph' 2.073099999999613ms
[NX v22.7.5 Daemon Server] - 2026-06-14T17:04:02.285Z - Time taken for 'write cache' 14.166699999999764ms
[NX v22.7.5 Daemon Client] - 2026-06-14T17:04:02.291Z - [Messenger] Received message, length: 402156
[NX v22.7.5 Daemon Server] - 2026-06-14T17:04:02.292Z - Done responding to the client project-graph
[NX v22.7.5 Daemon Server] - 2026-06-14T17:04:02.292Z - Handled json message REQUEST_PROJECT_GRAPH. Handling time: 1323. Response time: 7.
[NX v22.7.5 Daemon Client] - 2026-06-14T17:04:02.297Z - [Messenger] Sending message type: PRE_TASKS_EXECUTION
[NX v22.7.5 Daemon Client] - 2026-06-14T17:04:02.298Z - [Messenger] Message sent
[NX v22.7.5 Daemon Server] - 2026-06-14T17:04:02.300Z - Received raw message of length 467
[NX v22.7.5 Daemon Server] - 2026-06-14T17:04:02.300Z - Received json message of type PRE_TASKS_EXECUTION
[NX v22.7.5 Daemon Server] - 2026-06-14T17:04:02.302Z - Serializing response for PRE_TASKS_EXECUTION message in json mode
[NX v22.7.5 Daemon Server] - 2026-06-14T17:04:02.303Z - Responding to PRE_TASKS_EXECUTION message
[NX v22.7.5 Daemon Server] - 2026-06-14T17:04:02.303Z - [REQUEST]: Responding to the client. handleRunPreTasksExecution
[NX v22.7.5 Daemon Server] - 2026-06-14T17:04:02.303Z - Time taken for 'preTasksExecution' 2.1129000000000815ms
[NX v22.7.5 Daemon Server] - 2026-06-14T17:04:02.303Z - Done responding to the client handleRunPreTasksExecution
[NX v22.7.5 Daemon Server] - 2026-06-14T17:04:02.303Z - Handled json message PRE_TASKS_EXECUTION. Handling time: 2. Response time: 1.
[NX v22.7.5 Daemon Client] - 2026-06-14T17:04:02.303Z - [Messenger] Received message, length: 2
[NX v22.7.5 Daemon Client] - 2026-06-14T17:04:02.374Z - [Messenger] Sending message type: HASH_TASKS
[NX v22.7.5 Daemon Client] - 2026-06-14T17:04:02.375Z - [Messenger] Message sent
[NX v22.7.5 Daemon Server] - 2026-06-14T17:04:02.378Z - Received raw message of length 557
[NX v22.7.5 Daemon Server] - 2026-06-14T17:04:02.378Z - Received json message of type HASH_TASKS
[NX v22.7.5 Daemon Server] - 2026-06-14T17:04:02.379Z - Reusing in-memory cached project graph because no files changed.
DEBUG nx::native::tasks::hash_planner: get_plans_internal COMPLETED in 3.3554ms - processed 0 tasks (setup: 3.3254ms, parallel_planning: 11.5µs)
DEBUG nx::native::tasks::task_hasher: hash_plans COMPLETED in 426.8µs - processed 0 plans (setup: 165.8µs, hashing: 257.9µs, assembly: 5.1µs)
[NX v22.7.5 Daemon Server] - 2026-06-14T17:04:02.390Z - Serializing response for HASH_TASKS message in json mode
[NX v22.7.5 Daemon Server] - 2026-06-14T17:04:02.390Z - Responding to HASH_TASKS message
[NX v22.7.5 Daemon Server] - 2026-06-14T17:04:02.390Z - [REQUEST]: Responding to the client. handleHashTasks
[NX v22.7.5 Daemon Server] - 2026-06-14T17:04:02.391Z - Done responding to the client handleHashTasks
[NX v22.7.5 Daemon Server] - 2026-06-14T17:04:02.391Z - Handled json message HASH_TASKS. Handling time: 12. Response time: 1.
[NX v22.7.5 Daemon Client] - 2026-06-14T17:04:02.391Z - [Messenger] Received message, length: 2
[NX v22.7.5 Daemon Client] - 2026-06-14T17:04:02.409Z - [Messenger] Sending message type: GET_ESTIMATED_TASK_TIMINGS
[NX v22.7.5 Daemon Client] - 2026-06-14T17:04:02.410Z - [Messenger] Message sent
[NX v22.7.5 Daemon Server] - 2026-06-14T17:04:02.415Z - Received raw message of length 50
[NX v22.7.5 Daemon Server] - 2026-06-14T17:04:02.415Z - Received json message of type GET_ESTIMATED_TASK_TIMINGS
[NX v22.7.5 Daemon Server] - 2026-06-14T17:04:02.420Z - Serializing response for GET_ESTIMATED_TASK_TIMINGS message in json mode
[NX v22.7.5 Daemon Server] - 2026-06-14T17:04:02.420Z - Responding to GET_ESTIMATED_TASK_TIMINGS message
[NX v22.7.5 Daemon Server] - 2026-06-14T17:04:02.420Z - [REQUEST]: Responding to the client. handleGetEstimatedTaskTimings
[NX v22.7.5 Daemon Server] - 2026-06-14T17:04:02.420Z - Done responding to the client handleGetEstimatedTaskTimings
[NX v22.7.5 Daemon Server] - 2026-06-14T17:04:02.420Z - Handled json message GET_ESTIMATED_TASK_TIMINGS. Handling time: 5. Response time: 0.
[NX v22.7.5 Daemon Client] - 2026-06-14T17:04:02.420Z - [Messenger] Received message, length: 2
[NX v22.7.5 Daemon Client] - 2026-06-14T17:04:02.424Z - [Messenger] Sending message type: RECORD_TASK_RUNS
[NX v22.7.5 Daemon Client] - 2026-06-14T17:04:02.425Z - [Messenger] Message sent
[NX v22.7.5 Daemon Server] - 2026-06-14T17:04:02.429Z - Received raw message of length 41
[NX v22.7.5 Daemon Server] - 2026-06-14T17:04:02.429Z - Received json message of type RECORD_TASK_RUNS
[NX v22.7.5 Daemon Server] - 2026-06-14T17:04:02.429Z - Serializing response for RECORD_TASK_RUNS message in json mode
[NX v22.7.5 Daemon Server] - 2026-06-14T17:04:02.429Z - Responding to RECORD_TASK_RUNS message
[NX v22.7.5 Daemon Server] - 2026-06-14T17:04:02.429Z - [REQUEST]: Responding to the client. handleRecordTaskRuns
[NX v22.7.5 Daemon Server] - 2026-06-14T17:04:02.429Z - Done responding to the client handleRecordTaskRuns
[NX v22.7.5 Daemon Server] - 2026-06-14T17:04:02.429Z - Handled json message RECORD_TASK_RUNS. Handling time: 0. Response time: 0.
[NX v22.7.5 Daemon Client] - 2026-06-14T17:04:02.429Z - [Messenger] Received message, length: 4
[NX v22.7.5 Daemon Client] - 2026-06-14T17:04:02.450Z - [Messenger] Sending message type: GET_CONFIGURE_AI_AGENTS_STATUS
[NX v22.7.5 Daemon Server] - 2026-06-14T17:04:02.450Z - Established a connection. Number of open connections: 2
[NX v22.7.5 Daemon Server] - 2026-06-14T17:04:02.451Z - Closed a connection. Number of open connections: 1
[NX v22.7.5 Daemon Client] - 2026-06-14T17:04:02.451Z - [Messenger] Message sent
[NX v22.7.5 Daemon Server] - 2026-06-14T17:04:02.452Z - Received raw message of length 41
[NX v22.7.5 Daemon Server] - 2026-06-14T17:04:02.452Z - Received json message of type GET_CONFIGURE_AI_AGENTS_STATUS
[NX v22.7.5 Daemon Server] - 2026-06-14T17:04:02.452Z - Serializing response for GET_CONFIGURE_AI_AGENTS_STATUS message in json mode
[NX v22.7.5 Daemon Server] - 2026-06-14T17:04:02.452Z - Responding to GET_CONFIGURE_AI_AGENTS_STATUS message
[NX v22.7.5 Daemon Server] - 2026-06-14T17:04:02.452Z - [REQUEST]: Responding to the client. handleGetConfigureAiAgentsStatus
[NX v22.7.5 Daemon Server] - 2026-06-14T17:04:02.453Z - Done responding to the client handleGetConfigureAiAgentsStatus
[NX v22.7.5 Daemon Server] - 2026-06-14T17:04:02.453Z - Handled json message GET_CONFIGURE_AI_AGENTS_STATUS. Handling time: 0. Response time: 1.
[NX v22.7.5 Daemon Client] - 2026-06-14T17:04:02.453Z - [Messenger] Received message, length: 104
[NX v22.7.5 Daemon Client] - 2026-06-14T17:04:02.454Z - [Messenger] Sending message type: POST_TASKS_EXECUTION
[NX v22.7.5 Daemon Client] - 2026-06-14T17:04:02.454Z - [Messenger] Message sent
[NX v22.7.5 Daemon Server] - 2026-06-14T17:04:02.455Z - Received raw message of length 535
[NX v22.7.5 Daemon Server] - 2026-06-14T17:04:02.455Z - Received json message of type POST_TASKS_EXECUTION
[NX v22.7.5 Daemon Server] - 2026-06-14T17:04:02.456Z - Serializing response for POST_TASKS_EXECUTION message in json mode
[NX v22.7.5 Daemon Server] - 2026-06-14T17:04:02.456Z - Responding to POST_TASKS_EXECUTION message
[NX v22.7.5 Daemon Server] - 2026-06-14T17:04:02.456Z - [REQUEST]: Responding to the client. handleRunPostTasksExecution
[NX v22.7.5 Daemon Server] - 2026-06-14T17:04:02.456Z - Time taken for 'postTasksExecution' 0.406800000000203ms
[NX v22.7.5 Daemon Server] - 2026-06-14T17:04:02.456Z - Done responding to the client handleRunPostTasksExecution
[NX v22.7.5 Daemon Server] - 2026-06-14T17:04:02.456Z - Handled json message POST_TASKS_EXECUTION. Handling time: 1. Response time: 0.
[NX v22.7.5 Daemon Client] - 2026-06-14T17:04:02.456Z - [Messenger] Received message, length: 4
[NX v22.7.5 Daemon Server] - 2026-06-14T17:04:02.481Z - [WATCHER]: 0 file(s) created or restored, 0 file(s) modified, 0 file(s) deleted
DEBUG nx::native::telemetry::service: Sent 1 events: [nx/js/dependencies-and-lockfile:createDe]
[NX v22.7.5 Daemon Server] - 2026-06-14T17:04:02.562Z - Closed a connection. Number of open connections: 0
[NX v22.7.5 Daemon Server] - 2026-06-14T17:04:02.586Z - [REQUEST]: Updated workspace context based on watched changes, recomputing project graph...
[NX v22.7.5 Daemon Server] - 2026-06-14T17:04:02.586Z - [REQUEST]: 
[NX v22.7.5 Daemon Server] - 2026-06-14T17:04:02.586Z - [REQUEST]: 
[plugin-client] restarting worker for "nx/js/dependencies-and-lockfile"
[isolated-plugin] spawned worker for "nx/js/dependencies-and-lockfile" (pid: 27980, socket: \\.\pipe\nx\C:\Users\ANGELA~1\AppData\Local\Temp\plugin26356-3-3263.6384.sock)
[plugin-client] restarting worker for "nx/core/package-json"
[isolated-plugin] spawned worker for "nx/core/package-json" (pid: 26532, socket: \\.\pipe\nx\C:\Users\ANGELA~1\AppData\Local\Temp\plugin26356-4-3272.5212.sock)
[plugin-client] restarting worker for "nx/core/project-json"
[isolated-plugin] spawned worker for "nx/core/project-json" (pid: 24640, socket: \\.\pipe\nx\C:\Users\ANGELA~1\AppData\Local\Temp\plugin26356-5-3286.8061.sock)
[NX v22.7.5 Daemon Server] - 2026-06-14T17:04:02.630Z - Time taken for 'hash changed files from watcher' 0.6529000000000451ms
[isolated-plugin] connected to worker for "nx/core/package-json" (pid: 26532)
[plugin-worker] "nx/core/package-json" (pid: 26532) listening on \\.\pipe\nx\C:\Users\ANGELA~1\AppData\Local\Temp\plugin26356-4-3272.5212.sock
[NX v22.7.5 Daemon Server] - 2026-06-14T17:04:03.237Z - Time taken for 'start-plugin-worker:nx/core/package-json' 637.9404ms
[plugin-worker] "nx/core/package-json" (pid: 26532) connected
[1m[33mTime taken for 'plugin worker 26532 code loading' 516.1074ms[39m[22m
[isolated-plugin] connected to worker for "nx/js/dependencies-and-lockfile" (pid: 27980)
[plugin-worker] "nx/js/dependencies-and-lockfile" (pid: 27980) listening on \\.\pipe\nx\C:\Users\ANGELA~1\AppData\Local\Temp\plugin26356-3-3263.6384.sock
[NX v22.7.5 Daemon Server] - 2026-06-14T17:04:03.249Z - Time taken for 'start-plugin-worker:nx/js/dependencies-and-lockfile' 658.6750000000002ms
[plugin-worker] "nx/js/dependencies-and-lockfile" (pid: 27980) connected
[1m[33mTime taken for 'plugin worker 27980 code loading' 543.3016ms[39m[22m
[plugin-worker] "nx/core/project-json" (pid: 24640) listening on \\.\pipe\nx\C:\Users\ANGELA~1\AppData\Local\Temp\plugin26356-5-3286.8061.sock
[isolated-plugin] connected to worker for "nx/core/project-json" (pid: 24640)
[NX v22.7.5 Daemon Server] - 2026-06-14T17:04:03.259Z - Time taken for 'start-plugin-worker:nx/core/project-json' 645.9931999999999ms
[plugin-worker] "nx/core/project-json" (pid: 24640) connected
[1m[33mTime taken for 'plugin worker 24640 code loading' 525.2858ms[39m[22m
[plugin-worker] "nx/core/project-json" (pid: 24640) loaded successfully
[plugin-worker] "nx/core/package-json" (pid: 26532) loaded successfully
[plugin-worker] "nx/js/dependencies-and-lockfile" (pid: 27980) loaded successfully
Fetching nx...
[isolated-plugin] shutting down worker for "nx/core/project-json" after createNodes
[1m[33mTime taken for 'nx/js/dependencies-and-lockfile:createNodes' 13.949499999999944ms[39m[22m
[isolated-plugin] shutting down worker for "nx/core/package-json" after createNodes
[NX v22.7.5 Daemon Server] - 2026-06-14T17:04:04.742Z - Time taken for 'build-project-configs' 2141.1094000000003ms
[NX v22.7.5 Daemon Server] - 2026-06-14T17:04:04.742Z - Time taken for 'createNodes:merge' 2.028900000000249ms
[NX v22.7.5 Daemon Server] - 2026-06-14T17:04:04.742Z - Time taken for 'get-all-workspace-files' 0.41229999999995925ms
[1m[33mTime taken for 'build typescript dependencies' 0.22800000000006548ms[39m[22m
[isolated-plugin] shutting down worker for "nx/js/dependencies-and-lockfile" after createDependencies
[NX v22.7.5 Daemon Server] - 2026-06-14T17:04:04.762Z - [SYNC]: collect registered sync generators
[NX v22.7.5 Daemon Server] - 2026-06-14T17:04:04.763Z - [SYNC]: project graph hash is the same, not collecting task sync generators
[NX v22.7.5 Daemon Server] - 2026-06-14T17:04:04.763Z - [SYNC]: nx.json hash is the same, not collecting global sync generators
[NX v22.7.5 Daemon Server] - 2026-06-14T17:04:04.763Z - Time taken for 'total execution time for createProjectGraph()' 29.358400000000074ms
[NX v22.7.5 Daemon Server] - 2026-06-14T17:04:04.763Z - Time taken for 'createDependencies' 21.09429999999975ms
[NX v22.7.5 Daemon Server] - 2026-06-14T17:04:04.763Z - Time taken for 'nx/js/dependencies-and-lockfile:createDependencies' 20.91569999999956ms
[NX v22.7.5 Daemon Server] - 2026-06-14T17:04:04.763Z - Time taken for 'createMetadata' 0.015599999999722058ms
[NX v22.7.5 Daemon Server] - 2026-06-14T17:04:04.763Z - Time taken for 'serialize graph' 1.6111000000000786ms
DEBUG nx::native::telemetry::service: Sent 1 events: [nx/js/dependencies-and-lockfile:createDe]
[NX v22.7.5 Daemon Server] - 2026-06-14T17:04:19.377Z - [LATEST-NX]: Successfully pulled latest Nx to C:\Users\ANGELA~1\AppData\Local\Temp\tmp-26356-57Zaqx3F75uE
[NX v22.7.5 Daemon Server] - 2026-06-14T17:04:19.380Z - [NX-CONSOLE]: Using local implementation (NX_USE_LOCAL=true or inner call)
[NX v22.7.5 Daemon Server] - 2026-06-14T17:04:19.381Z - [AI-AGENTS]: Failed to compute agent configuration status from latest Nx. Error: Only URLs with a scheme in: file, data, and node are supported by the default ESM loader. On Windows, absolute paths must be valid file:// URLs. Received protocol 'c:'
[NX v22.7.5 Daemon Server] - 2026-06-14T17:04:19.381Z - [AI-AGENTS]: Agent configuration status computation completed: 0 fully configured, 0 outdated, 0 partially configured, 0 non-configured
DEBUG nx::native::ide::install: Detected editor: VSCode
DEBUG nx::native::ide::install: Checking if Nx Console extension is installed with: code.cmd --list-extensions
DEBUG nx::native::ide::install: Nx Console extension is not installed
[NX v22.7.5 Daemon Server] - 2026-06-14T17:04:20.620Z - [NX-CONSOLE]: Console status check completed, shouldPrompt: true
[NX v22.7.5 Daemon Server] - 2026-06-14T17:10:43.805Z - Established a connection. Number of open connections: 1
[NX v22.7.5 Daemon Server] - 2026-06-14T17:10:43.806Z - Closed a connection. Number of open connections: 0
[NX v22.7.5 Daemon Server] - 2026-06-14T17:10:43.807Z - Established a connection. Number of open connections: 1
[NX v22.7.5 Daemon Server] - 2026-06-14T17:10:43.808Z - Closed a connection. Number of open connections: 0
[NX v22.7.5 Daemon Server] - 2026-06-14T17:10:43.808Z - Established a connection. Number of open connections: 1
[NX v22.7.5 Daemon Client] - 2026-06-14T17:10:43.807Z - [Messenger] Setting up socket listeners
[NX v22.7.5 Daemon Client] - 2026-06-14T17:10:43.811Z - [Messenger] listen() complete
[NX v22.7.5 Daemon Client] - 2026-06-14T17:10:44.432Z - [Messenger] Sending message type: GET_NX_CONSOLE_STATUS
[NX v22.7.5 Daemon Client] - 2026-06-14T17:10:44.434Z - [Messenger] Message sent
[NX v22.7.5 Daemon Server] - 2026-06-14T17:10:44.436Z - Received raw message of length 4442
[NX v22.7.5 Daemon Server] - 2026-06-14T17:10:44.436Z - Received json message of type GET_NX_CONSOLE_STATUS
[NX v22.7.5 Daemon Server] - 2026-06-14T17:10:44.437Z - Serializing response for GET_NX_CONSOLE_STATUS message in json mode
[NX v22.7.5 Daemon Server] - 2026-06-14T17:10:44.437Z - Responding to GET_NX_CONSOLE_STATUS message
[NX v22.7.5 Daemon Server] - 2026-06-14T17:10:44.437Z - [REQUEST]: Responding to the client. handleGetNxConsoleStatus
[NX v22.7.5 Daemon Server] - 2026-06-14T17:10:44.437Z - Done responding to the client handleGetNxConsoleStatus
[NX v22.7.5 Daemon Server] - 2026-06-14T17:10:44.437Z - Handled json message GET_NX_CONSOLE_STATUS. Handling time: 0. Response time: 0.
[NX v22.7.5 Daemon Client] - 2026-06-14T17:10:44.437Z - [Messenger] Received message, length: 21
[NX v22.7.5 Daemon Client] - 2026-06-14T17:11:02.376Z - [Messenger] Sending message type: SET_NX_CONSOLE_PREFERENCE_AND_INSTALL
[NX v22.7.5 Daemon Client] - 2026-06-14T17:11:02.377Z - [Messenger] Message sent
[NX v22.7.5 Daemon Server] - 2026-06-14T17:11:02.379Z - Received raw message of length 66
[NX v22.7.5 Daemon Server] - 2026-06-14T17:11:02.379Z - Received json message of type SET_NX_CONSOLE_PREFERENCE_AND_INSTALL
[NX v22.7.5 Daemon Server] - 2026-06-14T17:11:02.379Z - [NX-CONSOLE]: Handling user preference: true
[NX v22.7.5 Daemon Server] - 2026-06-14T17:11:02.379Z - [LATEST-NX]: Reusing cached Nx installation from C:\Users\ANGELA~1\AppData\Local\Temp\tmp-26356-57Zaqx3F75uE
[NX v22.7.5 Daemon Server] - 2026-06-14T17:11:02.381Z - [NX-CONSOLE]: Handling user preference: true
[NX v22.7.5 Daemon Server] - 2026-06-14T17:11:02.381Z - [NX-CONSOLE]: Using local implementation (NX_USE_LOCAL=true or inner call)
DEBUG nx::native::ide::preferences: Console preferences saved successfully.
DEBUG nx::native::ide::install: Detected editor: VSCode
DEBUG nx::native::ide::install: Attempting to install Nx Console for VSCode
DEBUG nx::native::ide::install: Attempting to install Nx Console extension with: code.cmd --install-extension nrwl.angular-console
DEBUG nx::native::ide::install: Successfully installed Nx Console
DEBUG nx::native::ide::install: Nx Console extension installed successfully
[NX v22.7.5 Daemon Server] - 2026-06-14T17:11:11.066Z - [NX-CONSOLE]: Preference saved and installation succeeded
[NX v22.7.5 Daemon Server] - 2026-06-14T17:11:11.066Z - Serializing response for SET_NX_CONSOLE_PREFERENCE_AND_INSTALL message in json mode
[NX v22.7.5 Daemon Server] - 2026-06-14T17:11:11.066Z - Responding to SET_NX_CONSOLE_PREFERENCE_AND_INSTALL message
[NX v22.7.5 Daemon Server] - 2026-06-14T17:11:11.066Z - [REQUEST]: Responding to the client. handleSetNxConsolePreferenceAndInstall
[NX v22.7.5 Daemon Server] - 2026-06-14T17:11:11.067Z - Done responding to the client handleSetNxConsolePreferenceAndInstall
[NX v22.7.5 Daemon Server] - 2026-06-14T17:11:11.067Z - Handled json message SET_NX_CONSOLE_PREFERENCE_AND_INSTALL. Handling time: 8687. Response time: 1.
[NX v22.7.5 Daemon Client] - 2026-06-14T17:11:11.067Z - [Messenger] Received message, length: 18
[NX v22.7.5 Daemon Client] - 2026-06-14T17:11:11.360Z - [Messenger] Sending message type: REQUEST_PROJECT_GRAPH
[NX v22.7.5 Daemon Client] - 2026-06-14T17:11:11.360Z - [Messenger] Message sent
[NX v22.7.5 Daemon Server] - 2026-06-14T17:11:11.362Z - Received raw message of length 32
[NX v22.7.5 Daemon Server] - 2026-06-14T17:11:11.362Z - Received json message of type REQUEST_PROJECT_GRAPH
[NX v22.7.5 Daemon Server] - 2026-06-14T17:11:11.363Z - [REQUEST]: Client Request for Project Graph Received
[NX v22.7.5 Daemon Server] - 2026-06-14T17:11:11.364Z - Reusing in-memory cached project graph because no files changed.
[NX v22.7.5 Daemon Server] - 2026-06-14T17:11:11.365Z - Serializing response for REQUEST_PROJECT_GRAPH message in json mode
[NX v22.7.5 Daemon Server] - 2026-06-14T17:11:11.365Z - Responding to REQUEST_PROJECT_GRAPH message
[NX v22.7.5 Daemon Server] - 2026-06-14T17:11:11.365Z - [REQUEST]: Responding to the client. project-graph
[NX v22.7.5 Daemon Server] - 2026-06-14T17:11:11.366Z - Time taken for 'total for creating and serializing project graph' 2.048799999989569ms
[NX v22.7.5 Daemon Server] - 2026-06-14T17:11:11.366Z - Done responding to the client project-graph
[NX v22.7.5 Daemon Server] - 2026-06-14T17:11:11.366Z - Handled json message REQUEST_PROJECT_GRAPH. Handling time: 3. Response time: 1.
[NX v22.7.5 Daemon Client] - 2026-06-14T17:11:11.367Z - [Messenger] Received message, length: 402156
[NX v22.7.5 Daemon Client] - 2026-06-14T17:11:11.371Z - [Messenger] Sending message type: PRE_TASKS_EXECUTION
[NX v22.7.5 Daemon Client] - 2026-06-14T17:11:11.372Z - [Messenger] Message sent
[NX v22.7.5 Daemon Server] - 2026-06-14T17:11:11.374Z - Received raw message of length 467
[NX v22.7.5 Daemon Server] - 2026-06-14T17:11:11.374Z - Received json message of type PRE_TASKS_EXECUTION
[NX v22.7.5 Daemon Server] - 2026-06-14T17:11:11.375Z - Serializing response for PRE_TASKS_EXECUTION message in json mode
[NX v22.7.5 Daemon Server] - 2026-06-14T17:11:11.375Z - Responding to PRE_TASKS_EXECUTION message
[NX v22.7.5 Daemon Server] - 2026-06-14T17:11:11.375Z - [REQUEST]: Responding to the client. handleRunPreTasksExecution
[NX v22.7.5 Daemon Server] - 2026-06-14T17:11:11.375Z - Time taken for 'preTasksExecution' 0.54939999995986ms
[NX v22.7.5 Daemon Server] - 2026-06-14T17:11:11.375Z - Done responding to the client handleRunPreTasksExecution
[NX v22.7.5 Daemon Server] - 2026-06-14T17:11:11.375Z - Handled json message PRE_TASKS_EXECUTION. Handling time: 1. Response time: 0.
[NX v22.7.5 Daemon Client] - 2026-06-14T17:11:11.375Z - [Messenger] Received message, length: 2
[NX v22.7.5 Daemon Client] - 2026-06-14T17:11:11.444Z - [Messenger] Sending message type: HASH_TASKS
[NX v22.7.5 Daemon Client] - 2026-06-14T17:11:11.445Z - [Messenger] Message sent
[NX v22.7.5 Daemon Server] - 2026-06-14T17:11:11.446Z - Received raw message of length 557
[NX v22.7.5 Daemon Server] - 2026-06-14T17:11:11.446Z - Received json message of type HASH_TASKS
[NX v22.7.5 Daemon Server] - 2026-06-14T17:11:11.446Z - Reusing in-memory cached project graph because no files changed.
DEBUG nx::native::tasks::hash_planner: get_plans_internal COMPLETED in 1.5507ms - processed 0 tasks (setup: 1.5327ms, parallel_planning: 5.3µs)
DEBUG nx::native::tasks::task_hasher: hash_plans COMPLETED in 284.5µs - processed 0 plans (setup: 125.3µs, hashing: 156.9µs, assembly: 6.4µs)
[NX v22.7.5 Daemon Server] - 2026-06-14T17:11:11.455Z - Serializing response for HASH_TASKS message in json mode
[NX v22.7.5 Daemon Server] - 2026-06-14T17:11:11.455Z - Responding to HASH_TASKS message
[NX v22.7.5 Daemon Server] - 2026-06-14T17:11:11.455Z - [REQUEST]: Responding to the client. handleHashTasks
[NX v22.7.5 Daemon Server] - 2026-06-14T17:11:11.456Z - Done responding to the client handleHashTasks
[NX v22.7.5 Daemon Server] - 2026-06-14T17:11:11.456Z - Handled json message HASH_TASKS. Handling time: 9. Response time: 1.
[NX v22.7.5 Daemon Client] - 2026-06-14T17:11:11.456Z - [Messenger] Received message, length: 2
[NX v22.7.5 Daemon Client] - 2026-06-14T17:11:11.471Z - [Messenger] Sending message type: GET_ESTIMATED_TASK_TIMINGS
[NX v22.7.5 Daemon Client] - 2026-06-14T17:11:11.471Z - [Messenger] Message sent
[NX v22.7.5 Daemon Server] - 2026-06-14T17:11:11.477Z - Received raw message of length 50
[NX v22.7.5 Daemon Server] - 2026-06-14T17:11:11.477Z - Received json message of type GET_ESTIMATED_TASK_TIMINGS
[NX v22.7.5 Daemon Server] - 2026-06-14T17:11:11.477Z - Serializing response for GET_ESTIMATED_TASK_TIMINGS message in json mode
[NX v22.7.5 Daemon Server] - 2026-06-14T17:11:11.477Z - Responding to GET_ESTIMATED_TASK_TIMINGS message
[NX v22.7.5 Daemon Server] - 2026-06-14T17:11:11.477Z - [REQUEST]: Responding to the client. handleGetEstimatedTaskTimings
[NX v22.7.5 Daemon Server] - 2026-06-14T17:11:11.477Z - Done responding to the client handleGetEstimatedTaskTimings
[NX v22.7.5 Daemon Server] - 2026-06-14T17:11:11.477Z - Handled json message GET_ESTIMATED_TASK_TIMINGS. Handling time: 0. Response time: 0.
[NX v22.7.5 Daemon Client] - 2026-06-14T17:11:11.477Z - [Messenger] Received message, length: 2
[NX v22.7.5 Daemon Client] - 2026-06-14T17:11:11.481Z - [Messenger] Sending message type: RECORD_TASK_RUNS
[NX v22.7.5 Daemon Client] - 2026-06-14T17:11:11.482Z - [Messenger] Message sent
[NX v22.7.5 Daemon Server] - 2026-06-14T17:11:11.483Z - Received raw message of length 41
[NX v22.7.5 Daemon Server] - 2026-06-14T17:11:11.483Z - Received json message of type RECORD_TASK_RUNS
[NX v22.7.5 Daemon Server] - 2026-06-14T17:11:11.483Z - Serializing response for RECORD_TASK_RUNS message in json mode
[NX v22.7.5 Daemon Server] - 2026-06-14T17:11:11.483Z - Responding to RECORD_TASK_RUNS message
[NX v22.7.5 Daemon Server] - 2026-06-14T17:11:11.483Z - [REQUEST]: Responding to the client. handleRecordTaskRuns
[NX v22.7.5 Daemon Server] - 2026-06-14T17:11:11.483Z - Done responding to the client handleRecordTaskRuns
[NX v22.7.5 Daemon Server] - 2026-06-14T17:11:11.484Z - Handled json message RECORD_TASK_RUNS. Handling time: 0. Response time: 1.
[NX v22.7.5 Daemon Client] - 2026-06-14T17:11:11.483Z - [Messenger] Received message, length: 4
[NX v22.7.5 Daemon Server] - 2026-06-14T17:11:11.508Z - Established a connection. Number of open connections: 2
[NX v22.7.5 Daemon Server] - 2026-06-14T17:11:11.508Z - Closed a connection. Number of open connections: 1
[NX v22.7.5 Daemon Client] - 2026-06-14T17:11:11.508Z - [Messenger] Sending message type: GET_CONFIGURE_AI_AGENTS_STATUS
[NX v22.7.5 Daemon Client] - 2026-06-14T17:11:11.509Z - [Messenger] Message sent
[NX v22.7.5 Daemon Server] - 2026-06-14T17:11:11.510Z - Received raw message of length 41
[NX v22.7.5 Daemon Server] - 2026-06-14T17:11:11.510Z - Received json message of type GET_CONFIGURE_AI_AGENTS_STATUS
[NX v22.7.5 Daemon Server] - 2026-06-14T17:11:11.510Z - [AI-AGENTS]: Returning cached agent configuration status
[NX v22.7.5 Daemon Server] - 2026-06-14T17:11:11.510Z - Serializing response for GET_CONFIGURE_AI_AGENTS_STATUS message in json mode
[NX v22.7.5 Daemon Server] - 2026-06-14T17:11:11.510Z - Responding to GET_CONFIGURE_AI_AGENTS_STATUS message
[NX v22.7.5 Daemon Server] - 2026-06-14T17:11:11.510Z - [REQUEST]: Responding to the client. handleGetConfigureAiAgentsStatus
[NX v22.7.5 Daemon Server] - 2026-06-14T17:11:11.510Z - Done responding to the client handleGetConfigureAiAgentsStatus
[NX v22.7.5 Daemon Server] - 2026-06-14T17:11:11.510Z - Handled json message GET_CONFIGURE_AI_AGENTS_STATUS. Handling time: 0. Response time: 0.
[NX v22.7.5 Daemon Client] - 2026-06-14T17:11:11.510Z - [Messenger] Received message, length: 104
[NX v22.7.5 Daemon Client] - 2026-06-14T17:11:11.511Z - [Messenger] Sending message type: POST_TASKS_EXECUTION
[NX v22.7.5 Daemon Client] - 2026-06-14T17:11:11.512Z - [Messenger] Message sent
[NX v22.7.5 Daemon Server] - 2026-06-14T17:11:11.514Z - Received raw message of length 535
[NX v22.7.5 Daemon Server] - 2026-06-14T17:11:11.514Z - Received json message of type POST_TASKS_EXECUTION
[NX v22.7.5 Daemon Server] - 2026-06-14T17:11:11.515Z - Serializing response for POST_TASKS_EXECUTION message in json mode
[NX v22.7.5 Daemon Server] - 2026-06-14T17:11:11.515Z - Responding to POST_TASKS_EXECUTION message
[NX v22.7.5 Daemon Server] - 2026-06-14T17:11:11.515Z - [REQUEST]: Responding to the client. handleRunPostTasksExecution
[NX v22.7.5 Daemon Server] - 2026-06-14T17:11:11.515Z - Time taken for 'postTasksExecution' 0.4868000000133179ms
[NX v22.7.5 Daemon Server] - 2026-06-14T17:11:11.515Z - Done responding to the client handleRunPostTasksExecution
[NX v22.7.5 Daemon Server] - 2026-06-14T17:11:11.515Z - Handled json message POST_TASKS_EXECUTION. Handling time: 1. Response time: 0.
[NX v22.7.5 Daemon Client] - 2026-06-14T17:11:11.515Z - [Messenger] Received message, length: 4
[NX v22.7.5 Daemon Server] - 2026-06-14T17:11:11.634Z - Closed a connection. Number of open connections: 0
[NX v22.7.5 Daemon Server] - 2026-06-14T17:11:20.976Z - Established a connection. Number of open connections: 1
[NX v22.7.5 Daemon Server] - 2026-06-14T17:11:20.976Z - Closed a connection. Number of open connections: 0
[NX v22.7.5 Daemon Server] - 2026-06-14T17:11:20.978Z - Established a connection. Number of open connections: 1
[NX v22.7.5 Daemon Server] - 2026-06-14T17:11:20.978Z - Closed a connection. Number of open connections: 0
[NX v22.7.5 Daemon Server] - 2026-06-14T17:11:20.978Z - Established a connection. Number of open connections: 1
[NX v22.7.5 Daemon Client] - 2026-06-14T17:11:20.979Z - [Messenger] Setting up socket listeners
[NX v22.7.5 Daemon Client] - 2026-06-14T17:11:20.980Z - [Messenger] listen() complete
[NX v22.7.5 Daemon Client] - 2026-06-14T17:11:21.289Z - [Messenger] Sending message type: GET_NX_CONSOLE_STATUS
[NX v22.7.5 Daemon Client] - 2026-06-14T17:11:21.290Z - [Messenger] Message sent
[NX v22.7.5 Daemon Server] - 2026-06-14T17:11:21.292Z - Received raw message of length 4442
[NX v22.7.5 Daemon Server] - 2026-06-14T17:11:21.292Z - Received json message of type GET_NX_CONSOLE_STATUS
[NX v22.7.5 Daemon Server] - 2026-06-14T17:11:21.292Z - Serializing response for GET_NX_CONSOLE_STATUS message in json mode
[NX v22.7.5 Daemon Server] - 2026-06-14T17:11:21.292Z - Responding to GET_NX_CONSOLE_STATUS message
[NX v22.7.5 Daemon Server] - 2026-06-14T17:11:21.292Z - [REQUEST]: Responding to the client. handleGetNxConsoleStatus
[NX v22.7.5 Daemon Server] - 2026-06-14T17:11:21.292Z - Done responding to the client handleGetNxConsoleStatus
[NX v22.7.5 Daemon Server] - 2026-06-14T17:11:21.292Z - Handled json message GET_NX_CONSOLE_STATUS. Handling time: 0. Response time: 0.
[NX v22.7.5 Daemon Client] - 2026-06-14T17:11:21.293Z - [Messenger] Received message, length: 22
[NX v22.7.5 Daemon Client] - 2026-06-14T17:11:21.388Z - [Messenger] Sending message type: REQUEST_PROJECT_GRAPH
[NX v22.7.5 Daemon Client] - 2026-06-14T17:11:21.389Z - [Messenger] Message sent
[NX v22.7.5 Daemon Server] - 2026-06-14T17:11:21.391Z - Received raw message of length 32
[NX v22.7.5 Daemon Server] - 2026-06-14T17:11:21.391Z - Received json message of type REQUEST_PROJECT_GRAPH
[NX v22.7.5 Daemon Server] - 2026-06-14T17:11:21.391Z - [REQUEST]: Client Request for Project Graph Received
[NX v22.7.5 Daemon Server] - 2026-06-14T17:11:21.392Z - Reusing in-memory cached project graph because no files changed.
[NX v22.7.5 Daemon Server] - 2026-06-14T17:11:21.392Z - Serializing response for REQUEST_PROJECT_GRAPH message in json mode
[NX v22.7.5 Daemon Server] - 2026-06-14T17:11:21.392Z - Responding to REQUEST_PROJECT_GRAPH message
[NX v22.7.5 Daemon Server] - 2026-06-14T17:11:21.392Z - [REQUEST]: Responding to the client. project-graph
[NX v22.7.5 Daemon Server] - 2026-06-14T17:11:21.393Z - Time taken for 'total for creating and serializing project graph' 0.6422000000020489ms
[NX v22.7.5 Daemon Server] - 2026-06-14T17:11:21.393Z - Done responding to the client project-graph
[NX v22.7.5 Daemon Server] - 2026-06-14T17:11:21.393Z - Handled json message REQUEST_PROJECT_GRAPH. Handling time: 1. Response time: 1.
[NX v22.7.5 Daemon Client] - 2026-06-14T17:11:21.393Z - [Messenger] Received message, length: 402156
[NX v22.7.5 Daemon Client] - 2026-06-14T17:11:21.398Z - [Messenger] Sending message type: PRE_TASKS_EXECUTION
[NX v22.7.5 Daemon Client] - 2026-06-14T17:11:21.399Z - [Messenger] Message sent
[NX v22.7.5 Daemon Server] - 2026-06-14T17:11:21.400Z - Received raw message of length 466
[NX v22.7.5 Daemon Server] - 2026-06-14T17:11:21.400Z - Received json message of type PRE_TASKS_EXECUTION
[NX v22.7.5 Daemon Server] - 2026-06-14T17:11:21.401Z - Serializing response for PRE_TASKS_EXECUTION message in json mode
[NX v22.7.5 Daemon Server] - 2026-06-14T17:11:21.401Z - Responding to PRE_TASKS_EXECUTION message
[NX v22.7.5 Daemon Server] - 2026-06-14T17:11:21.401Z - [REQUEST]: Responding to the client. handleRunPreTasksExecution
[NX v22.7.5 Daemon Server] - 2026-06-14T17:11:21.401Z - Time taken for 'preTasksExecution' 0.5059999999939464ms
[NX v22.7.5 Daemon Client] - 2026-06-14T17:11:21.401Z - [Messenger] Received message, length: 2
[NX v22.7.5 Daemon Server] - 2026-06-14T17:11:21.403Z - Done responding to the client handleRunPreTasksExecution
[NX v22.7.5 Daemon Server] - 2026-06-14T17:11:21.403Z - Handled json message PRE_TASKS_EXECUTION. Handling time: 1. Response time: 2.
[NX v22.7.5 Daemon Client] - 2026-06-14T17:11:21.431Z - [Messenger] Sending message type: HASH_TASKS
[NX v22.7.5 Daemon Client] - 2026-06-14T17:11:21.432Z - [Messenger] Message sent
[NX v22.7.5 Daemon Server] - 2026-06-14T17:11:21.432Z - Received raw message of length 557
[NX v22.7.5 Daemon Server] - 2026-06-14T17:11:21.432Z - Received json message of type HASH_TASKS
[NX v22.7.5 Daemon Server] - 2026-06-14T17:11:21.433Z - Reusing in-memory cached project graph because no files changed.
DEBUG nx::native::tasks::hash_planner: get_plans_internal COMPLETED in 1.8023ms - processed 0 tasks (setup: 1.7933ms, parallel_planning: 2.5µs)
DEBUG nx::native::tasks::task_hasher: hash_plans COMPLETED in 276.6µs - processed 0 plans (setup: 90.9µs, hashing: 184.3µs, assembly: 12.9µs)
[NX v22.7.5 Daemon Server] - 2026-06-14T17:11:21.435Z - Serializing response for HASH_TASKS message in json mode
[NX v22.7.5 Daemon Server] - 2026-06-14T17:11:21.436Z - Responding to HASH_TASKS message
[NX v22.7.5 Daemon Server] - 2026-06-14T17:11:21.436Z - [REQUEST]: Responding to the client. handleHashTasks
[NX v22.7.5 Daemon Server] - 2026-06-14T17:11:21.436Z - Done responding to the client handleHashTasks
[NX v22.7.5 Daemon Server] - 2026-06-14T17:11:21.436Z - Handled json message HASH_TASKS. Handling time: 3. Response time: 1.
[NX v22.7.5 Daemon Client] - 2026-06-14T17:11:21.436Z - [Messenger] Received message, length: 2
[NX v22.7.5 Daemon Client] - 2026-06-14T17:11:21.446Z - [Messenger] Sending message type: GET_ESTIMATED_TASK_TIMINGS
[NX v22.7.5 Daemon Client] - 2026-06-14T17:11:21.446Z - [Messenger] Message sent
[NX v22.7.5 Daemon Server] - 2026-06-14T17:11:21.450Z - Received raw message of length 50
[NX v22.7.5 Daemon Server] - 2026-06-14T17:11:21.451Z - Received json message of type GET_ESTIMATED_TASK_TIMINGS
[NX v22.7.5 Daemon Server] - 2026-06-14T17:11:21.451Z - Serializing response for GET_ESTIMATED_TASK_TIMINGS message in json mode
[NX v22.7.5 Daemon Server] - 2026-06-14T17:11:21.451Z - Responding to GET_ESTIMATED_TASK_TIMINGS message
[NX v22.7.5 Daemon Server] - 2026-06-14T17:11:21.451Z - [REQUEST]: Responding to the client. handleGetEstimatedTaskTimings
[NX v22.7.5 Daemon Client] - 2026-06-14T17:11:21.451Z - [Messenger] Received message, length: 2
[NX v22.7.5 Daemon Server] - 2026-06-14T17:11:21.453Z - Done responding to the client handleGetEstimatedTaskTimings
[NX v22.7.5 Daemon Server] - 2026-06-14T17:11:21.453Z - Handled json message GET_ESTIMATED_TASK_TIMINGS. Handling time: 0. Response time: 2.
[NX v22.7.5 Daemon Client] - 2026-06-14T17:11:21.456Z - [Messenger] Sending message type: RECORD_TASK_RUNS
[NX v22.7.5 Daemon Client] - 2026-06-14T17:11:21.457Z - [Messenger] Message sent
[NX v22.7.5 Daemon Server] - 2026-06-14T17:11:21.457Z - Received raw message of length 41
[NX v22.7.5 Daemon Server] - 2026-06-14T17:11:21.458Z - Received json message of type RECORD_TASK_RUNS
[NX v22.7.5 Daemon Server] - 2026-06-14T17:11:21.458Z - Serializing response for RECORD_TASK_RUNS message in json mode
[NX v22.7.5 Daemon Server] - 2026-06-14T17:11:21.458Z - Responding to RECORD_TASK_RUNS message
[NX v22.7.5 Daemon Server] - 2026-06-14T17:11:21.458Z - [REQUEST]: Responding to the client. handleRecordTaskRuns
[NX v22.7.5 Daemon Server] - 2026-06-14T17:11:21.458Z - Done responding to the client handleRecordTaskRuns
[NX v22.7.5 Daemon Server] - 2026-06-14T17:11:21.458Z - Handled json message RECORD_TASK_RUNS. Handling time: 0. Response time: 0.
[NX v22.7.5 Daemon Client] - 2026-06-14T17:11:21.458Z - [Messenger] Received message, length: 4
[NX v22.7.5 Daemon Server] - 2026-06-14T17:11:21.476Z - Established a connection. Number of open connections: 2
[NX v22.7.5 Daemon Server] - 2026-06-14T17:11:21.477Z - Closed a connection. Number of open connections: 1
[NX v22.7.5 Daemon Client] - 2026-06-14T17:11:21.477Z - [Messenger] Sending message type: GET_CONFIGURE_AI_AGENTS_STATUS
[NX v22.7.5 Daemon Client] - 2026-06-14T17:11:21.477Z - [Messenger] Message sent
[NX v22.7.5 Daemon Server] - 2026-06-14T17:11:21.478Z - Received raw message of length 41
[NX v22.7.5 Daemon Server] - 2026-06-14T17:11:21.479Z - Received json message of type GET_CONFIGURE_AI_AGENTS_STATUS
[NX v22.7.5 Daemon Server] - 2026-06-14T17:11:21.479Z - [AI-AGENTS]: Returning cached agent configuration status
[NX v22.7.5 Daemon Server] - 2026-06-14T17:11:21.479Z - Serializing response for GET_CONFIGURE_AI_AGENTS_STATUS message in json mode
[NX v22.7.5 Daemon Server] - 2026-06-14T17:11:21.479Z - Responding to GET_CONFIGURE_AI_AGENTS_STATUS message
[NX v22.7.5 Daemon Server] - 2026-06-14T17:11:21.479Z - [REQUEST]: Responding to the client. handleGetConfigureAiAgentsStatus
[NX v22.7.5 Daemon Server] - 2026-06-14T17:11:21.479Z - Done responding to the client handleGetConfigureAiAgentsStatus
[NX v22.7.5 Daemon Server] - 2026-06-14T17:11:21.479Z - Handled json message GET_CONFIGURE_AI_AGENTS_STATUS. Handling time: 0. Response time: 0.
[NX v22.7.5 Daemon Client] - 2026-06-14T17:11:21.479Z - [Messenger] Received message, length: 104
[NX v22.7.5 Daemon Client] - 2026-06-14T17:11:21.481Z - [Messenger] Sending message type: POST_TASKS_EXECUTION
[NX v22.7.5 Daemon Client] - 2026-06-14T17:11:21.481Z - [Messenger] Message sent
[NX v22.7.5 Daemon Server] - 2026-06-14T17:11:21.482Z - Received raw message of length 534
[NX v22.7.5 Daemon Server] - 2026-06-14T17:11:21.482Z - Received json message of type POST_TASKS_EXECUTION
[NX v22.7.5 Daemon Server] - 2026-06-14T17:11:21.483Z - Serializing response for POST_TASKS_EXECUTION message in json mode
[NX v22.7.5 Daemon Server] - 2026-06-14T17:11:21.483Z - Responding to POST_TASKS_EXECUTION message
[NX v22.7.5 Daemon Server] - 2026-06-14T17:11:21.483Z - [REQUEST]: Responding to the client. handleRunPostTasksExecution
[NX v22.7.5 Daemon Server] - 2026-06-14T17:11:21.483Z - Time taken for 'postTasksExecution' 0.42710000002989545ms
[NX v22.7.5 Daemon Server] - 2026-06-14T17:11:21.483Z - Done responding to the client handleRunPostTasksExecution
[NX v22.7.5 Daemon Server] - 2026-06-14T17:11:21.483Z - Handled json message POST_TASKS_EXECUTION. Handling time: 0. Response time: 0.
[NX v22.7.5 Daemon Client] - 2026-06-14T17:11:21.483Z - [Messenger] Received message, length: 4
[NX v22.7.5 Daemon Server] - 2026-06-14T17:11:21.584Z - Closed a connection. Number of open connections: 0
[NX v22.7.5 Daemon Server] - 2026-06-14T17:12:03.793Z - Established a connection. Number of open connections: 1
[NX v22.7.5 Daemon Server] - 2026-06-14T17:12:03.793Z - Closed a connection. Number of open connections: 0
[NX v22.7.5 Daemon Server] - 2026-06-14T17:12:03.795Z - Established a connection. Number of open connections: 1
[NX v22.7.5 Daemon Server] - 2026-06-14T17:12:03.795Z - Closed a connection. Number of open connections: 0
[NX v22.7.5 Daemon Server] - 2026-06-14T17:12:03.796Z - Established a connection. Number of open connections: 1
[NX v22.7.5 Daemon Client] - 2026-06-14T17:12:03.795Z - [Messenger] Setting up socket listeners
[NX v22.7.5 Daemon Client] - 2026-06-14T17:12:03.796Z - [Messenger] listen() complete
[NX v22.7.5 Daemon Client] - 2026-06-14T17:12:04.279Z - [Messenger] Sending message type: GET_NX_CONSOLE_STATUS
[NX v22.7.5 Daemon Client] - 2026-06-14T17:12:04.281Z - [Messenger] Message sent
[NX v22.7.5 Daemon Server] - 2026-06-14T17:12:04.284Z - Received raw message of length 4706
[NX v22.7.5 Daemon Server] - 2026-06-14T17:12:04.284Z - Received json message of type GET_NX_CONSOLE_STATUS
[NX v22.7.5 Daemon Server] - 2026-06-14T17:12:04.284Z - Refreshing env var INIT_CWD from client connection.
[NX v22.7.5 Daemon Server] - 2026-06-14T17:12:04.285Z - Refreshing env var Path from client connection.
[NX v22.7.5 Daemon Server] - 2026-06-14T17:12:04.285Z - Graph recompute necessary due to env variable refresh
[NX v22.7.5 Daemon Server] - 2026-06-14T17:12:04.286Z - Serializing response for GET_NX_CONSOLE_STATUS message in json mode
[NX v22.7.5 Daemon Server] - 2026-06-14T17:12:04.286Z - Responding to GET_NX_CONSOLE_STATUS message
[NX v22.7.5 Daemon Server] - 2026-06-14T17:12:04.286Z - [REQUEST]: Responding to the client. handleGetNxConsoleStatus
[NX v22.7.5 Daemon Server] - 2026-06-14T17:12:04.287Z - Done responding to the client handleGetNxConsoleStatus
[NX v22.7.5 Daemon Server] - 2026-06-14T17:12:04.287Z - Handled json message GET_NX_CONSOLE_STATUS. Handling time: 0. Response time: 1.
[NX v22.7.5 Daemon Client] - 2026-06-14T17:12:04.287Z - [Messenger] Received message, length: 22
[NX v22.7.5 Daemon Client] - 2026-06-14T17:12:04.408Z - [Messenger] Sending message type: REQUEST_PROJECT_GRAPH
[NX v22.7.5 Daemon Client] - 2026-06-14T17:12:04.409Z - [Messenger] Message sent
[NX v22.7.5 Daemon Server] - 2026-06-14T17:12:04.412Z - Received raw message of length 32
[NX v22.7.5 Daemon Server] - 2026-06-14T17:12:04.412Z - Received json message of type REQUEST_PROJECT_GRAPH
[NX v22.7.5 Daemon Server] - 2026-06-14T17:12:04.412Z - [REQUEST]: Client Request for Project Graph Received
[NX v22.7.5 Daemon Server] - 2026-06-14T17:12:04.413Z - [REQUEST]: Updated workspace context based on watched changes, recomputing project graph...
[NX v22.7.5 Daemon Server] - 2026-06-14T17:12:04.413Z - [REQUEST]: 
[NX v22.7.5 Daemon Server] - 2026-06-14T17:12:04.413Z - [REQUEST]: 
[NX v22.7.5 Daemon Server] - 2026-06-14T17:12:04.415Z - No files changed, but no in-memory cached project graph found. Recomputing it...
[NX v22.7.5 Daemon Server] - 2026-06-14T17:12:04.415Z - Streaming message to client: progress update for topic graph-construction
[NX v22.7.5 Daemon Client] - 2026-06-14T17:12:04.415Z - [Messenger] Received message, length: 47
[plugin-client] restarting worker for "nx/js/dependencies-and-lockfile"
[isolated-plugin] spawned worker for "nx/js/dependencies-and-lockfile" (pid: 25848, socket: \\.\pipe\nx\C:\Users\ANGELA~1\AppData\Local\Temp\plugin26356-6-485091.3877.sock)
[plugin-client] restarting worker for "nx/core/package-json"
[isolated-plugin] spawned worker for "nx/core/package-json" (pid: 5608, socket: \\.\pipe\nx\C:\Users\ANGELA~1\AppData\Local\Temp\plugin26356-7-485102.2802.sock)
[plugin-client] restarting worker for "nx/core/project-json"
[isolated-plugin] spawned worker for "nx/core/project-json" (pid: 28580, socket: \\.\pipe\nx\C:\Users\ANGELA~1\AppData\Local\Temp\plugin26356-8-485111.0957.sock)
[NX v22.7.5 Daemon Server] - 2026-06-14T17:12:04.445Z - Time taken for 'hash changed files from watcher' 0.5927000000374392ms
[plugin-worker] "nx/js/dependencies-and-lockfile" (pid: 25848) listening on \\.\pipe\nx\C:\Users\ANGELA~1\AppData\Local\Temp\plugin26356-6-485091.3877.sock
[plugin-worker] "nx/core/package-json" (pid: 5608) listening on \\.\pipe\nx\C:\Users\ANGELA~1\AppData\Local\Temp\plugin26356-7-485102.2802.sock
[1m[33mTime taken for 'plugin worker 25848 code loading' 434.3397ms[39m[22m
[1m[33mTime taken for 'plugin worker 5608 code loading' 435.5592ms[39m[22m
[isolated-plugin] connected to worker for "nx/js/dependencies-and-lockfile" (pid: 25848)
[isolated-plugin] connected to worker for "nx/core/package-json" (pid: 5608)
[plugin-worker] "nx/js/dependencies-and-lockfile" (pid: 25848) connected
[plugin-worker] "nx/core/package-json" (pid: 5608) connected
[NX v22.7.5 Daemon Server] - 2026-06-14T17:12:04.960Z - Time taken for 'start-plugin-worker:nx/js/dependencies-and-lockfile' 541.1878000000142ms
[NX v22.7.5 Daemon Server] - 2026-06-14T17:12:04.960Z - Time taken for 'start-plugin-worker:nx/core/package-json' 532.0708999999915ms
[isolated-plugin] connected to worker for "nx/core/project-json" (pid: 28580)
[plugin-worker] "nx/core/project-json" (pid: 28580) listening on \\.\pipe\nx\C:\Users\ANGELA~1\AppData\Local\Temp\plugin26356-8-485111.0957.sock
[NX v22.7.5 Daemon Server] - 2026-06-14T17:12:04.967Z - Time taken for 'start-plugin-worker:nx/core/project-json' 529.8735000000452ms
[plugin-worker] "nx/core/project-json" (pid: 28580) connected
[1m[33mTime taken for 'plugin worker 28580 code loading' 445.9745ms[39m[22m
[plugin-worker] "nx/core/project-json" (pid: 28580) loaded successfully
[plugin-worker] "nx/core/package-json" (pid: 5608) loaded successfully
[plugin-worker] "nx/js/dependencies-and-lockfile" (pid: 25848) loaded successfully
[1m[33mTime taken for 'nx/core/project-json:createNodes' 0.47649999999998727ms[39m[22m
[isolated-plugin] shutting down worker for "nx/core/project-json" after createNodes
[NX v22.7.5 Daemon Server] - 2026-06-14T17:12:06.240Z - Streaming message to client: progress update for topic graph-construction
[NX v22.7.5 Daemon Client] - 2026-06-14T17:12:06.240Z - [Messenger] Received message, length: 153
[1m[33mTime taken for 'nx/core/package-json:createNodes' 32.40740000000005ms[39m[22m
[isolated-plugin] shutting down worker for "nx/core/package-json" after createNodes
[NX v22.7.5 Daemon Server] - 2026-06-14T17:12:06.295Z - Streaming message to client: progress update for topic graph-construction
[NX v22.7.5 Daemon Client] - 2026-06-14T17:12:06.295Z - [Messenger] Received message, length: 112
[1m[33mTime taken for 'nx/js/dependencies-and-lockfile:createNodes' 18.01850000000013ms[39m[22m
[NX v22.7.5 Daemon Server] - 2026-06-14T17:12:06.374Z - Streaming message to client: progress update for topic graph-construction
[NX v22.7.5 Daemon Client] - 2026-06-14T17:12:06.374Z - [Messenger] Received message, length: 47
[NX v22.7.5 Daemon Server] - 2026-06-14T17:12:06.392Z - Streaming message to client: progress update for topic graph-construction
[NX v22.7.5 Daemon Server] - 2026-06-14T17:12:06.395Z - Time taken for 'build-project-configs' 1962.0557999999728ms
[NX v22.7.5 Daemon Server] - 2026-06-14T17:12:06.395Z - Time taken for 'createNodes:merge' 2.611399999994319ms
[NX v22.7.5 Daemon Server] - 2026-06-14T17:12:06.395Z - Time taken for 'get-all-workspace-files' 0.3687999999965541ms
[NX v22.7.5 Daemon Client] - 2026-06-14T17:12:06.398Z - [Messenger] Received message, length: 47
[1m[33mTime taken for 'build typescript dependencies' 0.395200000000159ms[39m[22m
[isolated-plugin] shutting down worker for "nx/js/dependencies-and-lockfile" after createDependencies
[NX v22.7.5 Daemon Server] - 2026-06-14T17:12:06.413Z - Streaming message to client: progress update for topic graph-construction
[NX v22.7.5 Daemon Client] - 2026-06-14T17:12:06.413Z - [Messenger] Received message, length: 47
[NX v22.7.5 Daemon Server] - 2026-06-14T17:12:06.461Z - Wrote project graph cache to C:\Users\Angel Aubrey\Documents\stone-cap\Finance-System_Capstone-1\backend\.nx\workspace-data\project-graph.json
[NX v22.7.5 Daemon Server] - 2026-06-14T17:12:06.462Z - Serializing response for REQUEST_PROJECT_GRAPH message in json mode
[NX v22.7.5 Daemon Server] - 2026-06-14T17:12:06.462Z - Responding to REQUEST_PROJECT_GRAPH message
[NX v22.7.5 Daemon Server] - 2026-06-14T17:12:06.462Z - [REQUEST]: Responding to the client. project-graph
[NX v22.7.5 Daemon Server] - 2026-06-14T17:12:06.462Z - Time taken for 'total for creating and serializing project graph' 2049.8817999999737ms
[NX v22.7.5 Daemon Server] - 2026-06-14T17:12:06.462Z - Time taken for 'total execution time for createProjectGraph()' 41.075099999958184ms
[NX v22.7.5 Daemon Server] - 2026-06-14T17:12:06.462Z - Time taken for 'createDependencies' 26.643000000040047ms
[NX v22.7.5 Daemon Server] - 2026-06-14T17:12:06.462Z - Time taken for 'nx/js/dependencies-and-lockfile:createDependencies' 26.144900000013877ms
[NX v22.7.5 Daemon Server] - 2026-06-14T17:12:06.462Z - Time taken for 'createMetadata' 0.15990000002784654ms
[NX v22.7.5 Daemon Server] - 2026-06-14T17:12:06.463Z - Time taken for 'serialize graph' 3.7079999999841675ms
[NX v22.7.5 Daemon Server] - 2026-06-14T17:12:06.463Z - Time taken for 'write cache' 37.04899999999907ms
[NX v22.7.5 Daemon Server] - 2026-06-14T17:12:06.469Z - Done responding to the client project-graph
[NX v22.7.5 Daemon Server] - 2026-06-14T17:12:06.469Z - Handled json message REQUEST_PROJECT_GRAPH. Handling time: 2050. Response time: 7.
[NX v22.7.5 Daemon Client] - 2026-06-14T17:12:06.469Z - [Messenger] Received message, length: 402156
[NX v22.7.5 Daemon Client] - 2026-06-14T17:12:06.479Z - [Messenger] Sending message type: PRE_TASKS_EXECUTION
[NX v22.7.5 Daemon Client] - 2026-06-14T17:12:06.480Z - [Messenger] Message sent
[NX v22.7.5 Daemon Server] - 2026-06-14T17:12:06.484Z - Received raw message of length 465
[NX v22.7.5 Daemon Server] - 2026-06-14T17:12:06.485Z - Received json message of type PRE_TASKS_EXECUTION
[NX v22.7.5 Daemon Server] - 2026-06-14T17:12:06.486Z - Serializing response for PRE_TASKS_EXECUTION message in json mode
[NX v22.7.5 Daemon Server] - 2026-06-14T17:12:06.487Z - Responding to PRE_TASKS_EXECUTION message
[NX v22.7.5 Daemon Server] - 2026-06-14T17:12:06.487Z - [REQUEST]: Responding to the client. handleRunPreTasksExecution
[NX v22.7.5 Daemon Server] - 2026-06-14T17:12:06.487Z - Time taken for 'preTasksExecution' 1.006699999968987ms
[NX v22.7.5 Daemon Client] - 2026-06-14T17:12:06.487Z - [Messenger] Received message, length: 2
[NX v22.7.5 Daemon Server] - 2026-06-14T17:12:06.491Z - Done responding to the client handleRunPreTasksExecution
[NX v22.7.5 Daemon Server] - 2026-06-14T17:12:06.492Z - Handled json message PRE_TASKS_EXECUTION. Handling time: 1. Response time: 6.
[NX v22.7.5 Daemon Client] - 2026-06-14T17:12:06.567Z - [Messenger] Sending message type: HASH_TASKS
[NX v22.7.5 Daemon Client] - 2026-06-14T17:12:06.568Z - [Messenger] Message sent
[NX v22.7.5 Daemon Server] - 2026-06-14T17:12:06.570Z - Received raw message of length 584
[NX v22.7.5 Daemon Server] - 2026-06-14T17:12:06.571Z - Received json message of type HASH_TASKS
[NX v22.7.5 Daemon Server] - 2026-06-14T17:12:06.572Z - Reusing in-memory cached project graph because no files changed.
DEBUG nx::native::tasks::hash_planner: get_plans_internal COMPLETED in 2.1806ms - processed 0 tasks (setup: 2.1553ms, parallel_planning: 3.3µs)
DEBUG nx::native::tasks::task_hasher: hash_plans COMPLETED in 357.7µs - processed 0 plans (setup: 188.5µs, hashing: 167.3µs, assembly: 8.9µs)
[NX v22.7.5 Daemon Server] - 2026-06-14T17:12:06.583Z - Serializing response for HASH_TASKS message in json mode
[NX v22.7.5 Daemon Server] - 2026-06-14T17:12:06.583Z - Responding to HASH_TASKS message
[NX v22.7.5 Daemon Server] - 2026-06-14T17:12:06.583Z - [REQUEST]: Responding to the client. handleHashTasks
[NX v22.7.5 Daemon Client] - 2026-06-14T17:12:06.583Z - [Messenger] Received message, length: 2
[NX v22.7.5 Daemon Server] - 2026-06-14T17:12:06.587Z - Done responding to the client handleHashTasks
[NX v22.7.5 Daemon Server] - 2026-06-14T17:12:06.587Z - Handled json message HASH_TASKS. Handling time: 12. Response time: 4.
[NX v22.7.5 Daemon Client] - 2026-06-14T17:12:06.605Z - [Messenger] Sending message type: GET_ESTIMATED_TASK_TIMINGS
[NX v22.7.5 Daemon Client] - 2026-06-14T17:12:06.606Z - [Messenger] Message sent
[NX v22.7.5 Daemon Server] - 2026-06-14T17:12:06.619Z - Received raw message of length 50
[NX v22.7.5 Daemon Server] - 2026-06-14T17:12:06.619Z - Received json message of type GET_ESTIMATED_TASK_TIMINGS
[NX v22.7.5 Daemon Server] - 2026-06-14T17:12:06.620Z - Serializing response for GET_ESTIMATED_TASK_TIMINGS message in json mode
[NX v22.7.5 Daemon Server] - 2026-06-14T17:12:06.620Z - Responding to GET_ESTIMATED_TASK_TIMINGS message
[NX v22.7.5 Daemon Server] - 2026-06-14T17:12:06.620Z - [REQUEST]: Responding to the client. handleGetEstimatedTaskTimings
[NX v22.7.5 Daemon Server] - 2026-06-14T17:12:06.620Z - Done responding to the client handleGetEstimatedTaskTimings
[NX v22.7.5 Daemon Server] - 2026-06-14T17:12:06.621Z - Handled json message GET_ESTIMATED_TASK_TIMINGS. Handling time: 1. Response time: 1.
[NX v22.7.5 Daemon Client] - 2026-06-14T17:12:06.620Z - [Messenger] Received message, length: 2
[NX v22.7.5 Daemon Client] - 2026-06-14T17:12:06.627Z - [Messenger] Sending message type: RECORD_TASK_RUNS
[NX v22.7.5 Daemon Client] - 2026-06-14T17:12:06.628Z - [Messenger] Message sent
[NX v22.7.5 Daemon Server] - 2026-06-14T17:12:06.632Z - Received raw message of length 41
[NX v22.7.5 Daemon Server] - 2026-06-14T17:12:06.632Z - Received json message of type RECORD_TASK_RUNS
[NX v22.7.5 Daemon Server] - 2026-06-14T17:12:06.633Z - Serializing response for RECORD_TASK_RUNS message in json mode
[NX v22.7.5 Daemon Server] - 2026-06-14T17:12:06.633Z - Responding to RECORD_TASK_RUNS message
[NX v22.7.5 Daemon Server] - 2026-06-14T17:12:06.633Z - [REQUEST]: Responding to the client. handleRecordTaskRuns
[NX v22.7.5 Daemon Server] - 2026-06-14T17:12:06.633Z - Done responding to the client handleRecordTaskRuns
[NX v22.7.5 Daemon Server] - 2026-06-14T17:12:06.634Z - Handled json message RECORD_TASK_RUNS. Handling time: 1. Response time: 1.
[NX v22.7.5 Daemon Client] - 2026-06-14T17:12:06.633Z - [Messenger] Received message, length: 4
[NX v22.7.5 Daemon Server] - 2026-06-14T17:12:06.650Z - Established a connection. Number of open connections: 2
[NX v22.7.5 Daemon Client] - 2026-06-14T17:12:06.650Z - [Messenger] Sending message type: GET_CONFIGURE_AI_AGENTS_STATUS
[NX v22.7.5 Daemon Server] - 2026-06-14T17:12:06.652Z - Closed a connection. Number of open connections: 1
[NX v22.7.5 Daemon Client] - 2026-06-14T17:12:06.652Z - [Messenger] Message sent
[NX v22.7.5 Daemon Server] - 2026-06-14T17:12:06.656Z - Received raw message of length 41
[NX v22.7.5 Daemon Server] - 2026-06-14T17:12:06.656Z - Received json message of type GET_CONFIGURE_AI_AGENTS_STATUS
[NX v22.7.5 Daemon Server] - 2026-06-14T17:12:06.656Z - [AI-AGENTS]: Returning cached agent configuration status
[NX v22.7.5 Daemon Server] - 2026-06-14T17:12:06.657Z - Serializing response for GET_CONFIGURE_AI_AGENTS_STATUS message in json mode
[NX v22.7.5 Daemon Server] - 2026-06-14T17:12:06.657Z - Responding to GET_CONFIGURE_AI_AGENTS_STATUS message
[NX v22.7.5 Daemon Server] - 2026-06-14T17:12:06.657Z - [REQUEST]: Responding to the client. handleGetConfigureAiAgentsStatus
[NX v22.7.5 Daemon Server] - 2026-06-14T17:12:06.657Z - Done responding to the client handleGetConfigureAiAgentsStatus
[NX v22.7.5 Daemon Server] - 2026-06-14T17:12:06.657Z - Handled json message GET_CONFIGURE_AI_AGENTS_STATUS. Handling time: 1. Response time: 0.
[NX v22.7.5 Daemon Client] - 2026-06-14T17:12:06.657Z - [Messenger] Received message, length: 104
[NX v22.7.5 Daemon Client] - 2026-06-14T17:12:06.658Z - [Messenger] Sending message type: POST_TASKS_EXECUTION
[NX v22.7.5 Daemon Client] - 2026-06-14T17:12:06.660Z - [Messenger] Message sent
[NX v22.7.5 Daemon Server] - 2026-06-14T17:12:06.662Z - Received raw message of length 533
[NX v22.7.5 Daemon Server] - 2026-06-14T17:12:06.663Z - Received json message of type POST_TASKS_EXECUTION
[NX v22.7.5 Daemon Server] - 2026-06-14T17:12:06.664Z - Serializing response for POST_TASKS_EXECUTION message in json mode
[NX v22.7.5 Daemon Server] - 2026-06-14T17:12:06.665Z - Responding to POST_TASKS_EXECUTION message
[NX v22.7.5 Daemon Server] - 2026-06-14T17:12:06.665Z - [REQUEST]: Responding to the client. handleRunPostTasksExecution
[NX v22.7.5 Daemon Server] - 2026-06-14T17:12:06.665Z - Time taken for 'postTasksExecution' 0.7137999999686144ms
[NX v22.7.5 Daemon Server] - 2026-06-14T17:12:06.665Z - Done responding to the client handleRunPostTasksExecution
[NX v22.7.5 Daemon Server] - 2026-06-14T17:12:06.665Z - Handled json message POST_TASKS_EXECUTION. Handling time: 1. Response time: 1.
[NX v22.7.5 Daemon Client] - 2026-06-14T17:12:06.665Z - [Messenger] Received message, length: 4
DEBUG nx::native::telemetry::service: Sent 1 events: [nx/js/dependencies-and-lockfile:createDe]
[NX v22.7.5 Daemon Server] - 2026-06-14T17:12:06.776Z - Closed a connection. Number of open connections: 0
[NX v22.7.5 Daemon Server] - 2026-06-14T17:15:00.983Z - [WATCHER]: 0 file(s) created or restored, 0 file(s) modified, 14 file(s) deleted
[NX v22.7.5 Daemon Server] - 2026-06-14T17:15:00.984Z - [WATCHER]: File changes detected:
Created:
(none)
Updated:
(none)
Deleted:
  - apps/fs-gateway/dist/app.service.js
  - apps/fs-gateway/dist/app.controller.d.ts
  - apps/fs-gateway/dist/app.module.d.ts
  - apps/fs-gateway/dist/app.module.js
  - apps/fs-gateway/dist/app.module.js.map
  - apps/fs-gateway/dist/app.service.d.ts
  - apps/fs-gateway/dist/main.d.ts
  - apps/fs-gateway/dist/main.js
  - apps/fs-gateway/dist/app.controller.js.map
  - apps/fs-gateway/dist/main.js.map
  ... and 4 more
[NX v22.7.5 Daemon Server] - 2026-06-14T17:15:00.984Z - [SYNC]: clearing sync generators cache due to file changes
[NX v22.7.5 Daemon Server] - 2026-06-14T17:15:00.985Z - [WATCHER]: Processing file changes in outputs
[NX v22.7.5 Daemon Server] - 2026-06-14T17:15:01.089Z - [REQUEST]: Updated workspace context based on watched changes, recomputing project graph...
[NX v22.7.5 Daemon Server] - 2026-06-14T17:15:01.089Z - [REQUEST]: 
[NX v22.7.5 Daemon Server] - 2026-06-14T17:15:01.089Z - [REQUEST]: apps/fs-gateway/dist/app.service.js,apps/fs-gateway/dist/app.controller.d.ts,apps/fs-gateway/dist/app.module.d.ts,apps/fs-gateway/dist/app.module.js,apps/fs-gateway/dist/app.module.js.map,apps/fs-gateway/dist/app.service.d.ts,apps/fs-gateway/dist/main.d.ts,apps/fs-gateway/dist/main.js,apps/fs-gateway/dist/app.controller.js.map,apps/fs-gateway/dist/main.js.map,apps/fs-gateway/dist/tsconfig.build.tsbuildinfo,apps/fs-gateway/dist,apps/fs-gateway/dist/app.service.js.map,apps/fs-gateway/dist/app.controller.js
[plugin-client] restarting worker for "nx/js/dependencies-and-lockfile"
[isolated-plugin] spawned worker for "nx/js/dependencies-and-lockfile" (pid: 31004, socket: \\.\pipe\nx\C:\Users\ANGELA~1\AppData\Local\Temp\plugin26356-9-661767.5575.sock)
[plugin-client] restarting worker for "nx/core/package-json"
[isolated-plugin] spawned worker for "nx/core/package-json" (pid: 14224, socket: \\.\pipe\nx\C:\Users\ANGELA~1\AppData\Local\Temp\plugin26356-10-661778.6883.sock)
[plugin-client] restarting worker for "nx/core/project-json"
[isolated-plugin] spawned worker for "nx/core/project-json" (pid: 27652, socket: \\.\pipe\nx\C:\Users\ANGELA~1\AppData\Local\Temp\plugin26356-11-661788.2833.sock)
[NX v22.7.5 Daemon Server] - 2026-06-14T17:15:01.127Z - Time taken for 'hash changed files from watcher' 0.49190000002272427ms
[plugin-worker] "nx/core/project-json" (pid: 27652) listening on \\.\pipe\nx\C:\Users\ANGELA~1\AppData\Local\Temp\plugin26356-11-661788.2833.sock
[1m[33mTime taken for 'plugin worker 27652 code loading' 842.6695ms[39m[22m
[isolated-plugin] connected to worker for "nx/core/project-json" (pid: 27652)
[plugin-worker] "nx/core/project-json" (pid: 27652) connected
[plugin-worker] "nx/core/package-json" (pid: 14224) listening on \\.\pipe\nx\C:\Users\ANGELA~1\AppData\Local\Temp\plugin26356-10-661778.6883.sock
[NX v22.7.5 Daemon Server] - 2026-06-14T17:15:02.100Z - Time taken for 'start-plugin-worker:nx/core/project-json' 985.9536999999546ms
[isolated-plugin] connected to worker for "nx/core/package-json" (pid: 14224)
[NX v22.7.5 Daemon Server] - 2026-06-14T17:15:02.103Z - Time taken for 'start-plugin-worker:nx/core/package-json' 998.4642999999924ms
[plugin-worker] "nx/core/package-json" (pid: 14224) connected
[1m[33mTime taken for 'plugin worker 14224 code loading' 873.7381ms[39m[22m
[plugin-worker] "nx/js/dependencies-and-lockfile" (pid: 31004) listening on \\.\pipe\nx\C:\Users\ANGELA~1\AppData\Local\Temp\plugin26356-9-661767.5575.sock
[1m[33mTime taken for 'plugin worker 31004 code loading' 883.381ms[39m[22m
[isolated-plugin] connected to worker for "nx/js/dependencies-and-lockfile" (pid: 31004)
[NX v22.7.5 Daemon Server] - 2026-06-14T17:15:02.115Z - Time taken for 'start-plugin-worker:nx/js/dependencies-and-lockfile' 1022.2582999999868ms
[plugin-worker] "nx/js/dependencies-and-lockfile" (pid: 31004) connected
[plugin-worker] "nx/core/package-json" (pid: 14224) loaded successfully
[plugin-worker] "nx/core/project-json" (pid: 27652) loaded successfully
[plugin-worker] "nx/js/dependencies-and-lockfile" (pid: 31004) loaded successfully
[1m[33mTime taken for 'nx/core/package-json:createNodes' 31.66260000000011ms[39m[22m
[isolated-plugin] shutting down worker for "nx/core/package-json" after createNodes
[isolated-plugin] shutting down worker for "nx/core/project-json" after createNodes
[1m[33mTime taken for 'nx/js/dependencies-and-lockfile:createNodes' 15.225799999999708ms[39m[22m
[NX v22.7.5 Daemon Server] - 2026-06-14T17:15:03.651Z - Time taken for 'build-project-configs' 2541.110400000005ms
[NX v22.7.5 Daemon Server] - 2026-06-14T17:15:03.652Z - Time taken for 'createNodes:merge' 2.121999999973923ms
[NX v22.7.5 Daemon Server] - 2026-06-14T17:15:03.652Z - Time taken for 'get-all-workspace-files' 0.44370000006165355ms
[1m[33mTime taken for 'build typescript dependencies' 0.3164999999999054ms[39m[22m
[isolated-plugin] shutting down worker for "nx/js/dependencies-and-lockfile" after createDependencies
[NX v22.7.5 Daemon Server] - 2026-06-14T17:15:03.683Z - [SYNC]: collect registered sync generators
[NX v22.7.5 Daemon Server] - 2026-06-14T17:15:03.684Z - [SYNC]: project graph hash is the same, not collecting task sync generators
[NX v22.7.5 Daemon Server] - 2026-06-14T17:15:03.685Z - [SYNC]: nx.json hash is the same, not collecting global sync generators
[NX v22.7.5 Daemon Server] - 2026-06-14T17:15:03.686Z - Time taken for 'total execution time for createProjectGraph()' 43.28080000006594ms
[NX v22.7.5 Daemon Server] - 2026-06-14T17:15:03.686Z - Time taken for 'createDependencies' 29.09560000000056ms
[NX v22.7.5 Daemon Server] - 2026-06-14T17:15:03.687Z - Time taken for 'nx/js/dependencies-and-lockfile:createDependencies' 28.757600000011735ms
[NX v22.7.5 Daemon Server] - 2026-06-14T17:15:03.687Z - Time taken for 'createMetadata' 0.15679999999701977ms
[NX v22.7.5 Daemon Server] - 2026-06-14T17:15:03.687Z - Time taken for 'serialize graph' 2.7976000000489876ms
DEBUG nx::native::telemetry::service: Sent 1 events: [nx/js/dependencies-and-lockfile:createDe]
[NX v22.7.5 Daemon Server] - 2026-06-14T17:15:07.774Z - [WATCHER]: 0 file(s) created or restored, 0 file(s) modified, 0 file(s) deleted
[NX v22.7.5 Daemon Server] - 2026-06-14T17:15:07.836Z - [WATCHER]: 0 file(s) created or restored, 0 file(s) modified, 0 file(s) deleted
[NX v22.7.5 Daemon Server] - 2026-06-14T17:15:07.908Z - [WATCHER]: 0 file(s) created or restored, 0 file(s) modified, 0 file(s) deleted
[NX v22.7.5 Daemon Server] - 2026-06-14T17:15:07.991Z - [REQUEST]: Updated workspace context based on watched changes, recomputing project graph...
[NX v22.7.5 Daemon Server] - 2026-06-14T17:15:07.991Z - [REQUEST]: 
[NX v22.7.5 Daemon Server] - 2026-06-14T17:15:07.992Z - [REQUEST]: 
[plugin-client] restarting worker for "nx/js/dependencies-and-lockfile"
[isolated-plugin] spawned worker for "nx/js/dependencies-and-lockfile" (pid: 8704, socket: \\.\pipe\nx\C:\Users\ANGELA~1\AppData\Local\Temp\plugin26356-12-668669.8749.sock)
[plugin-client] restarting worker for "nx/core/package-json"
[isolated-plugin] spawned worker for "nx/core/package-json" (pid: 11368, socket: \\.\pipe\nx\C:\Users\ANGELA~1\AppData\Local\Temp\plugin26356-13-668682.6269.sock)
[plugin-client] restarting worker for "nx/core/project-json"
[isolated-plugin] spawned worker for "nx/core/project-json" (pid: 27448, socket: \\.\pipe\nx\C:\Users\ANGELA~1\AppData\Local\Temp\plugin26356-14-668696.3471.sock)
[NX v22.7.5 Daemon Server] - 2026-06-14T17:15:08.038Z - Time taken for 'hash changed files from watcher' 0.48380000004544854ms
[plugin-worker] "nx/core/package-json" (pid: 11368) listening on \\.\pipe\nx\C:\Users\ANGELA~1\AppData\Local\Temp\plugin26356-13-668682.6269.sock
[isolated-plugin] connected to worker for "nx/core/package-json" (pid: 11368)
[plugin-worker] "nx/core/package-json" (pid: 11368) connected
[NX v22.7.5 Daemon Server] - 2026-06-14T17:15:09.160Z - Time taken for 'start-plugin-worker:nx/core/package-json' 1152.0131000000983ms
[1m[33mTime taken for 'plugin worker 11368 code loading' 979.5179999999999ms[39m[22m
[plugin-worker] "nx/core/project-json" (pid: 27448) listening on \\.\pipe\nx\C:\Users\ANGELA~1\AppData\Local\Temp\plugin26356-14-668696.3471.sock
[1m[33mTime taken for 'plugin worker 27448 code loading' 1024.6571999999999ms[39m[22m
[plugin-worker] "nx/js/dependencies-and-lockfile" (pid: 8704) listening on \\.\pipe\nx\C:\Users\ANGELA~1\AppData\Local\Temp\plugin26356-12-668669.8749.sock
[isolated-plugin] connected to worker for "nx/core/project-json" (pid: 27448)
[isolated-plugin] connected to worker for "nx/js/dependencies-and-lockfile" (pid: 8704)
[plugin-worker] "nx/core/project-json" (pid: 27448) connected
[plugin-worker] "nx/js/dependencies-and-lockfile" (pid: 8704) connected
[NX v22.7.5 Daemon Server] - 2026-06-14T17:15:09.213Z - Time taken for 'start-plugin-worker:nx/js/dependencies-and-lockfile' 1217.858700000099ms
[NX v22.7.5 Daemon Server] - 2026-06-14T17:15:09.214Z - Time taken for 'start-plugin-worker:nx/core/project-json' 1189.6500000000233ms
[1m[33mTime taken for 'plugin worker 8704 code loading' 1069.4225999999999ms[39m[22m
[plugin-worker] "nx/core/package-json" (pid: 11368) loaded successfully
[plugin-worker] "nx/core/project-json" (pid: 27448) loaded successfully
[plugin-worker] "nx/js/dependencies-and-lockfile" (pid: 8704) loaded successfully
[isolated-plugin] shutting down worker for "nx/core/package-json" after createNodes
[isolated-plugin] shutting down worker for "nx/core/project-json" after createNodes
[1m[33mTime taken for 'nx/js/dependencies-and-lockfile:createNodes' 11.332700000000386ms[39m[22m
[NX v22.7.5 Daemon Server] - 2026-06-14T17:15:10.512Z - Time taken for 'build-project-configs' 2508.991299999994ms
[NX v22.7.5 Daemon Server] - 2026-06-14T17:15:10.512Z - Time taken for 'createNodes:merge' 1.5205999999307096ms
[NX v22.7.5 Daemon Server] - 2026-06-14T17:15:10.512Z - Time taken for 'get-all-workspace-files' 0.31730000011157244ms
[1m[33mTime taken for 'build typescript dependencies' 0.37370000000009895ms[39m[22m
[isolated-plugin] shutting down worker for "nx/js/dependencies-and-lockfile" after createDependencies
[NX v22.7.5 Daemon Server] - 2026-06-14T17:15:10.535Z - [SYNC]: collect registered sync generators
[NX v22.7.5 Daemon Server] - 2026-06-14T17:15:10.536Z - [SYNC]: project graph hash is the same, not collecting task sync generators
[NX v22.7.5 Daemon Server] - 2026-06-14T17:15:10.537Z - [SYNC]: nx.json hash is the same, not collecting global sync generators
[NX v22.7.5 Daemon Server] - 2026-06-14T17:15:10.537Z - Time taken for 'total execution time for createProjectGraph()' 28.33079999999609ms
[NX v22.7.5 Daemon Server] - 2026-06-14T17:15:10.537Z - Time taken for 'createDependencies' 21.790700000012293ms
[NX v22.7.5 Daemon Server] - 2026-06-14T17:15:10.537Z - Time taken for 'nx/js/dependencies-and-lockfile:createDependencies' 21.549300000071526ms
[NX v22.7.5 Daemon Server] - 2026-06-14T17:15:10.537Z - Time taken for 'createMetadata' 0.01699999999254942ms
[NX v22.7.5 Daemon Server] - 2026-06-14T17:15:10.537Z - Time taken for 'serialize graph' 2.5320000000065193ms
DEBUG nx::native::telemetry::service: Sent 1 events: [nx/js/dependencies-and-lockfile:createDe]
[NX v22.7.5 Daemon Server] - 2026-06-14T18:52:19.793Z - [WATCHER]: Processing file changes in outputs
[NX v22.7.5 Daemon Server] - 2026-06-14T18:52:19.794Z - [WATCHER]: libs/prisma/schema.prisma was modified
[NX v22.7.5 Daemon Server] - 2026-06-14T18:52:19.795Z - [WATCHER]: File changes detected:
Created:
(none)
Updated:
  - libs/prisma/schema.prisma
Deleted:
(none)
[NX v22.7.5 Daemon Server] - 2026-06-14T18:52:19.796Z - [SYNC]: clearing sync generators cache due to file changes
[NX v22.7.5 Daemon Server] - 2026-06-14T18:52:20.211Z - [REQUEST]: Updated workspace context based on watched changes, recomputing project graph...
[NX v22.7.5 Daemon Server] - 2026-06-14T18:52:20.211Z - [REQUEST]: libs/prisma/schema.prisma
[NX v22.7.5 Daemon Server] - 2026-06-14T18:52:20.211Z - [REQUEST]: 
[plugin-client] restarting worker for "nx/js/dependencies-and-lockfile"
[isolated-plugin] spawned worker for "nx/js/dependencies-and-lockfile" (pid: 24708, socket: \\.\pipe\nx\C:\Users\ANGELA~1\AppData\Local\Temp\plugin26356-15-6498710.7859.sock)
[plugin-client] restarting worker for "nx/core/package-json"
[isolated-plugin] spawned worker for "nx/core/package-json" (pid: 9816, socket: \\.\pipe\nx\C:\Users\ANGELA~1\AppData\Local\Temp\plugin26356-16-6498720.2541.sock)
[plugin-client] restarting worker for "nx/core/project-json"
[isolated-plugin] spawned worker for "nx/core/project-json" (pid: 33376, socket: \\.\pipe\nx\C:\Users\ANGELA~1\AppData\Local\Temp\plugin26356-17-6498727.8351.sock)
[NX v22.7.5 Daemon Server] - 2026-06-14T18:52:20.245Z - Time taken for 'hash changed files from watcher' 3.165900000371039ms
[isolated-plugin] connected to worker for "nx/core/project-json" (pid: 33376)
[isolated-plugin] connected to worker for "nx/js/dependencies-and-lockfile" (pid: 24708)
[isolated-plugin] connected to worker for "nx/core/package-json" (pid: 9816)
[plugin-worker] "nx/core/project-json" (pid: 33376) listening on \\.\pipe\nx\C:\Users\ANGELA~1\AppData\Local\Temp\plugin26356-17-6498727.8351.sock
[plugin-worker] "nx/core/project-json" (pid: 33376) connected
[1m[33mTime taken for 'plugin worker 33376 code loading' 753.8412999999999ms[39m[22m
[plugin-worker] "nx/core/package-json" (pid: 9816) listening on \\.\pipe\nx\C:\Users\ANGELA~1\AppData\Local\Temp\plugin26356-16-6498720.2541.sock
[1m[33mTime taken for 'plugin worker 9816 code loading' 755.3584999999999ms[39m[22m
[plugin-worker] "nx/core/package-json" (pid: 9816) connected
[plugin-worker] "nx/js/dependencies-and-lockfile" (pid: 24708) listening on \\.\pipe\nx\C:\Users\ANGELA~1\AppData\Local\Temp\plugin26356-15-6498710.7859.sock
[plugin-worker] "nx/js/dependencies-and-lockfile" (pid: 24708) connected
[1m[33mTime taken for 'plugin worker 24708 code loading' 756.2435ms[39m[22m
[NX v22.7.5 Daemon Server] - 2026-06-14T18:52:21.072Z - Time taken for 'start-plugin-worker:nx/js/dependencies-and-lockfile' 850.670100000687ms
[NX v22.7.5 Daemon Server] - 2026-06-14T18:52:21.073Z - Time taken for 'start-plugin-worker:nx/core/package-json' 839.5793000003323ms
[NX v22.7.5 Daemon Server] - 2026-06-14T18:52:21.073Z - Time taken for 'start-plugin-worker:nx/core/project-json' 829.2070000004023ms
[plugin-worker] "nx/core/project-json" (pid: 33376) loaded successfully
[plugin-worker] "nx/core/package-json" (pid: 9816) loaded successfully
[plugin-worker] "nx/js/dependencies-and-lockfile" (pid: 24708) loaded successfully
[1m[33mTime taken for 'nx/core/project-json:createNodes' 0.4194999999999709ms[39m[22m
[isolated-plugin] shutting down worker for "nx/core/project-json" after createNodes
[1m[33mTime taken for 'nx/js/dependencies-and-lockfile:createNodes' 12.009499999999889ms[39m[22m
[1m[33mTime taken for 'nx/core/package-json:createNodes' 22.3596ms[39m[22m
[isolated-plugin] shutting down worker for "nx/core/package-json" after createNodes
[NX v22.7.5 Daemon Server] - 2026-06-14T18:52:22.307Z - Time taken for 'build-project-configs' 2071.448900000192ms
[NX v22.7.5 Daemon Server] - 2026-06-14T18:52:22.307Z - Time taken for 'createNodes:merge' 2.2850999999791384ms
[NX v22.7.5 Daemon Server] - 2026-06-14T18:52:22.307Z - Time taken for 'get-all-workspace-files' 0.2909000003710389ms
[1m[33mTime taken for 'build typescript dependencies' 2.138300000000072ms[39m[22m
[isolated-plugin] shutting down worker for "nx/js/dependencies-and-lockfile" after createDependencies
[NX v22.7.5 Daemon Server] - 2026-06-14T18:52:22.330Z - [SYNC]: collect registered sync generators
[NX v22.7.5 Daemon Server] - 2026-06-14T18:52:22.331Z - [SYNC]: project graph hash is the same, not collecting task sync generators
[NX v22.7.5 Daemon Server] - 2026-06-14T18:52:22.331Z - [SYNC]: nx.json hash is the same, not collecting global sync generators
[NX v22.7.5 Daemon Server] - 2026-06-14T18:52:22.331Z - Time taken for 'total execution time for createProjectGraph()' 30.097799999639392ms
[NX v22.7.5 Daemon Server] - 2026-06-14T18:52:22.332Z - Time taken for 'createDependencies' 21.157800000160933ms
[NX v22.7.5 Daemon Server] - 2026-06-14T18:52:22.332Z - Time taken for 'nx/js/dependencies-and-lockfile:createDependencies' 20.925000000745058ms
[NX v22.7.5 Daemon Server] - 2026-06-14T18:52:22.332Z - Time taken for 'createMetadata' 0.08860000036656857ms
[NX v22.7.5 Daemon Server] - 2026-06-14T18:52:22.332Z - Time taken for 'serialize graph' 2.531700000166893ms
DEBUG nx::native::telemetry::service: Session idle for >30 min, starting new session: 20d62694-ed69-4eee-b198-538b6d413193
DEBUG nx::native::telemetry::service: Sent 1 events: [nx/js/dependencies-and-lockfile:createDe]
[NX v22.7.5 Daemon Server] - 2026-06-14T18:52:33.491Z - [WATCHER]: libs/prisma/schema.prisma was modified
[NX v22.7.5 Daemon Server] - 2026-06-14T18:52:33.491Z - [WATCHER]: File changes detected:
Created:
(none)
Updated:
  - libs/prisma/schema.prisma
Deleted:
(none)
[NX v22.7.5 Daemon Server] - 2026-06-14T18:52:33.492Z - [SYNC]: clearing sync generators cache due to file changes
[NX v22.7.5 Daemon Server] - 2026-06-14T18:52:33.492Z - [WATCHER]: Processing file changes in outputs
[NX v22.7.5 Daemon Server] - 2026-06-14T18:52:34.304Z - [REQUEST]: Updated workspace context based on watched changes, recomputing project graph...
[NX v22.7.5 Daemon Server] - 2026-06-14T18:52:34.304Z - [REQUEST]: libs/prisma/schema.prisma
[NX v22.7.5 Daemon Server] - 2026-06-14T18:52:34.304Z - [REQUEST]: 
[plugin-client] restarting worker for "nx/js/dependencies-and-lockfile"
[isolated-plugin] spawned worker for "nx/js/dependencies-and-lockfile" (pid: 17432, socket: \\.\pipe\nx\C:\Users\ANGELA~1\AppData\Local\Temp\plugin26356-18-6512815.899.sock)
[plugin-client] restarting worker for "nx/core/package-json"
[isolated-plugin] spawned worker for "nx/core/package-json" (pid: 6868, socket: \\.\pipe\nx\C:\Users\ANGELA~1\AppData\Local\Temp\plugin26356-19-6512824.852.sock)
[plugin-client] restarting worker for "nx/core/project-json"
[isolated-plugin] spawned worker for "nx/core/project-json" (pid: 20784, socket: \\.\pipe\nx\C:\Users\ANGELA~1\AppData\Local\Temp\plugin26356-20-6512831.8932.sock)
[NX v22.7.5 Daemon Server] - 2026-06-14T18:52:34.349Z - Time taken for 'hash changed files from watcher' 0.5007000006735325ms
[plugin-worker] "nx/js/dependencies-and-lockfile" (pid: 17432) listening on \\.\pipe\nx\C:\Users\ANGELA~1\AppData\Local\Temp\plugin26356-18-6512815.899.sock
[isolated-plugin] connected to worker for "nx/js/dependencies-and-lockfile" (pid: 17432)
[plugin-worker] "nx/js/dependencies-and-lockfile" (pid: 17432) connected
[NX v22.7.5 Daemon Server] - 2026-06-14T18:52:34.740Z - Time taken for 'start-plugin-worker:nx/js/dependencies-and-lockfile' 413.43790000025183ms
[1m[33mTime taken for 'plugin worker 17432 code loading' 349.6635ms[39m[22m
[plugin-worker] "nx/core/project-json" (pid: 20784) listening on \\.\pipe\nx\C:\Users\ANGELA~1\AppData\Local\Temp\plugin26356-20-6512831.8932.sock
[plugin-worker] "nx/core/package-json" (pid: 6868) listening on \\.\pipe\nx\C:\Users\ANGELA~1\AppData\Local\Temp\plugin26356-19-6512824.852.sock
[1m[33mTime taken for 'plugin worker 20784 code loading' 344.14750000000004ms[39m[22m
[1m[33mTime taken for 'plugin worker 6868 code loading' 351.7711ms[39m[22m
[isolated-plugin] connected to worker for "nx/core/project-json" (pid: 20784)
[isolated-plugin] connected to worker for "nx/core/package-json" (pid: 6868)
[plugin-worker] "nx/core/package-json" (pid: 6868) connected
[plugin-worker] "nx/core/project-json" (pid: 20784) connected
[NX v22.7.5 Daemon Server] - 2026-06-14T18:52:34.757Z - Time taken for 'start-plugin-worker:nx/core/package-json' 421.4689000006765ms
[NX v22.7.5 Daemon Server] - 2026-06-14T18:52:34.757Z - Time taken for 'start-plugin-worker:nx/core/project-json' 412.3048000000417ms
[plugin-worker] "nx/core/project-json" (pid: 20784) loaded successfully
[plugin-worker] "nx/core/package-json" (pid: 6868) loaded successfully
[plugin-worker] "nx/js/dependencies-and-lockfile" (pid: 17432) loaded successfully
[1m[33mTime taken for 'nx/core/project-json:createNodes' 0.2541999999999689ms[39m[22m
[isolated-plugin] shutting down worker for "nx/core/project-json" after createNodes
[1m[33mTime taken for 'nx/core/package-json:createNodes' 15.804099999999949ms[39m[22m
[isolated-plugin] shutting down worker for "nx/core/package-json" after createNodes
[1m[33mTime taken for 'nx/js/dependencies-and-lockfile:createNodes' 7.849799999999959ms[39m[22m
[NX v22.7.5 Daemon Server] - 2026-06-14T18:52:35.325Z - Time taken for 'build-project-configs' 990.3673000000417ms
[NX v22.7.5 Daemon Server] - 2026-06-14T18:52:35.325Z - Time taken for 'createNodes:merge' 1.0572999995201826ms
[NX v22.7.5 Daemon Server] - 2026-06-14T18:52:35.325Z - Time taken for 'get-all-workspace-files' 0.22699999995529652ms
[1m[33mTime taken for 'build typescript dependencies' 2.498299999999972ms[39m[22m
[isolated-plugin] shutting down worker for "nx/js/dependencies-and-lockfile" after createDependencies
[NX v22.7.5 Daemon Server] - 2026-06-14T18:52:35.342Z - [SYNC]: collect registered sync generators
[NX v22.7.5 Daemon Server] - 2026-06-14T18:52:35.343Z - [SYNC]: project graph hash is the same, not collecting task sync generators
[NX v22.7.5 Daemon Server] - 2026-06-14T18:52:35.343Z - [SYNC]: nx.json hash is the same, not collecting global sync generators
[NX v22.7.5 Daemon Server] - 2026-06-14T18:52:35.344Z - Time taken for 'total execution time for createProjectGraph()' 23.125900000333786ms
[NX v22.7.5 Daemon Server] - 2026-06-14T18:52:35.344Z - Time taken for 'createDependencies' 16.55930000077933ms
[NX v22.7.5 Daemon Server] - 2026-06-14T18:52:35.344Z - Time taken for 'nx/js/dependencies-and-lockfile:createDependencies' 16.4035000000149ms
[NX v22.7.5 Daemon Server] - 2026-06-14T18:52:35.344Z - Time taken for 'createMetadata' 0.01609999965876341ms
[NX v22.7.5 Daemon Server] - 2026-06-14T18:52:35.344Z - Time taken for 'serialize graph' 2.3595000002533197ms
DEBUG nx::native::telemetry::service: Sent 1 events: [nx/js/dependencies-and-lockfile:createDe]
[NX v22.7.5 Daemon Server] - 2026-06-14T18:55:54.916Z - [WATCHER]: 0 file(s) created or restored, 0 file(s) modified, 0 file(s) deleted
[NX v22.7.5 Daemon Server] - 2026-06-14T18:55:55.058Z - [WATCHER]: 0 file(s) created or restored, 0 file(s) modified, 0 file(s) deleted
[NX v22.7.5 Daemon Server] - 2026-06-14T18:55:55.276Z - [WATCHER]: 0 file(s) created or restored, 0 file(s) modified, 0 file(s) deleted
[NX v22.7.5 Daemon Server] - 2026-06-14T18:55:56.527Z - [REQUEST]: Updated workspace context based on watched changes, recomputing project graph...
[NX v22.7.5 Daemon Server] - 2026-06-14T18:55:56.527Z - [REQUEST]: 
[NX v22.7.5 Daemon Server] - 2026-06-14T18:55:56.527Z - [REQUEST]: 
[plugin-client] restarting worker for "nx/js/dependencies-and-lockfile"
[isolated-plugin] spawned worker for "nx/js/dependencies-and-lockfile" (pid: 32772, socket: \\.\pipe\nx\C:\Users\ANGELA~1\AppData\Local\Temp\plugin26356-21-6715020.3931.sock)
[plugin-client] restarting worker for "nx/core/package-json"
[isolated-plugin] spawned worker for "nx/core/package-json" (pid: 31944, socket: \\.\pipe\nx\C:\Users\ANGELA~1\AppData\Local\Temp\plugin26356-22-6715030.2257.sock)
[plugin-client] restarting worker for "nx/core/project-json"
[isolated-plugin] spawned worker for "nx/core/project-json" (pid: 32504, socket: \\.\pipe\nx\C:\Users\ANGELA~1\AppData\Local\Temp\plugin26356-23-6715038.1738.sock)
[NX v22.7.5 Daemon Server] - 2026-06-14T18:55:56.556Z - Time taken for 'hash changed files from watcher' 0.37839999981224537ms
[plugin-worker] "nx/core/package-json" (pid: 31944) listening on \\.\pipe\nx\C:\Users\ANGELA~1\AppData\Local\Temp\plugin26356-22-6715030.2257.sock
[isolated-plugin] connected to worker for "nx/core/package-json" (pid: 31944)
[1m[33mTime taken for 'plugin worker 31944 code loading' 322.4728ms[39m[22m
[plugin-worker] "nx/core/package-json" (pid: 31944) connected
[NX v22.7.5 Daemon Server] - 2026-06-14T18:55:56.936Z - Time taken for 'start-plugin-worker:nx/core/package-json' 396.18510000035167ms
[plugin-worker] "nx/js/dependencies-and-lockfile" (pid: 32772) listening on \\.\pipe\nx\C:\Users\ANGELA~1\AppData\Local\Temp\plugin26356-21-6715020.3931.sock
[1m[33mTime taken for 'plugin worker 32772 code loading' 340.1099ms[39m[22m
[isolated-plugin] connected to worker for "nx/js/dependencies-and-lockfile" (pid: 32772)
[NX v22.7.5 Daemon Server] - 2026-06-14T18:55:56.950Z - Time taken for 'start-plugin-worker:nx/js/dependencies-and-lockfile' 420.53550000023097ms
[plugin-worker] "nx/js/dependencies-and-lockfile" (pid: 32772) connected
[plugin-worker] "nx/core/project-json" (pid: 32504) listening on \\.\pipe\nx\C:\Users\ANGELA~1\AppData\Local\Temp\plugin26356-23-6715038.1738.sock
[1m[33mTime taken for 'plugin worker 32504 code loading' 337.1939ms[39m[22m
[isolated-plugin] connected to worker for "nx/core/project-json" (pid: 32504)
[NX v22.7.5 Daemon Server] - 2026-06-14T18:55:56.960Z - Time taken for 'start-plugin-worker:nx/core/project-json' 412.7426000004634ms
[plugin-worker] "nx/core/project-json" (pid: 32504) connected
[plugin-worker] "nx/core/package-json" (pid: 31944) loaded successfully
[plugin-worker] "nx/core/project-json" (pid: 32504) loaded successfully
[plugin-worker] "nx/js/dependencies-and-lockfile" (pid: 32772) loaded successfully
[1m[33mTime taken for 'nx/core/project-json:createNodes' 0.43269999999995434ms[39m[22m
[isolated-plugin] shutting down worker for "nx/core/project-json" after createNodes
[1m[33mTime taken for 'nx/core/package-json:createNodes' 12.054700000000025ms[39m[22m
[isolated-plugin] shutting down worker for "nx/core/package-json" after createNodes
[NX v22.7.5 Daemon Server] - 2026-06-14T18:55:57.517Z - Time taken for 'build-project-configs' 980.0721999993548ms
[NX v22.7.5 Daemon Server] - 2026-06-14T18:55:57.517Z - Time taken for 'createNodes:merge' 0.9978999998420477ms
[NX v22.7.5 Daemon Server] - 2026-06-14T18:55:57.517Z - Time taken for 'get-all-workspace-files' 0.2012000000104308ms
[1m[33mTime taken for 'nx/js/dependencies-and-lockfile:createNodes' 6.891700000000014ms[39m[22m
[1m[33mTime taken for 'build typescript dependencies' 0.2883000000000493ms[39m[22m
[isolated-plugin] shutting down worker for "nx/js/dependencies-and-lockfile" after createDependencies
[NX v22.7.5 Daemon Server] - 2026-06-14T18:55:57.532Z - [SYNC]: collect registered sync generators
[NX v22.7.5 Daemon Server] - 2026-06-14T18:55:57.533Z - [SYNC]: project graph hash is the same, not collecting task sync generators
[NX v22.7.5 Daemon Server] - 2026-06-14T18:55:57.533Z - [SYNC]: nx.json hash is the same, not collecting global sync generators
[NX v22.7.5 Daemon Server] - 2026-06-14T18:55:57.533Z - Time taken for 'total execution time for createProjectGraph()' 20.865200000815094ms
[NX v22.7.5 Daemon Server] - 2026-06-14T18:55:57.533Z - Time taken for 'createDependencies' 13.769800000824034ms
[NX v22.7.5 Daemon Server] - 2026-06-14T18:55:57.533Z - Time taken for 'nx/js/dependencies-and-lockfile:createDependencies' 13.621199999935925ms
[NX v22.7.5 Daemon Server] - 2026-06-14T18:55:57.533Z - Time taken for 'createMetadata' 0.06850000005215406ms
[NX v22.7.5 Daemon Server] - 2026-06-14T18:55:57.533Z - Time taken for 'serialize graph' 1.6997999995946884ms
DEBUG nx::native::telemetry::service: Sent 1 events: [nx/js/dependencies-and-lockfile:createDe]
[NX v22.7.5 Daemon Server] - 2026-06-14T19:34:02.200Z - [WATCHER]: libs/prisma/seed.js was modified
[NX v22.7.5 Daemon Server] - 2026-06-14T19:34:02.201Z - [WATCHER]: File changes detected:
Created:
(none)
Updated:
  - libs/prisma/seed.js
Deleted:
(none)
[NX v22.7.5 Daemon Server] - 2026-06-14T19:34:02.201Z - [SYNC]: clearing sync generators cache due to file changes
[NX v22.7.5 Daemon Server] - 2026-06-14T19:34:02.202Z - [WATCHER]: Processing file changes in outputs
[NX v22.7.5 Daemon Server] - 2026-06-14T19:34:05.412Z - [REQUEST]: Updated workspace context based on watched changes, recomputing project graph...
[NX v22.7.5 Daemon Server] - 2026-06-14T19:34:05.412Z - [REQUEST]: libs/prisma/seed.js
[NX v22.7.5 Daemon Server] - 2026-06-14T19:34:05.412Z - [REQUEST]: 
[plugin-client] restarting worker for "nx/js/dependencies-and-lockfile"
[isolated-plugin] spawned worker for "nx/js/dependencies-and-lockfile" (pid: 6720, socket: \\.\pipe\nx\C:\Users\ANGELA~1\AppData\Local\Temp\plugin26356-24-9003904.613.sock)
[plugin-client] restarting worker for "nx/core/package-json"
[isolated-plugin] spawned worker for "nx/core/package-json" (pid: 26228, socket: \\.\pipe\nx\C:\Users\ANGELA~1\AppData\Local\Temp\plugin26356-25-9003915.9076.sock)
[plugin-client] restarting worker for "nx/core/project-json"
[isolated-plugin] spawned worker for "nx/core/project-json" (pid: 3548, socket: \\.\pipe\nx\C:\Users\ANGELA~1\AppData\Local\Temp\plugin26356-26-9003925.8909.sock)
[NX v22.7.5 Daemon Server] - 2026-06-14T19:34:05.446Z - Time taken for 'hash changed files from watcher' 0.7788999993354082ms
[plugin-worker] "nx/js/dependencies-and-lockfile" (pid: 6720) listening on \\.\pipe\nx\C:\Users\ANGELA~1\AppData\Local\Temp\plugin26356-24-9003904.613.sock
[1m[33mTime taken for 'plugin worker 6720 code loading' 528.679ms[39m[22m
[isolated-plugin] connected to worker for "nx/js/dependencies-and-lockfile" (pid: 6720)
[plugin-worker] "nx/js/dependencies-and-lockfile" (pid: 6720) connected
[NX v22.7.5 Daemon Server] - 2026-06-14T19:34:06.047Z - Time taken for 'start-plugin-worker:nx/js/dependencies-and-lockfile' 631.9154000002891ms
[plugin-worker] "nx/core/package-json" (pid: 26228) listening on \\.\pipe\nx\C:\Users\ANGELA~1\AppData\Local\Temp\plugin26356-25-9003915.9076.sock
[plugin-worker] "nx/core/project-json" (pid: 3548) listening on \\.\pipe\nx\C:\Users\ANGELA~1\AppData\Local\Temp\plugin26356-26-9003925.8909.sock
[1m[33mTime taken for 'plugin worker 26228 code loading' 530.6843ms[39m[22m
[1m[33mTime taken for 'plugin worker 3548 code loading' 517.0864ms[39m[22m
[isolated-plugin] connected to worker for "nx/core/project-json" (pid: 3548)
[isolated-plugin] connected to worker for "nx/core/package-json" (pid: 26228)
[NX v22.7.5 Daemon Server] - 2026-06-14T19:34:06.059Z - Time taken for 'start-plugin-worker:nx/core/package-json' 633.4597000014037ms
[NX v22.7.5 Daemon Server] - 2026-06-14T19:34:06.059Z - Time taken for 'start-plugin-worker:nx/core/project-json' 622.8595000002533ms
[plugin-worker] "nx/core/package-json" (pid: 26228) connected
[plugin-worker] "nx/core/project-json" (pid: 3548) connected
[plugin-worker] "nx/core/project-json" (pid: 3548) loaded successfully
[plugin-worker] "nx/core/package-json" (pid: 26228) loaded successfully
[plugin-worker] "nx/js/dependencies-and-lockfile" (pid: 6720) loaded successfully
[1m[33mTime taken for 'nx/core/project-json:createNodes' 0.4938999999999396ms[39m[22m
[isolated-plugin] shutting down worker for "nx/core/project-json" after createNodes
[1m[33mTime taken for 'nx/core/package-json:createNodes' 19.31490000000008ms[39m[22m
[isolated-plugin] shutting down worker for "nx/core/package-json" after createNodes
[1m[33mTime taken for 'nx/js/dependencies-and-lockfile:createNodes' 9.992899999999963ms[39m[22m
[NX v22.7.5 Daemon Server] - 2026-06-14T19:34:06.898Z - Time taken for 'build-project-configs' 1471.934500001371ms
[NX v22.7.5 Daemon Server] - 2026-06-14T19:34:06.898Z - Time taken for 'createNodes:merge' 2.1181000005453825ms
[NX v22.7.5 Daemon Server] - 2026-06-14T19:34:06.898Z - Time taken for 'get-all-workspace-files' 0.3458999991416931ms
[1m[33mTime taken for 'build typescript dependencies' 2.834899999999834ms[39m[22m
[isolated-plugin] shutting down worker for "nx/js/dependencies-and-lockfile" after createDependencies
[NX v22.7.5 Daemon Server] - 2026-06-14T19:34:06.922Z - [SYNC]: collect registered sync generators
[NX v22.7.5 Daemon Server] - 2026-06-14T19:34:06.923Z - [SYNC]: project graph hash is the same, not collecting task sync generators
[NX v22.7.5 Daemon Server] - 2026-06-14T19:34:06.923Z - [SYNC]: nx.json hash is the same, not collecting global sync generators
[NX v22.7.5 Daemon Server] - 2026-06-14T19:34:06.923Z - Time taken for 'total execution time for createProjectGraph()' 31.021099999547005ms
[NX v22.7.5 Daemon Server] - 2026-06-14T19:34:06.924Z - Time taken for 'createDependencies' 21.38010000064969ms
[NX v22.7.5 Daemon Server] - 2026-06-14T19:34:06.924Z - Time taken for 'nx/js/dependencies-and-lockfile:createDependencies' 21.086300000548363ms
[NX v22.7.5 Daemon Server] - 2026-06-14T19:34:06.924Z - Time taken for 'createMetadata' 0.08430000022053719ms
[NX v22.7.5 Daemon Server] - 2026-06-14T19:34:06.924Z - Time taken for 'serialize graph' 3.194199999794364ms
DEBUG nx::native::telemetry::service: Session idle for >30 min, starting new session: 477d0e3a-f69b-484d-af02-02135c4cce49
DEBUG nx::native::telemetry::service: Sent 1 events: [nx/js/dependencies-and-lockfile:createDe]
[NX v22.7.5 Daemon Server] - 2026-06-14T19:34:52.799Z - [WATCHER]: 0 file(s) created or restored, 0 file(s) modified, 0 file(s) deleted
[NX v22.7.5 Daemon Server] - 2026-06-14T19:34:59.203Z - [REQUEST]: Updated workspace context based on watched changes, recomputing project graph...
[NX v22.7.5 Daemon Server] - 2026-06-14T19:34:59.203Z - [REQUEST]: 
[NX v22.7.5 Daemon Server] - 2026-06-14T19:34:59.203Z - [REQUEST]: 
[plugin-client] restarting worker for "nx/js/dependencies-and-lockfile"
[isolated-plugin] spawned worker for "nx/js/dependencies-and-lockfile" (pid: 32432, socket: \\.\pipe\nx\C:\Users\ANGELA~1\AppData\Local\Temp\plugin26356-27-9057696.5663.sock)
[plugin-client] restarting worker for "nx/core/package-json"
[isolated-plugin] spawned worker for "nx/core/package-json" (pid: 31840, socket: \\.\pipe\nx\C:\Users\ANGELA~1\AppData\Local\Temp\plugin26356-28-9057707.6457.sock)
[plugin-client] restarting worker for "nx/core/project-json"
[isolated-plugin] spawned worker for "nx/core/project-json" (pid: 33484, socket: \\.\pipe\nx\C:\Users\ANGELA~1\AppData\Local\Temp\plugin26356-29-9057718.5785.sock)
[NX v22.7.5 Daemon Server] - 2026-06-14T19:34:59.248Z - Time taken for 'hash changed files from watcher' 0.5603000000119209ms
[plugin-worker] "nx/js/dependencies-and-lockfile" (pid: 32432) listening on \\.\pipe\nx\C:\Users\ANGELA~1\AppData\Local\Temp\plugin26356-27-9057696.5663.sock
[1m[33mTime taken for 'plugin worker 32432 code loading' 446.8821ms[39m[22m
[isolated-plugin] connected to worker for "nx/js/dependencies-and-lockfile" (pid: 32432)
[isolated-plugin] connected to worker for "nx/core/package-json" (pid: 31840)
[plugin-worker] "nx/core/package-json" (pid: 31840) listening on \\.\pipe\nx\C:\Users\ANGELA~1\AppData\Local\Temp\plugin26356-28-9057707.6457.sock
[plugin-worker] "nx/js/dependencies-and-lockfile" (pid: 32432) connected
[NX v22.7.5 Daemon Server] - 2026-06-14T19:34:59.765Z - Time taken for 'start-plugin-worker:nx/js/dependencies-and-lockfile' 557.7216999996454ms
[NX v22.7.5 Daemon Server] - 2026-06-14T19:34:59.766Z - Time taken for 'start-plugin-worker:nx/core/package-json' 547.5612999983132ms
[plugin-worker] "nx/core/package-json" (pid: 31840) connected
[1m[33mTime taken for 'plugin worker 31840 code loading' 445.3268ms[39m[22m
[plugin-worker] "nx/core/project-json" (pid: 33484) listening on \\.\pipe\nx\C:\Users\ANGELA~1\AppData\Local\Temp\plugin26356-29-9057718.5785.sock
[1m[33mTime taken for 'plugin worker 33484 code loading' 457.34599999999995ms[39m[22m
[isolated-plugin] connected to worker for "nx/core/project-json" (pid: 33484)
[NX v22.7.5 Daemon Server] - 2026-06-14T19:34:59.795Z - Time taken for 'start-plugin-worker:nx/core/project-json' 566.0438999999315ms
[plugin-worker] "nx/core/project-json" (pid: 33484) connected
[plugin-worker] "nx/core/package-json" (pid: 31840) loaded successfully
[plugin-worker] "nx/core/project-json" (pid: 33484) loaded successfully
[plugin-worker] "nx/js/dependencies-and-lockfile" (pid: 32432) loaded successfully
[1m[33mTime taken for 'nx/core/project-json:createNodes' 0.31009999999992033ms[39m[22m
[isolated-plugin] shutting down worker for "nx/core/project-json" after createNodes
[1m[33mTime taken for 'nx/core/package-json:createNodes' 18.586900000000014ms[39m[22m
[isolated-plugin] shutting down worker for "nx/core/package-json" after createNodes
[1m[33mTime taken for 'nx/js/dependencies-and-lockfile:createNodes' 10.16599999999994ms[39m[22m
[NX v22.7.5 Daemon Server] - 2026-06-14T19:35:00.581Z - Time taken for 'build-project-configs' 1365.069699998945ms
[NX v22.7.5 Daemon Server] - 2026-06-14T19:35:00.581Z - Time taken for 'createNodes:merge' 1.4551999997347593ms
[NX v22.7.5 Daemon Server] - 2026-06-14T19:35:00.581Z - Time taken for 'get-all-workspace-files' 0.3368999995291233ms
[1m[33mTime taken for 'build typescript dependencies' 0.2902000000001408ms[39m[22m
[isolated-plugin] shutting down worker for "nx/js/dependencies-and-lockfile" after createDependencies
[NX v22.7.5 Daemon Server] - 2026-06-14T19:35:00.598Z - [SYNC]: collect registered sync generators
[NX v22.7.5 Daemon Server] - 2026-06-14T19:35:00.599Z - [SYNC]: project graph hash is the same, not collecting task sync generators
[NX v22.7.5 Daemon Server] - 2026-06-14T19:35:00.599Z - [SYNC]: nx.json hash is the same, not collecting global sync generators
[NX v22.7.5 Daemon Server] - 2026-06-14T19:35:00.599Z - Time taken for 'total execution time for createProjectGraph()' 23.661000000312924ms
[NX v22.7.5 Daemon Server] - 2026-06-14T19:35:00.599Z - Time taken for 'createDependencies' 15.984100000932813ms
[NX v22.7.5 Daemon Server] - 2026-06-14T19:35:00.599Z - Time taken for 'nx/js/dependencies-and-lockfile:createDependencies' 15.842499999329448ms
[NX v22.7.5 Daemon Server] - 2026-06-14T19:35:00.599Z - Time taken for 'createMetadata' 0.019500000402331352ms
[NX v22.7.5 Daemon Server] - 2026-06-14T19:35:00.599Z - Time taken for 'serialize graph' 2.168400000780821ms
DEBUG nx::native::telemetry::service: Sent 1 events: [nx/js/dependencies-and-lockfile:createDe]
[NX v22.7.5 Daemon Server] - 2026-06-14T19:35:06.410Z - [WATCHER]: Processing file changes in outputs
[NX v22.7.5 Daemon Server] - 2026-06-14T19:35:06.411Z - [WATCHER]: 2 file(s) created or restored, 0 file(s) modified, 0 file(s) deleted
[NX v22.7.5 Daemon Server] - 2026-06-14T19:35:06.411Z - [WATCHER]: File changes detected:
Created:
  - apps/ledger-accounts-svc/src/dashboard/dashboard.module.ts
  - apps/ledger-accounts-svc/src/dashboard/dashboard.controller.ts
Updated:
(none)
Deleted:
(none)
[NX v22.7.5 Daemon Server] - 2026-06-14T19:35:06.411Z - [SYNC]: clearing sync generators cache due to file changes
[NX v22.7.5 Daemon Server] - 2026-06-14T19:35:06.516Z - [REQUEST]: Updated workspace context based on watched changes, recomputing project graph...
[NX v22.7.5 Daemon Server] - 2026-06-14T19:35:06.516Z - [REQUEST]: apps/ledger-accounts-svc/src/dashboard/dashboard.module.ts,apps/ledger-accounts-svc/src/dashboard/dashboard.controller.ts
[NX v22.7.5 Daemon Server] - 2026-06-14T19:35:06.516Z - [REQUEST]: 
[plugin-client] restarting worker for "nx/js/dependencies-and-lockfile"
[isolated-plugin] spawned worker for "nx/js/dependencies-and-lockfile" (pid: 29552, socket: \\.\pipe\nx\C:\Users\ANGELA~1\AppData\Local\Temp\plugin26356-30-9065010.0735.sock)
[plugin-client] restarting worker for "nx/core/package-json"
[isolated-plugin] spawned worker for "nx/core/package-json" (pid: 32152, socket: \\.\pipe\nx\C:\Users\ANGELA~1\AppData\Local\Temp\plugin26356-31-9065025.9121.sock)
[plugin-client] restarting worker for "nx/core/project-json"
[isolated-plugin] spawned worker for "nx/core/project-json" (pid: 29152, socket: \\.\pipe\nx\C:\Users\ANGELA~1\AppData\Local\Temp\plugin26356-32-9065038.8575.sock)
[NX v22.7.5 Daemon Server] - 2026-06-14T19:35:06.562Z - Time taken for 'hash changed files from watcher' 2.5845999997109175ms
[plugin-worker] "nx/js/dependencies-and-lockfile" (pid: 29552) listening on \\.\pipe\nx\C:\Users\ANGELA~1\AppData\Local\Temp\plugin26356-30-9065010.0735.sock
[isolated-plugin] connected to worker for "nx/js/dependencies-and-lockfile" (pid: 29552)
[NX v22.7.5 Daemon Server] - 2026-06-14T19:35:07.162Z - Time taken for 'start-plugin-worker:nx/js/dependencies-and-lockfile' 642.4386999998242ms
[plugin-worker] "nx/js/dependencies-and-lockfile" (pid: 29552) connected
[1m[33mTime taken for 'plugin worker 29552 code loading' 524.8347ms[39m[22m
[isolated-plugin] connected to worker for "nx/core/package-json" (pid: 32152)
[plugin-worker] "nx/core/package-json" (pid: 32152) listening on \\.\pipe\nx\C:\Users\ANGELA~1\AppData\Local\Temp\plugin26356-31-9065025.9121.sock
[NX v22.7.5 Daemon Server] - 2026-06-14T19:35:07.182Z - Time taken for 'start-plugin-worker:nx/core/package-json' 645.9410999994725ms
[plugin-worker] "nx/core/package-json" (pid: 32152) connected
[1m[33mTime taken for 'plugin worker 32152 code loading' 500.0251ms[39m[22m
[plugin-worker] "nx/core/project-json" (pid: 29152) listening on \\.\pipe\nx\C:\Users\ANGELA~1\AppData\Local\Temp\plugin26356-32-9065038.8575.sock
[isolated-plugin] connected to worker for "nx/core/project-json" (pid: 29152)
[1m[33mTime taken for 'plugin worker 29152 code loading' 494.55109999999996ms[39m[22m
[NX v22.7.5 Daemon Server] - 2026-06-14T19:35:07.209Z - Time taken for 'start-plugin-worker:nx/core/project-json' 660.1633000001311ms
[plugin-worker] "nx/core/project-json" (pid: 29152) connected
[plugin-worker] "nx/js/dependencies-and-lockfile" (pid: 29552) loaded successfully
[plugin-worker] "nx/core/package-json" (pid: 32152) loaded successfully
[plugin-worker] "nx/core/project-json" (pid: 29152) loaded successfully
[1m[33mTime taken for 'nx/core/project-json:createNodes' 0.4613999999999123ms[39m[22m
[isolated-plugin] shutting down worker for "nx/core/project-json" after createNodes
[1m[33mTime taken for 'nx/js/dependencies-and-lockfile:createNodes' 12.426999999999907ms[39m[22m
[1m[33mTime taken for 'nx/core/package-json:createNodes' 21.221700000000055ms[39m[22m
[isolated-plugin] shutting down worker for "nx/core/package-json" after createNodes
[NX v22.7.5 Daemon Server] - 2026-06-14T19:35:08.092Z - Time taken for 'build-project-configs' 1542.8725000005215ms
[NX v22.7.5 Daemon Server] - 2026-06-14T19:35:08.092Z - Time taken for 'createNodes:merge' 1.3163999989628792ms
[NX v22.7.5 Daemon Server] - 2026-06-14T19:35:08.092Z - Time taken for 'get-all-workspace-files' 0.33530000038444996ms
[1m[33mTime taken for 'build typescript dependencies' 3.3677000000000135ms[39m[22m
[isolated-plugin] shutting down worker for "nx/js/dependencies-and-lockfile" after createDependencies
[NX v22.7.5 Daemon Server] - 2026-06-14T19:35:08.115Z - [SYNC]: collect registered sync generators
[NX v22.7.5 Daemon Server] - 2026-06-14T19:35:08.116Z - [SYNC]: project graph hash is the same, not collecting task sync generators
[NX v22.7.5 Daemon Server] - 2026-06-14T19:35:08.116Z - [SYNC]: nx.json hash is the same, not collecting global sync generators
[NX v22.7.5 Daemon Server] - 2026-06-14T19:35:08.117Z - Time taken for 'total execution time for createProjectGraph()' 29.82990000024438ms
[NX v22.7.5 Daemon Server] - 2026-06-14T19:35:08.117Z - Time taken for 'createDependencies' 21.854599999263883ms
[NX v22.7.5 Daemon Server] - 2026-06-14T19:35:08.117Z - Time taken for 'nx/js/dependencies-and-lockfile:createDependencies' 21.674899999052286ms
[NX v22.7.5 Daemon Server] - 2026-06-14T19:35:08.117Z - Time taken for 'createMetadata' 0.020100001245737076ms
[NX v22.7.5 Daemon Server] - 2026-06-14T19:35:08.117Z - Time taken for 'serialize graph' 3.211600000038743ms
DEBUG nx::native::telemetry::service: Sent 1 events: [nx/js/dependencies-and-lockfile:createDe]
[NX v22.7.5 Daemon Server] - 2026-06-14T19:35:47.693Z - [WATCHER]: apps/ledger-accounts-svc/src/app.module.ts was modified
[NX v22.7.5 Daemon Server] - 2026-06-14T19:35:47.694Z - [WATCHER]: File changes detected:
Created:
(none)
Updated:
  - apps/ledger-accounts-svc/src/app.module.ts
Deleted:
(none)
[NX v22.7.5 Daemon Server] - 2026-06-14T19:35:47.694Z - [SYNC]: clearing sync generators cache due to file changes
[NX v22.7.5 Daemon Server] - 2026-06-14T19:35:47.694Z - [WATCHER]: Processing file changes in outputs
[NX v22.7.5 Daemon Server] - 2026-06-14T19:35:47.898Z - [REQUEST]: Updated workspace context based on watched changes, recomputing project graph...
[NX v22.7.5 Daemon Server] - 2026-06-14T19:35:47.898Z - [REQUEST]: apps/ledger-accounts-svc/src/app.module.ts
[NX v22.7.5 Daemon Server] - 2026-06-14T19:35:47.898Z - [REQUEST]: 
[plugin-client] restarting worker for "nx/js/dependencies-and-lockfile"
[isolated-plugin] spawned worker for "nx/js/dependencies-and-lockfile" (pid: 32316, socket: \\.\pipe\nx\C:\Users\ANGELA~1\AppData\Local\Temp\plugin26356-33-9106390.8182.sock)
[plugin-client] restarting worker for "nx/core/package-json"
[isolated-plugin] spawned worker for "nx/core/package-json" (pid: 4488, socket: \\.\pipe\nx\C:\Users\ANGELA~1\AppData\Local\Temp\plugin26356-34-9106401.5304.sock)
[plugin-client] restarting worker for "nx/core/project-json"
[isolated-plugin] spawned worker for "nx/core/project-json" (pid: 32396, socket: \\.\pipe\nx\C:\Users\ANGELA~1\AppData\Local\Temp\plugin26356-35-9106411.0663.sock)
[NX v22.7.5 Daemon Server] - 2026-06-14T19:35:47.931Z - Time taken for 'hash changed files from watcher' 0.9028999991714954ms
[plugin-worker] "nx/core/package-json" (pid: 4488) listening on \\.\pipe\nx\C:\Users\ANGELA~1\AppData\Local\Temp\plugin26356-34-9106401.5304.sock
[1m[33mTime taken for 'plugin worker 4488 code loading' 491.30150000000003ms[39m[22m
[isolated-plugin] connected to worker for "nx/core/package-json" (pid: 4488)
[NX v22.7.5 Daemon Server] - 2026-06-14T19:35:48.504Z - Time taken for 'start-plugin-worker:nx/core/package-json' 592.143999999389ms
[plugin-worker] "nx/core/package-json" (pid: 4488) connected
[plugin-worker] "nx/js/dependencies-and-lockfile" (pid: 32316) listening on \\.\pipe\nx\C:\Users\ANGELA~1\AppData\Local\Temp\plugin26356-33-9106390.8182.sock
[1m[33mTime taken for 'plugin worker 32316 code loading' 511.1767ms[39m[22m
[isolated-plugin] connected to worker for "nx/js/dependencies-and-lockfile" (pid: 32316)
[NX v22.7.5 Daemon Server] - 2026-06-14T19:35:48.522Z - Time taken for 'start-plugin-worker:nx/js/dependencies-and-lockfile' 620.1444000005722ms
[plugin-worker] "nx/js/dependencies-and-lockfile" (pid: 32316) connected
[plugin-worker] "nx/core/project-json" (pid: 32396) listening on \\.\pipe\nx\C:\Users\ANGELA~1\AppData\Local\Temp\plugin26356-35-9106411.0663.sock
[1m[33mTime taken for 'plugin worker 32396 code loading' 505.89320000000004ms[39m[22m
[isolated-plugin] connected to worker for "nx/core/project-json" (pid: 32396)
[NX v22.7.5 Daemon Server] - 2026-06-14T19:35:48.540Z - Time taken for 'start-plugin-worker:nx/core/project-json' 618.5380999986082ms
[plugin-worker] "nx/core/project-json" (pid: 32396) connected
[plugin-worker] "nx/core/package-json" (pid: 4488) loaded successfully
[plugin-worker] "nx/core/project-json" (pid: 32396) loaded successfully
[plugin-worker] "nx/js/dependencies-and-lockfile" (pid: 32316) loaded successfully
[1m[33mTime taken for 'nx/core/project-json:createNodes' 0.3368000000000393ms[39m[22m
[isolated-plugin] shutting down worker for "nx/core/project-json" after createNodes
[1m[33mTime taken for 'nx/core/package-json:createNodes' 18.74759999999992ms[39m[22m
[isolated-plugin] shutting down worker for "nx/core/package-json" after createNodes
[1m[33mTime taken for 'nx/js/dependencies-and-lockfile:createNodes' 9.283799999999928ms[39m[22m
[NX v22.7.5 Daemon Server] - 2026-06-14T19:35:49.539Z - Time taken for 'build-project-configs' 1627.1425000000745ms
[NX v22.7.5 Daemon Server] - 2026-06-14T19:35:49.539Z - Time taken for 'createNodes:merge' 2.3447999991476536ms
[NX v22.7.5 Daemon Server] - 2026-06-14T19:35:49.539Z - Time taken for 'get-all-workspace-files' 0.3969999998807907ms
[1m[33mTime taken for 'build typescript dependencies' 5.002700000000004ms[39m[22m
[isolated-plugin] shutting down worker for "nx/js/dependencies-and-lockfile" after createDependencies
[NX v22.7.5 Daemon Server] - 2026-06-14T19:35:49.565Z - [SYNC]: collect registered sync generators
[NX v22.7.5 Daemon Server] - 2026-06-14T19:35:49.566Z - [SYNC]: project graph hash is the same, not collecting task sync generators
[NX v22.7.5 Daemon Server] - 2026-06-14T19:35:49.566Z - [SYNC]: nx.json hash is the same, not collecting global sync generators
[NX v22.7.5 Daemon Server] - 2026-06-14T19:35:49.567Z - Time taken for 'total execution time for createProjectGraph()' 34.30709999985993ms
[NX v22.7.5 Daemon Server] - 2026-06-14T19:35:49.567Z - Time taken for 'createDependencies' 25.886299999430776ms
[NX v22.7.5 Daemon Server] - 2026-06-14T19:35:49.567Z - Time taken for 'nx/js/dependencies-and-lockfile:createDependencies' 25.596400000154972ms
[NX v22.7.5 Daemon Server] - 2026-06-14T19:35:49.567Z - Time taken for 'createMetadata' 0.030700000002980232ms
[NX v22.7.5 Daemon Server] - 2026-06-14T19:35:49.567Z - Time taken for 'serialize graph' 2.4468000009655952ms
DEBUG nx::native::telemetry::service: Sent 1 events: [nx/js/dependencies-and-lockfile:createDe]
[NX v22.7.5 Daemon Server] - 2026-06-14T19:36:13.072Z - [WATCHER]: Processing file changes in outputs
[NX v22.7.5 Daemon Server] - 2026-06-14T19:36:13.072Z - [WATCHER]: apps/fs-gateway/src/app.module.ts was modified
[NX v22.7.5 Daemon Server] - 2026-06-14T19:36:13.072Z - [WATCHER]: File changes detected:
Created:
(none)
Updated:
  - apps/fs-gateway/src/app.module.ts
Deleted:
(none)
[NX v22.7.5 Daemon Server] - 2026-06-14T19:36:13.072Z - [SYNC]: clearing sync generators cache due to file changes
[NX v22.7.5 Daemon Server] - 2026-06-14T19:36:13.475Z - [REQUEST]: Updated workspace context based on watched changes, recomputing project graph...
[NX v22.7.5 Daemon Server] - 2026-06-14T19:36:13.475Z - [REQUEST]: apps/fs-gateway/src/app.module.ts
[NX v22.7.5 Daemon Server] - 2026-06-14T19:36:13.475Z - [REQUEST]: 
[plugin-client] restarting worker for "nx/js/dependencies-and-lockfile"
[isolated-plugin] spawned worker for "nx/js/dependencies-and-lockfile" (pid: 12536, socket: \\.\pipe\nx\C:\Users\ANGELA~1\AppData\Local\Temp\plugin26356-36-9131968.0559.sock)
[plugin-client] restarting worker for "nx/core/package-json"
[isolated-plugin] spawned worker for "nx/core/package-json" (pid: 14264, socket: \\.\pipe\nx\C:\Users\ANGELA~1\AppData\Local\Temp\plugin26356-37-9131980.0998.sock)
[plugin-client] restarting worker for "nx/core/project-json"
[isolated-plugin] spawned worker for "nx/core/project-json" (pid: 23512, socket: \\.\pipe\nx\C:\Users\ANGELA~1\AppData\Local\Temp\plugin26356-38-9131990.0742.sock)
[NX v22.7.5 Daemon Server] - 2026-06-14T19:36:13.512Z - Time taken for 'hash changed files from watcher' 0.796900000423193ms
[isolated-plugin] connected to worker for "nx/core/package-json" (pid: 14264)
[plugin-worker] "nx/core/package-json" (pid: 14264) listening on \\.\pipe\nx\C:\Users\ANGELA~1\AppData\Local\Temp\plugin26356-37-9131980.0998.sock
[NX v22.7.5 Daemon Server] - 2026-06-14T19:36:14.089Z - Time taken for 'start-plugin-worker:nx/core/package-json' 598.2884999997914ms
[plugin-worker] "nx/core/package-json" (pid: 14264) connected
[plugin-worker] "nx/js/dependencies-and-lockfile" (pid: 12536) listening on \\.\pipe\nx\C:\Users\ANGELA~1\AppData\Local\Temp\plugin26356-36-9131968.0559.sock
[1m[33mTime taken for 'plugin worker 14264 code loading' 495.9655ms[39m[22m
[1m[33mTime taken for 'plugin worker 12536 code loading' 503.6915ms[39m[22m
[isolated-plugin] connected to worker for "nx/js/dependencies-and-lockfile" (pid: 12536)
[NX v22.7.5 Daemon Server] - 2026-06-14T19:36:14.102Z - Time taken for 'start-plugin-worker:nx/js/dependencies-and-lockfile' 624.3932999987155ms
[plugin-worker] "nx/js/dependencies-and-lockfile" (pid: 12536) connected
[plugin-worker] "nx/core/project-json" (pid: 23512) listening on \\.\pipe\nx\C:\Users\ANGELA~1\AppData\Local\Temp\plugin26356-38-9131990.0742.sock
[1m[33mTime taken for 'plugin worker 23512 code loading' 495.05229999999995ms[39m[22m
[isolated-plugin] connected to worker for "nx/core/project-json" (pid: 23512)
[plugin-worker] "nx/core/project-json" (pid: 23512) connected
[NX v22.7.5 Daemon Server] - 2026-06-14T19:36:14.123Z - Time taken for 'start-plugin-worker:nx/core/project-json' 620.002100000158ms
[plugin-worker] "nx/core/package-json" (pid: 14264) loaded successfully
[plugin-worker] "nx/core/project-json" (pid: 23512) loaded successfully
[plugin-worker] "nx/js/dependencies-and-lockfile" (pid: 12536) loaded successfully
[1m[33mTime taken for 'nx/core/project-json:createNodes' 0.6658999999999651ms[39m[22m
[isolated-plugin] shutting down worker for "nx/core/project-json" after createNodes
[1m[33mTime taken for 'nx/core/package-json:createNodes' 23.44470000000001ms[39m[22m
[isolated-plugin] shutting down worker for "nx/core/package-json" after createNodes
[1m[33mTime taken for 'nx/js/dependencies-and-lockfile:createNodes' 9.544000000000096ms[39m[22m
[NX v22.7.5 Daemon Server] - 2026-06-14T19:36:15.051Z - Time taken for 'build-project-configs' 1564.639599999413ms
[NX v22.7.5 Daemon Server] - 2026-06-14T19:36:15.051Z - Time taken for 'createNodes:merge' 1.6370000001043081ms
[NX v22.7.5 Daemon Server] - 2026-06-14T19:36:15.051Z - Time taken for 'get-all-workspace-files' 0.4988000001758337ms
[1m[33mTime taken for 'build typescript dependencies' 3.238700000000108ms[39m[22m
[isolated-plugin] shutting down worker for "nx/js/dependencies-and-lockfile" after createDependencies
[NX v22.7.5 Daemon Server] - 2026-06-14T19:36:15.080Z - [SYNC]: collect registered sync generators
[NX v22.7.5 Daemon Server] - 2026-06-14T19:36:15.081Z - [SYNC]: project graph hash is the same, not collecting task sync generators
[NX v22.7.5 Daemon Server] - 2026-06-14T19:36:15.081Z - [SYNC]: nx.json hash is the same, not collecting global sync generators
[NX v22.7.5 Daemon Server] - 2026-06-14T19:36:15.081Z - Time taken for 'total execution time for createProjectGraph()' 34.16620000079274ms
[NX v22.7.5 Daemon Server] - 2026-06-14T19:36:15.081Z - Time taken for 'createDependencies' 27.353699998930097ms
[NX v22.7.5 Daemon Server] - 2026-06-14T19:36:15.081Z - Time taken for 'nx/js/dependencies-and-lockfile:createDependencies' 27.158600000664592ms
[NX v22.7.5 Daemon Server] - 2026-06-14T19:36:15.081Z - Time taken for 'createMetadata' 0.011600000783801079ms
[NX v22.7.5 Daemon Server] - 2026-06-14T19:36:15.081Z - Time taken for 'serialize graph' 2.531599998474121ms
DEBUG nx::native::telemetry::service: Sent 1 events: [nx/js/dependencies-and-lockfile:createDe]
[NX v22.7.5 Daemon Server] - 2026-06-14T19:38:30.604Z - [WATCHER]: libs/prisma/seed.js was modified
[NX v22.7.5 Daemon Server] - 2026-06-14T19:38:30.605Z - [WATCHER]: File changes detected:
Created:
(none)
Updated:
  - libs/prisma/seed.js
Deleted:
(none)
[NX v22.7.5 Daemon Server] - 2026-06-14T19:38:30.605Z - [SYNC]: clearing sync generators cache due to file changes
[NX v22.7.5 Daemon Server] - 2026-06-14T19:38:30.605Z - [WATCHER]: Processing file changes in outputs
[NX v22.7.5 Daemon Server] - 2026-06-14T19:38:31.410Z - [REQUEST]: Updated workspace context based on watched changes, recomputing project graph...
[NX v22.7.5 Daemon Server] - 2026-06-14T19:38:31.411Z - [REQUEST]: libs/prisma/seed.js
[NX v22.7.5 Daemon Server] - 2026-06-14T19:38:31.411Z - [REQUEST]: 
[plugin-client] restarting worker for "nx/js/dependencies-and-lockfile"
[isolated-plugin] spawned worker for "nx/js/dependencies-and-lockfile" (pid: 32012, socket: \\.\pipe\nx\C:\Users\ANGELA~1\AppData\Local\Temp\plugin26356-39-9269904.3516.sock)
[plugin-client] restarting worker for "nx/core/package-json"
[isolated-plugin] spawned worker for "nx/core/package-json" (pid: 2720, socket: \\.\pipe\nx\C:\Users\ANGELA~1\AppData\Local\Temp\plugin26356-40-9269917.466.sock)
[plugin-client] restarting worker for "nx/core/project-json"
[isolated-plugin] spawned worker for "nx/core/project-json" (pid: 32316, socket: \\.\pipe\nx\C:\Users\ANGELA~1\AppData\Local\Temp\plugin26356-41-9269930.1296.sock)
[NX v22.7.5 Daemon Server] - 2026-06-14T19:38:31.452Z - Time taken for 'hash changed files from watcher' 0.9898000005632639ms
[isolated-plugin] connected to worker for "nx/js/dependencies-and-lockfile" (pid: 32012)
[plugin-worker] "nx/js/dependencies-and-lockfile" (pid: 32012) listening on \\.\pipe\nx\C:\Users\ANGELA~1\AppData\Local\Temp\plugin26356-39-9269904.3516.sock
[NX v22.7.5 Daemon Server] - 2026-06-14T19:38:32.087Z - Time taken for 'start-plugin-worker:nx/js/dependencies-and-lockfile' 672.6618999987841ms
[plugin-worker] "nx/js/dependencies-and-lockfile" (pid: 32012) connected
[1m[33mTime taken for 'plugin worker 32012 code loading' 560.2072000000001ms[39m[22m
[plugin-worker] "nx/core/project-json" (pid: 32316) listening on \\.\pipe\nx\C:\Users\ANGELA~1\AppData\Local\Temp\plugin26356-41-9269930.1296.sock
[isolated-plugin] connected to worker for "nx/core/project-json" (pid: 32316)
[isolated-plugin] connected to worker for "nx/core/package-json" (pid: 2720)
[plugin-worker] "nx/core/package-json" (pid: 2720) listening on \\.\pipe\nx\C:\Users\ANGELA~1\AppData\Local\Temp\plugin26356-40-9269917.466.sock
[1m[33mTime taken for 'plugin worker 2720 code loading' 577.3026ms[39m[22m
[plugin-worker] "nx/core/package-json" (pid: 2720) connected
[1m[33mTime taken for 'plugin worker 32316 code loading' 561.5721ms[39m[22m
[plugin-worker] "nx/core/project-json" (pid: 32316) connected
[NX v22.7.5 Daemon Server] - 2026-06-14T19:38:32.127Z - Time taken for 'start-plugin-worker:nx/core/package-json' 695.8122000005096ms
[NX v22.7.5 Daemon Server] - 2026-06-14T19:38:32.127Z - Time taken for 'start-plugin-worker:nx/core/project-json' 682.0504000000656ms
[plugin-worker] "nx/core/project-json" (pid: 32316) loaded successfully
[plugin-worker] "nx/core/package-json" (pid: 2720) loaded successfully
[plugin-worker] "nx/js/dependencies-and-lockfile" (pid: 32012) loaded successfully
[1m[33mTime taken for 'nx/core/project-json:createNodes' 0.29680000000007567ms[39m[22m
[isolated-plugin] shutting down worker for "nx/core/project-json" after createNodes
[1m[33mTime taken for 'nx/core/package-json:createNodes' 17.88760000000002ms[39m[22m
[isolated-plugin] shutting down worker for "nx/core/package-json" after createNodes
[1m[33mTime taken for 'nx/js/dependencies-and-lockfile:createNodes' 9.856300000000147ms[39m[22m
[NX v22.7.5 Daemon Server] - 2026-06-14T19:38:32.991Z - Time taken for 'build-project-configs' 1570.1452999990433ms
[NX v22.7.5 Daemon Server] - 2026-06-14T19:38:32.991Z - Time taken for 'createNodes:merge' 1.5886000003665686ms
[NX v22.7.5 Daemon Server] - 2026-06-14T19:38:32.991Z - Time taken for 'get-all-workspace-files' 0.31709999963641167ms
[1m[33mTime taken for 'build typescript dependencies' 2.7675000000001546ms[39m[22m
[isolated-plugin] shutting down worker for "nx/js/dependencies-and-lockfile" after createDependencies
[NX v22.7.5 Daemon Server] - 2026-06-14T19:38:33.014Z - [SYNC]: collect registered sync generators
[NX v22.7.5 Daemon Server] - 2026-06-14T19:38:33.015Z - [SYNC]: project graph hash is the same, not collecting task sync generators
[NX v22.7.5 Daemon Server] - 2026-06-14T19:38:33.015Z - [SYNC]: nx.json hash is the same, not collecting global sync generators
[NX v22.7.5 Daemon Server] - 2026-06-14T19:38:33.015Z - Time taken for 'total execution time for createProjectGraph()' 28.589699998497963ms
[NX v22.7.5 Daemon Server] - 2026-06-14T19:38:33.015Z - Time taken for 'createDependencies' 22.024599999189377ms
[NX v22.7.5 Daemon Server] - 2026-06-14T19:38:33.015Z - Time taken for 'nx/js/dependencies-and-lockfile:createDependencies' 21.861099999397993ms
[NX v22.7.5 Daemon Server] - 2026-06-14T19:38:33.016Z - Time taken for 'createMetadata' 0.018000001087784767ms
[NX v22.7.5 Daemon Server] - 2026-06-14T19:38:33.016Z - Time taken for 'serialize graph' 2.3817999996244907ms
DEBUG nx::native::telemetry::service: Sent 1 events: [nx/js/dependencies-and-lockfile:createDe]
[NX v22.7.5 Daemon Server] - 2026-06-14T19:51:17.414Z - [WATCHER]: apps/ledger-accounts-svc/src/dashboard/dashboard.service.ts was modified
[NX v22.7.5 Daemon Server] - 2026-06-14T19:51:17.415Z - [WATCHER]: File changes detected:
Created:
(none)
Updated:
  - apps/ledger-accounts-svc/src/dashboard/dashboard.service.ts
Deleted:
(none)
[NX v22.7.5 Daemon Server] - 2026-06-14T19:51:17.416Z - [SYNC]: clearing sync generators cache due to file changes
[NX v22.7.5 Daemon Server] - 2026-06-14T19:51:17.416Z - [WATCHER]: Processing file changes in outputs
[NX v22.7.5 Daemon Server] - 2026-06-14T19:51:19.026Z - [REQUEST]: Updated workspace context based on watched changes, recomputing project graph...
[NX v22.7.5 Daemon Server] - 2026-06-14T19:51:19.026Z - [REQUEST]: apps/ledger-accounts-svc/src/dashboard/dashboard.service.ts
[NX v22.7.5 Daemon Server] - 2026-06-14T19:51:19.026Z - [REQUEST]: 
[plugin-client] restarting worker for "nx/js/dependencies-and-lockfile"
[isolated-plugin] spawned worker for "nx/js/dependencies-and-lockfile" (pid: 32972, socket: \\.\pipe\nx\C:\Users\ANGELA~1\AppData\Local\Temp\plugin26356-42-10037518.8216.sock)
[plugin-client] restarting worker for "nx/core/package-json"
[isolated-plugin] spawned worker for "nx/core/package-json" (pid: 17148, socket: \\.\pipe\nx\C:\Users\ANGELA~1\AppData\Local\Temp\plugin26356-43-10037536.3674.sock)
[plugin-client] restarting worker for "nx/core/project-json"
[isolated-plugin] spawned worker for "nx/core/project-json" (pid: 32576, socket: \\.\pipe\nx\C:\Users\ANGELA~1\AppData\Local\Temp\plugin26356-44-10037549.3604.sock)
[NX v22.7.5 Daemon Server] - 2026-06-14T19:51:19.072Z - Time taken for 'hash changed files from watcher' 1.2895999997854233ms
[plugin-worker] "nx/core/project-json" (pid: 32576) listening on \\.\pipe\nx\C:\Users\ANGELA~1\AppData\Local\Temp\plugin26356-44-10037549.3604.sock
[plugin-worker] "nx/js/dependencies-and-lockfile" (pid: 32972) listening on \\.\pipe\nx\C:\Users\ANGELA~1\AppData\Local\Temp\plugin26356-42-10037518.8216.sock
[plugin-worker] "nx/core/package-json" (pid: 17148) listening on \\.\pipe\nx\C:\Users\ANGELA~1\AppData\Local\Temp\plugin26356-43-10037536.3674.sock
[1m[33mTime taken for 'plugin worker 32576 code loading' 462.97599999999994ms[39m[22m
[1m[33mTime taken for 'plugin worker 32972 code loading' 487.22349999999994ms[39m[22m
[isolated-plugin] connected to worker for "nx/core/project-json" (pid: 32576)
[isolated-plugin] connected to worker for "nx/js/dependencies-and-lockfile" (pid: 32972)
[isolated-plugin] connected to worker for "nx/core/package-json" (pid: 17148)
[1m[33mTime taken for 'plugin worker 17148 code loading' 481.9917ms[39m[22m
[plugin-worker] "nx/core/package-json" (pid: 17148) connected
[plugin-worker] "nx/js/dependencies-and-lockfile" (pid: 32972) connected
[plugin-worker] "nx/core/project-json" (pid: 32576) connected
[NX v22.7.5 Daemon Server] - 2026-06-14T19:51:19.628Z - Time taken for 'start-plugin-worker:nx/js/dependencies-and-lockfile' 598.5663999989629ms
[NX v22.7.5 Daemon Server] - 2026-06-14T19:51:19.628Z - Time taken for 'start-plugin-worker:nx/core/package-json' 581.7267000004649ms
[NX v22.7.5 Daemon Server] - 2026-06-14T19:51:19.628Z - Time taken for 'start-plugin-worker:nx/core/project-json' 567.2226999998093ms
[plugin-worker] "nx/core/project-json" (pid: 32576) loaded successfully
[plugin-worker] "nx/core/package-json" (pid: 17148) loaded successfully
[plugin-worker] "nx/js/dependencies-and-lockfile" (pid: 32972) loaded successfully
[1m[33mTime taken for 'nx/core/project-json:createNodes' 0.31140000000004875ms[39m[22m
[isolated-plugin] shutting down worker for "nx/core/project-json" after createNodes
[1m[33mTime taken for 'nx/core/package-json:createNodes' 17.068499999999858ms[39m[22m
[isolated-plugin] shutting down worker for "nx/core/package-json" after createNodes
[1m[33mTime taken for 'nx/js/dependencies-and-lockfile:createNodes' 10.202599999999848ms[39m[22m
[NX v22.7.5 Daemon Server] - 2026-06-14T19:51:20.547Z - Time taken for 'build-project-configs' 1508.666400000453ms
[NX v22.7.5 Daemon Server] - 2026-06-14T19:51:20.547Z - Time taken for 'createNodes:merge' 1.682599999010563ms
[NX v22.7.5 Daemon Server] - 2026-06-14T19:51:20.547Z - Time taken for 'get-all-workspace-files' 0.33229999989271164ms
[1m[33mTime taken for 'build typescript dependencies' 3.096699999999828ms[39m[22m
[isolated-plugin] shutting down worker for "nx/js/dependencies-and-lockfile" after createDependencies
[NX v22.7.5 Daemon Server] - 2026-06-14T19:51:20.573Z - [SYNC]: collect registered sync generators
[NX v22.7.5 Daemon Server] - 2026-06-14T19:51:20.574Z - [SYNC]: project graph hash is the same, not collecting task sync generators
[NX v22.7.5 Daemon Server] - 2026-06-14T19:51:20.574Z - [SYNC]: nx.json hash is the same, not collecting global sync generators
[NX v22.7.5 Daemon Server] - 2026-06-14T19:51:20.574Z - Time taken for 'total execution time for createProjectGraph()' 30.960699999704957ms
[NX v22.7.5 Daemon Server] - 2026-06-14T19:51:20.575Z - Time taken for 'createDependencies' 23.44429999962449ms
[NX v22.7.5 Daemon Server] - 2026-06-14T19:51:20.575Z - Time taken for 'nx/js/dependencies-and-lockfile:createDependencies' 23.184000000357628ms
[NX v22.7.5 Daemon Server] - 2026-06-14T19:51:20.575Z - Time taken for 'createMetadata' 0.01810000091791153ms
[NX v22.7.5 Daemon Server] - 2026-06-14T19:51:20.575Z - Time taken for 'serialize graph' 3.074500000104308ms
DEBUG nx::native::telemetry::service: Sent 1 events: [nx/js/dependencies-and-lockfile:createDe]
[NX v22.7.5 Daemon Server] - 2026-06-14T19:55:10.634Z - [WATCHER]: libs/prisma/test-dashboard.js was created or restored
[NX v22.7.5 Daemon Server] - 2026-06-14T19:55:10.634Z - [WATCHER]: File changes detected:
Created:
  - libs/prisma/test-dashboard.js
Updated:
(none)
Deleted:
(none)
[NX v22.7.5 Daemon Server] - 2026-06-14T19:55:10.635Z - [SYNC]: clearing sync generators cache due to file changes
[NX v22.7.5 Daemon Server] - 2026-06-14T19:55:10.635Z - [WATCHER]: Processing file changes in outputs
[NX v22.7.5 Daemon Server] - 2026-06-14T19:55:10.744Z - [REQUEST]: Updated workspace context based on watched changes, recomputing project graph...
[NX v22.7.5 Daemon Server] - 2026-06-14T19:55:10.744Z - [REQUEST]: libs/prisma/test-dashboard.js
[NX v22.7.5 Daemon Server] - 2026-06-14T19:55:10.744Z - [REQUEST]: 
[plugin-client] restarting worker for "nx/js/dependencies-and-lockfile"
[isolated-plugin] spawned worker for "nx/js/dependencies-and-lockfile" (pid: 32516, socket: \\.\pipe\nx\C:\Users\ANGELA~1\AppData\Local\Temp\plugin26356-45-10269237.8401.sock)
[plugin-client] restarting worker for "nx/core/package-json"
[isolated-plugin] spawned worker for "nx/core/package-json" (pid: 22820, socket: \\.\pipe\nx\C:\Users\ANGELA~1\AppData\Local\Temp\plugin26356-46-10269250.3551.sock)
[plugin-client] restarting worker for "nx/core/project-json"
[isolated-plugin] spawned worker for "nx/core/project-json" (pid: 23376, socket: \\.\pipe\nx\C:\Users\ANGELA~1\AppData\Local\Temp\plugin26356-47-10269260.866.sock)
[NX v22.7.5 Daemon Server] - 2026-06-14T19:55:10.781Z - Time taken for 'hash changed files from watcher' 1.3651000000536442ms
[plugin-worker] "nx/js/dependencies-and-lockfile" (pid: 32516) listening on \\.\pipe\nx\C:\Users\ANGELA~1\AppData\Local\Temp\plugin26356-45-10269237.8401.sock
[plugin-worker] "nx/core/project-json" (pid: 23376) listening on \\.\pipe\nx\C:\Users\ANGELA~1\AppData\Local\Temp\plugin26356-47-10269260.866.sock
[1m[33mTime taken for 'plugin worker 23376 code loading' 526.7051ms[39m[22m
[plugin-worker] "nx/core/package-json" (pid: 22820) listening on \\.\pipe\nx\C:\Users\ANGELA~1\AppData\Local\Temp\plugin26356-46-10269250.3551.sock
[1m[33mTime taken for 'plugin worker 22820 code loading' 539.7418ms[39m[22m
[1m[33mTime taken for 'plugin worker 32516 code loading' 541.4378999999999ms[39m[22m
[isolated-plugin] connected to worker for "nx/core/project-json" (pid: 23376)
[isolated-plugin] connected to worker for "nx/js/dependencies-and-lockfile" (pid: 32516)
[isolated-plugin] connected to worker for "nx/core/package-json" (pid: 22820)
[plugin-worker] "nx/core/package-json" (pid: 22820) connected
[plugin-worker] "nx/core/project-json" (pid: 23376) connected
[plugin-worker] "nx/js/dependencies-and-lockfile" (pid: 32516) connected
[NX v22.7.5 Daemon Server] - 2026-06-14T19:55:11.399Z - Time taken for 'start-plugin-worker:nx/js/dependencies-and-lockfile' 650.797800000757ms
[NX v22.7.5 Daemon Server] - 2026-06-14T19:55:11.399Z - Time taken for 'start-plugin-worker:nx/core/package-json' 639.0497999992222ms
[NX v22.7.5 Daemon Server] - 2026-06-14T19:55:11.399Z - Time taken for 'start-plugin-worker:nx/core/project-json' 626.7230000011623ms
[plugin-worker] "nx/core/project-json" (pid: 23376) loaded successfully
[plugin-worker] "nx/core/package-json" (pid: 22820) loaded successfully
[plugin-worker] "nx/js/dependencies-and-lockfile" (pid: 32516) loaded successfully
[1m[33mTime taken for 'nx/core/project-json:createNodes' 0.33550000000013824ms[39m[22m
[isolated-plugin] shutting down worker for "nx/core/project-json" after createNodes
[1m[33mTime taken for 'nx/core/package-json:createNodes' 18.52690000000007ms[39m[22m
[isolated-plugin] shutting down worker for "nx/core/package-json" after createNodes
[1m[33mTime taken for 'nx/js/dependencies-and-lockfile:createNodes' 11.785399999999981ms[39m[22m
[NX v22.7.5 Daemon Server] - 2026-06-14T19:55:12.378Z - Time taken for 'build-project-configs' 1606.2587000001222ms
[NX v22.7.5 Daemon Server] - 2026-06-14T19:55:12.378Z - Time taken for 'createNodes:merge' 2.3563999999314547ms
[NX v22.7.5 Daemon Server] - 2026-06-14T19:55:12.378Z - Time taken for 'get-all-workspace-files' 0.3529000002890825ms
[1m[33mTime taken for 'build typescript dependencies' 2.925899999999956ms[39m[22m
[isolated-plugin] shutting down worker for "nx/js/dependencies-and-lockfile" after createDependencies
[NX v22.7.5 Daemon Server] - 2026-06-14T19:55:12.403Z - [SYNC]: collect registered sync generators
[NX v22.7.5 Daemon Server] - 2026-06-14T19:55:12.404Z - [SYNC]: project graph hash is the same, not collecting task sync generators
[NX v22.7.5 Daemon Server] - 2026-06-14T19:55:12.404Z - [SYNC]: nx.json hash is the same, not collecting global sync generators
[NX v22.7.5 Daemon Server] - 2026-06-14T19:55:12.405Z - Time taken for 'total execution time for createProjectGraph()' 33.27150000073016ms
[NX v22.7.5 Daemon Server] - 2026-06-14T19:55:12.405Z - Time taken for 'createDependencies' 23.953300001099706ms
[NX v22.7.5 Daemon Server] - 2026-06-14T19:55:12.405Z - Time taken for 'nx/js/dependencies-and-lockfile:createDependencies' 23.729599999263883ms
[NX v22.7.5 Daemon Server] - 2026-06-14T19:55:12.405Z - Time taken for 'createMetadata' 0.010900000110268593ms
[NX v22.7.5 Daemon Server] - 2026-06-14T19:55:12.405Z - Time taken for 'serialize graph' 2.3383000008761883ms
DEBUG nx::native::telemetry::service: Sent 1 events: [nx/js/dependencies-and-lockfile:createDe]
[NX v22.7.5 Daemon Server] - 2026-06-14T19:58:38.191Z - [WATCHER]: apps/ledger-accounts-svc/src/dashboard/dashboard.service.ts was modified
[NX v22.7.5 Daemon Server] - 2026-06-14T19:58:38.192Z - [WATCHER]: File changes detected:
Created:
(none)
Updated:
  - apps/ledger-accounts-svc/src/dashboard/dashboard.service.ts
Deleted:
(none)
[NX v22.7.5 Daemon Server] - 2026-06-14T19:58:38.193Z - [SYNC]: clearing sync generators cache due to file changes
[NX v22.7.5 Daemon Server] - 2026-06-14T19:58:38.193Z - [WATCHER]: Processing file changes in outputs
[NX v22.7.5 Daemon Server] - 2026-06-14T19:58:38.409Z - [REQUEST]: Updated workspace context based on watched changes, recomputing project graph...
[NX v22.7.5 Daemon Server] - 2026-06-14T19:58:38.409Z - [REQUEST]: apps/ledger-accounts-svc/src/dashboard/dashboard.service.ts
[NX v22.7.5 Daemon Server] - 2026-06-14T19:58:38.409Z - [REQUEST]: 
[plugin-client] restarting worker for "nx/js/dependencies-and-lockfile"
[isolated-plugin] spawned worker for "nx/js/dependencies-and-lockfile" (pid: 1520, socket: \\.\pipe\nx\C:\Users\ANGELA~1\AppData\Local\Temp\plugin26356-48-10476902.4877.sock)
[plugin-client] restarting worker for "nx/core/package-json"
[isolated-plugin] spawned worker for "nx/core/package-json" (pid: 29672, socket: \\.\pipe\nx\C:\Users\ANGELA~1\AppData\Local\Temp\plugin26356-49-10476913.0621.sock)
[plugin-client] restarting worker for "nx/core/project-json"
[isolated-plugin] spawned worker for "nx/core/project-json" (pid: 11204, socket: \\.\pipe\nx\C:\Users\ANGELA~1\AppData\Local\Temp\plugin26356-50-10476922.9206.sock)
[NX v22.7.5 Daemon Server] - 2026-06-14T19:58:38.444Z - Time taken for 'hash changed files from watcher' 1.1569999996572733ms
[plugin-worker] "nx/js/dependencies-and-lockfile" (pid: 1520) listening on \\.\pipe\nx\C:\Users\ANGELA~1\AppData\Local\Temp\plugin26356-48-10476902.4877.sock
[isolated-plugin] connected to worker for "nx/js/dependencies-and-lockfile" (pid: 1520)
[1m[33mTime taken for 'plugin worker 1520 code loading' 467.551ms[39m[22m
[plugin-worker] "nx/js/dependencies-and-lockfile" (pid: 1520) connected
[NX v22.7.5 Daemon Server] - 2026-06-14T19:58:38.974Z - Time taken for 'start-plugin-worker:nx/js/dependencies-and-lockfile' 561.6138000003994ms
[plugin-worker] "nx/core/package-json" (pid: 29672) listening on \\.\pipe\nx\C:\Users\ANGELA~1\AppData\Local\Temp\plugin26356-49-10476913.0621.sock
[1m[33mTime taken for 'plugin worker 29672 code loading' 476.3262ms[39m[22m
[plugin-worker] "nx/core/project-json" (pid: 11204) listening on \\.\pipe\nx\C:\Users\ANGELA~1\AppData\Local\Temp\plugin26356-50-10476922.9206.sock
[isolated-plugin] connected to worker for "nx/core/project-json" (pid: 11204)
[isolated-plugin] connected to worker for "nx/core/package-json" (pid: 29672)
[NX v22.7.5 Daemon Server] - 2026-06-14T19:58:39.000Z - Time taken for 'start-plugin-worker:nx/core/package-json' 577.4282999988645ms
[NX v22.7.5 Daemon Server] - 2026-06-14T19:58:39.000Z - Time taken for 'start-plugin-worker:nx/core/project-json' 566.7908999994397ms
[plugin-worker] "nx/core/package-json" (pid: 29672) connected
[plugin-worker] "nx/core/project-json" (pid: 11204) connected
[1m[33mTime taken for 'plugin worker 11204 code loading' 474.7179ms[39m[22m
[plugin-worker] "nx/core/project-json" (pid: 11204) loaded successfully
[plugin-worker] "nx/js/dependencies-and-lockfile" (pid: 1520) loaded successfully
[plugin-worker] "nx/core/package-json" (pid: 29672) loaded successfully
[1m[33mTime taken for 'nx/core/project-json:createNodes' 0.4096999999999298ms[39m[22m
[isolated-plugin] shutting down worker for "nx/core/project-json" after createNodes
[1m[33mTime taken for 'nx/js/dependencies-and-lockfile:createNodes' 12.015699999999924ms[39m[22m
[isolated-plugin] shutting down worker for "nx/core/package-json" after createNodes
[NX v22.7.5 Daemon Server] - 2026-06-14T19:58:39.904Z - Time taken for 'build-project-configs' 1480.95350000076ms
[NX v22.7.5 Daemon Server] - 2026-06-14T19:58:39.904Z - Time taken for 'createNodes:merge' 2.24379999935627ms
[NX v22.7.5 Daemon Server] - 2026-06-14T19:58:39.904Z - Time taken for 'get-all-workspace-files' 0.5045999996364117ms
[1m[33mTime taken for 'build typescript dependencies' 2.73720000000003ms[39m[22m
[isolated-plugin] shutting down worker for "nx/js/dependencies-and-lockfile" after createDependencies
[NX v22.7.5 Daemon Server] - 2026-06-14T19:58:39.929Z - [SYNC]: collect registered sync generators
[NX v22.7.5 Daemon Server] - 2026-06-14T19:58:39.930Z - [SYNC]: project graph hash is the same, not collecting task sync generators
[NX v22.7.5 Daemon Server] - 2026-06-14T19:58:39.931Z - [SYNC]: nx.json hash is the same, not collecting global sync generators
[NX v22.7.5 Daemon Server] - 2026-06-14T19:58:39.931Z - Time taken for 'total execution time for createProjectGraph()' 33.188400000333786ms
[NX v22.7.5 Daemon Server] - 2026-06-14T19:58:39.931Z - Time taken for 'createDependencies' 23.492200000211596ms
[NX v22.7.5 Daemon Server] - 2026-06-14T19:58:39.931Z - Time taken for 'nx/js/dependencies-and-lockfile:createDependencies' 23.231900000944734ms
[NX v22.7.5 Daemon Server] - 2026-06-14T19:58:39.931Z - Time taken for 'createMetadata' 0.017500000074505806ms
[NX v22.7.5 Daemon Server] - 2026-06-14T19:58:39.931Z - Time taken for 'serialize graph' 2.550000000745058ms
DEBUG nx::native::telemetry::service: Sent 1 events: [nx/js/dependencies-and-lockfile:createDe]
[NX v22.7.5 Daemon Server] - 2026-06-14T19:59:31.267Z - Established a connection. Number of open connections: 1
[NX v22.7.5 Daemon Server] - 2026-06-14T19:59:31.267Z - Closed a connection. Number of open connections: 0
[NX v22.7.5 Daemon Server] - 2026-06-14T19:59:31.269Z - Established a connection. Number of open connections: 1
[NX v22.7.5 Daemon Server] - 2026-06-14T19:59:31.269Z - Closed a connection. Number of open connections: 0
[NX v22.7.5 Daemon Server] - 2026-06-14T19:59:31.270Z - Established a connection. Number of open connections: 1
[NX v22.7.5 Daemon Client] - 2026-06-14T19:59:31.271Z - [Messenger] Setting up socket listeners
[NX v22.7.5 Daemon Client] - 2026-06-14T19:59:31.272Z - [Messenger] listen() complete
[NX v22.7.5 Daemon Client] - 2026-06-14T19:59:31.832Z - [Messenger] Sending message type: GET_NX_CONSOLE_STATUS
[NX v22.7.5 Daemon Client] - 2026-06-14T19:59:31.834Z - [Messenger] Message sent
[NX v22.7.5 Daemon Server] - 2026-06-14T19:59:31.835Z - Received raw message of length 6296
[NX v22.7.5 Daemon Server] - 2026-06-14T19:59:31.836Z - Received json message of type GET_NX_CONSOLE_STATUS
[NX v22.7.5 Daemon Server] - 2026-06-14T19:59:31.836Z - Refreshing env var AGY_BROWSER_ACTIVE_PORT_FILE from client connection.
[NX v22.7.5 Daemon Server] - 2026-06-14T19:59:31.836Z - Refreshing env var AGY_BROWSER_WS_URL from client connection.
[NX v22.7.5 Daemon Server] - 2026-06-14T19:59:31.836Z - Refreshing env var ANTIGRAVITY_AGENT from client connection.
[NX v22.7.5 Daemon Server] - 2026-06-14T19:59:31.836Z - Refreshing env var ANTIGRAVITY_CSRF_TOKEN from client connection.
[NX v22.7.5 Daemon Server] - 2026-06-14T19:59:31.836Z - Refreshing env var ANTIGRAVITY_LS_ADDRESS from client connection.
[NX v22.7.5 Daemon Server] - 2026-06-14T19:59:31.836Z - Refreshing env var ANTIGRAVITY_PROJECT_ID from client connection.
[NX v22.7.5 Daemon Server] - 2026-06-14T19:59:31.836Z - Refreshing env var ANTIGRAVITY_SOURCE_METADATA from client connection.
[NX v22.7.5 Daemon Server] - 2026-06-14T19:59:31.836Z - Refreshing env var ANTIGRAVITY_TRAJECTORY_ID from client connection.
[NX v22.7.5 Daemon Server] - 2026-06-14T19:59:31.836Z - Refreshing env var CHROME_DEVTOOLS_MCP_JS from client connection.
[NX v22.7.5 Daemon Server] - 2026-06-14T19:59:31.836Z - Refreshing env var COLOR from client connection.
[NX v22.7.5 Daemon Server] - 2026-06-14T19:59:31.836Z - Refreshing env var INIT_CWD from client connection.
[NX v22.7.5 Daemon Server] - 2026-06-14T19:59:31.836Z - Refreshing env var NX_ANALYTICS_SESSION_ID from client connection.
[NX v22.7.5 Daemon Server] - 2026-06-14T19:59:31.836Z - Refreshing env var PATH from client connection.
[NX v22.7.5 Daemon Server] - 2026-06-14T19:59:31.837Z - Graph recompute necessary due to env variable refresh
[NX v22.7.5 Daemon Server] - 2026-06-14T19:59:31.838Z - Serializing response for GET_NX_CONSOLE_STATUS message in json mode
[NX v22.7.5 Daemon Server] - 2026-06-14T19:59:31.838Z - Responding to GET_NX_CONSOLE_STATUS message
[NX v22.7.5 Daemon Server] - 2026-06-14T19:59:31.838Z - [REQUEST]: Responding to the client. handleGetNxConsoleStatus
[NX v22.7.5 Daemon Client] - 2026-06-14T19:59:31.839Z - [Messenger] Received message, length: 22
[NX v22.7.5 Daemon Server] - 2026-06-14T19:59:31.840Z - Done responding to the client handleGetNxConsoleStatus
[NX v22.7.5 Daemon Server] - 2026-06-14T19:59:31.840Z - Handled json message GET_NX_CONSOLE_STATUS. Handling time: 0. Response time: 2.
[NX v22.7.5 Daemon Client] - 2026-06-14T19:59:32.100Z - [Messenger] Sending message type: REQUEST_PROJECT_GRAPH
[NX v22.7.5 Daemon Client] - 2026-06-14T19:59:32.101Z - [Messenger] Message sent
[NX v22.7.5 Daemon Server] - 2026-06-14T19:59:32.103Z - Received raw message of length 32
[NX v22.7.5 Daemon Server] - 2026-06-14T19:59:32.103Z - Received json message of type REQUEST_PROJECT_GRAPH
[NX v22.7.5 Daemon Server] - 2026-06-14T19:59:32.103Z - [REQUEST]: Client Request for Project Graph Received
[NX v22.7.5 Daemon Server] - 2026-06-14T19:59:32.106Z - [REQUEST]: Updated workspace context based on watched changes, recomputing project graph...
[NX v22.7.5 Daemon Server] - 2026-06-14T19:59:32.106Z - [REQUEST]: 
[NX v22.7.5 Daemon Server] - 2026-06-14T19:59:32.106Z - [REQUEST]: 
[NX v22.7.5 Daemon Server] - 2026-06-14T19:59:32.108Z - No files changed, but no in-memory cached project graph found. Recomputing it...
[NX v22.7.5 Daemon Server] - 2026-06-14T19:59:32.109Z - Streaming message to client: progress update for topic graph-construction
[NX v22.7.5 Daemon Client] - 2026-06-14T19:59:32.110Z - [Messenger] Received message, length: 47
[plugin-client] restarting worker for "nx/js/dependencies-and-lockfile"
[isolated-plugin] spawned worker for "nx/js/dependencies-and-lockfile" (pid: 19404, socket: \\.\pipe\nx\C:\Users\ANGELA~1\AppData\Local\Temp\plugin26356-51-10530601.2277.sock)
[plugin-client] restarting worker for "nx/core/package-json"
[isolated-plugin] spawned worker for "nx/core/package-json" (pid: 33048, socket: \\.\pipe\nx\C:\Users\ANGELA~1\AppData\Local\Temp\plugin26356-52-10530612.5484.sock)
[plugin-client] restarting worker for "nx/core/project-json"
[isolated-plugin] spawned worker for "nx/core/project-json" (pid: 16612, socket: \\.\pipe\nx\C:\Users\ANGELA~1\AppData\Local\Temp\plugin26356-53-10530625.3238.sock)
[NX v22.7.5 Daemon Server] - 2026-06-14T19:59:32.145Z - Time taken for 'hash changed files from watcher' 0.39979999884963036ms
[plugin-worker] "nx/js/dependencies-and-lockfile" (pid: 19404) listening on \\.\pipe\nx\C:\Users\ANGELA~1\AppData\Local\Temp\plugin26356-51-10530601.2277.sock
[isolated-plugin] connected to worker for "nx/js/dependencies-and-lockfile" (pid: 19404)
[1m[33mTime taken for 'plugin worker 19404 code loading' 492.07910000000004ms[39m[22m
[NX v22.7.5 Daemon Server] - 2026-06-14T19:59:32.700Z - Time taken for 'start-plugin-worker:nx/js/dependencies-and-lockfile' 589.7587999999523ms
[plugin-worker] "nx/js/dependencies-and-lockfile" (pid: 19404) connected
[plugin-worker] "nx/core/package-json" (pid: 33048) listening on \\.\pipe\nx\C:\Users\ANGELA~1\AppData\Local\Temp\plugin26356-52-10530612.5484.sock
[1m[33mTime taken for 'plugin worker 33048 code loading' 496.37049999999994ms[39m[22m
[plugin-worker] "nx/core/project-json" (pid: 16612) listening on \\.\pipe\nx\C:\Users\ANGELA~1\AppData\Local\Temp\plugin26356-53-10530625.3238.sock
[1m[33mTime taken for 'plugin worker 16612 code loading' 499.28549999999996ms[39m[22m
[isolated-plugin] connected to worker for "nx/core/package-json" (pid: 33048)
[isolated-plugin] connected to worker for "nx/core/project-json" (pid: 16612)
[plugin-worker] "nx/core/package-json" (pid: 33048) connected
[NX v22.7.5 Daemon Server] - 2026-06-14T19:59:32.730Z - Time taken for 'start-plugin-worker:nx/core/package-json' 607.3872999995947ms
[NX v22.7.5 Daemon Server] - 2026-06-14T19:59:32.730Z - Time taken for 'start-plugin-worker:nx/core/project-json' 595.5526999998838ms
[plugin-worker] "nx/core/project-json" (pid: 16612) connected
[plugin-worker] "nx/js/dependencies-and-lockfile" (pid: 19404) loaded successfully
[plugin-worker] "nx/core/package-json" (pid: 33048) loaded successfully
[plugin-worker] "nx/core/project-json" (pid: 16612) loaded successfully
[1m[33mTime taken for 'nx/js/dependencies-and-lockfile:createNodes' 10.039499999999862ms[39m[22m
[NX v22.7.5 Daemon Server] - 2026-06-14T19:59:33.939Z - Streaming message to client: progress update for topic graph-construction
[NX v22.7.5 Daemon Client] - 2026-06-14T19:59:33.941Z - [Messenger] Received message, length: 142
[1m[33mTime taken for 'nx/core/project-json:createNodes' 0.5428999999999178ms[39m[22m
[isolated-plugin] shutting down worker for "nx/core/project-json" after createNodes
[NX v22.7.5 Daemon Server] - 2026-06-14T19:59:33.942Z - Streaming message to client: progress update for topic graph-construction
[1m[33mTime taken for 'nx/core/package-json:createNodes' 23.04860000000008ms[39m[22m
[NX v22.7.5 Daemon Client] - 2026-06-14T19:59:33.943Z - [Messenger] Received message, length: 101
[isolated-plugin] shutting down worker for "nx/core/package-json" after createNodes
[NX v22.7.5 Daemon Server] - 2026-06-14T19:59:33.944Z - Streaming message to client: progress update for topic graph-construction
[NX v22.7.5 Daemon Client] - 2026-06-14T19:59:33.946Z - [Messenger] Received message, length: 47
[NX v22.7.5 Daemon Server] - 2026-06-14T19:59:33.952Z - Streaming message to client: progress update for topic graph-construction
[NX v22.7.5 Daemon Server] - 2026-06-14T19:59:33.954Z - Time taken for 'build-project-configs' 1837.6401000004262ms
[NX v22.7.5 Daemon Server] - 2026-06-14T19:59:33.954Z - Time taken for 'createNodes:merge' 1.296399999409914ms
[NX v22.7.5 Daemon Server] - 2026-06-14T19:59:33.954Z - Time taken for 'get-all-workspace-files' 0.27920000068843365ms
[NX v22.7.5 Daemon Client] - 2026-06-14T19:59:33.957Z - [Messenger] Received message, length: 47
[1m[33mTime taken for 'build typescript dependencies' 0.3477999999997792ms[39m[22m
[isolated-plugin] shutting down worker for "nx/js/dependencies-and-lockfile" after createDependencies
[NX v22.7.5 Daemon Server] - 2026-06-14T19:59:33.969Z - Streaming message to client: progress update for topic graph-construction
[NX v22.7.5 Daemon Client] - 2026-06-14T19:59:33.970Z - [Messenger] Received message, length: 47
[NX v22.7.5 Daemon Server] - 2026-06-14T19:59:33.999Z - Wrote project graph cache to C:\Users\Angel Aubrey\Documents\stone-cap\Finance-System_Capstone-1\backend\.nx\workspace-data\project-graph.json
[NX v22.7.5 Daemon Server] - 2026-06-14T19:59:34.000Z - Serializing response for REQUEST_PROJECT_GRAPH message in json mode
[NX v22.7.5 Daemon Server] - 2026-06-14T19:59:34.000Z - Responding to REQUEST_PROJECT_GRAPH message
[NX v22.7.5 Daemon Server] - 2026-06-14T19:59:34.000Z - [REQUEST]: Responding to the client. project-graph
[NX v22.7.5 Daemon Server] - 2026-06-14T19:59:34.000Z - Time taken for 'total for creating and serializing project graph' 1896.2387000005692ms
[NX v22.7.5 Daemon Server] - 2026-06-14T19:59:34.000Z - Time taken for 'total execution time for createProjectGraph()' 24.96659999899566ms
[NX v22.7.5 Daemon Server] - 2026-06-14T19:59:34.000Z - Time taken for 'createDependencies' 19.29679999873042ms
[NX v22.7.5 Daemon Server] - 2026-06-14T19:59:34.000Z - Time taken for 'nx/js/dependencies-and-lockfile:createDependencies' 19.031399998813868ms
[NX v22.7.5 Daemon Server] - 2026-06-14T19:59:34.000Z - Time taken for 'createMetadata' 0.016099998727440834ms
[NX v22.7.5 Daemon Server] - 2026-06-14T19:59:34.000Z - Time taken for 'serialize graph' 2.468299999833107ms
[NX v22.7.5 Daemon Server] - 2026-06-14T19:59:34.000Z - Time taken for 'write cache' 24.413499999791384ms
[NX v22.7.5 Daemon Server] - 2026-06-14T19:59:34.005Z - Done responding to the client project-graph
[NX v22.7.5 Daemon Server] - 2026-06-14T19:59:34.005Z - Handled json message REQUEST_PROJECT_GRAPH. Handling time: 1897. Response time: 5.
[NX v22.7.5 Daemon Client] - 2026-06-14T19:59:34.007Z - [Messenger] Received message, length: 402156
[NX v22.7.5 Daemon Client] - 2026-06-14T19:59:34.018Z - [Messenger] Sending message type: PRE_TASKS_EXECUTION
[NX v22.7.5 Daemon Client] - 2026-06-14T19:59:34.019Z - [Messenger] Message sent
[NX v22.7.5 Daemon Server] - 2026-06-14T19:59:34.021Z - Received raw message of length 464
[NX v22.7.5 Daemon Server] - 2026-06-14T19:59:34.021Z - Received json message of type PRE_TASKS_EXECUTION
[NX v22.7.5 Daemon Server] - 2026-06-14T19:59:34.023Z - Serializing response for PRE_TASKS_EXECUTION message in json mode
[NX v22.7.5 Daemon Server] - 2026-06-14T19:59:34.023Z - Responding to PRE_TASKS_EXECUTION message
[NX v22.7.5 Daemon Server] - 2026-06-14T19:59:34.023Z - [REQUEST]: Responding to the client. handleRunPreTasksExecution
[NX v22.7.5 Daemon Server] - 2026-06-14T19:59:34.023Z - Time taken for 'preTasksExecution' 0.9706999994814396ms
[NX v22.7.5 Daemon Client] - 2026-06-14T19:59:34.024Z - [Messenger] Received message, length: 2
[NX v22.7.5 Daemon Server] - 2026-06-14T19:59:34.025Z - Done responding to the client handleRunPreTasksExecution
[NX v22.7.5 Daemon Server] - 2026-06-14T19:59:34.025Z - Handled json message PRE_TASKS_EXECUTION. Handling time: 2. Response time: 2.
DEBUG nx::native::telemetry::service: Sent 1 events: [nx/js/dependencies-and-lockfile:createDe]
[NX v22.7.5 Daemon Client] - 2026-06-14T19:59:34.120Z - [Messenger] Sending message type: HASH_TASKS
[NX v22.7.5 Daemon Client] - 2026-06-14T19:59:34.121Z - [Messenger] Message sent
[NX v22.7.5 Daemon Server] - 2026-06-14T19:59:34.121Z - Received raw message of length 8894
[NX v22.7.5 Daemon Server] - 2026-06-14T19:59:34.122Z - Received json message of type HASH_TASKS
[NX v22.7.5 Daemon Server] - 2026-06-14T19:59:34.122Z - Reusing in-memory cached project graph because no files changed.
DEBUG nx::native::tasks::hash_planner: get_plans_internal COMPLETED in 6.3505ms - processed 1 tasks (setup: 2.7032ms, parallel_planning: 3.6285ms)
DEBUG nx::native::tasks::hashers::hash_workspace_files: Hashing workspace fileset with inputs: Adding "4121383594453999496" ("nx.json") to hash
DEBUG nx::native::tasks::hashers::hash_workspace_files: Hashing workspace fileset with inputs: Hash Value: "11519682898367188692"
DEBUG nx::native::tasks::task_hasher: hash_plans COMPLETED in 12.6441ms - processed 1 plans (setup: 218.1µs, hashing: 12.4242ms, assembly: 1.8376ms)
[NX v22.7.5 Daemon Server] - 2026-06-14T19:59:34.151Z - Serializing response for HASH_TASKS message in json mode
[NX v22.7.5 Daemon Server] - 2026-06-14T19:59:34.152Z - Responding to HASH_TASKS message
[NX v22.7.5 Daemon Server] - 2026-06-14T19:59:34.152Z - [REQUEST]: Responding to the client. handleHashTasks
[NX v22.7.5 Daemon Client] - 2026-06-14T19:59:34.153Z - [Messenger] Received message, length: 31846
[NX v22.7.5 Daemon Server] - 2026-06-14T19:59:34.153Z - Done responding to the client handleHashTasks
[NX v22.7.5 Daemon Server] - 2026-06-14T19:59:34.153Z - Handled json message HASH_TASKS. Handling time: 29. Response time: 2.
[NX v22.7.5 Daemon Client] - 2026-06-14T19:59:34.173Z - [Messenger] Sending message type: GET_ESTIMATED_TASK_TIMINGS
[NX v22.7.5 Daemon Client] - 2026-06-14T19:59:34.174Z - [Messenger] Message sent
[NX v22.7.5 Daemon Server] - 2026-06-14T19:59:34.180Z - Received raw message of length 100
[NX v22.7.5 Daemon Server] - 2026-06-14T19:59:34.180Z - Received json message of type GET_ESTIMATED_TASK_TIMINGS
[NX v22.7.5 Daemon Server] - 2026-06-14T19:59:34.181Z - Serializing response for GET_ESTIMATED_TASK_TIMINGS message in json mode
[NX v22.7.5 Daemon Server] - 2026-06-14T19:59:34.181Z - Responding to GET_ESTIMATED_TASK_TIMINGS message
[NX v22.7.5 Daemon Server] - 2026-06-14T19:59:34.182Z - [REQUEST]: Responding to the client. handleGetEstimatedTaskTimings
[NX v22.7.5 Daemon Server] - 2026-06-14T19:59:34.182Z - Done responding to the client handleGetEstimatedTaskTimings
[NX v22.7.5 Daemon Server] - 2026-06-14T19:59:34.182Z - Handled json message GET_ESTIMATED_TASK_TIMINGS. Handling time: 1. Response time: 1.
[NX v22.7.5 Daemon Client] - 2026-06-14T19:59:34.183Z - [Messenger] Received message, length: 2
[NX v22.7.5 Daemon Server] - 2026-06-14T19:59:37.780Z - [WATCHER]: 0 file(s) created or restored, 0 file(s) modified, 85 file(s) deleted
[NX v22.7.5 Daemon Server] - 2026-06-14T19:59:37.780Z - [WATCHER]: File changes detected:
Created:
(none)
Updated:
(none)
Deleted:
  - apps/ledger-accounts-svc/dist/apps/ledger-accounts-svc/src/accounts/accounts.module.d.ts
  - apps/ledger-accounts-svc/dist/apps/ledger-accounts-svc/src/accounts/accounts.controller.js
  - apps/ledger-accounts-svc/dist/libs/auth/src/public.decorator.js.map
  - apps/ledger-accounts-svc/dist/libs
  - apps/ledger-accounts-svc/dist/libs/auth/src/jwt.guard.js.map
  - apps/ledger-accounts-svc/dist/libs/events/src/dues.events.js
  - apps/ledger-accounts-svc/dist/apps/ledger-accounts-svc/src/accounts/dto/create-account.dto.js.map
  - apps/ledger-accounts-svc/dist/libs/events/src/expense.events.js.map
  - apps/ledger-accounts-svc/dist/apps/ledger-accounts-svc/src/app.module.js.map
  - apps/ledger-accounts-svc/dist/apps/ledger-accounts-svc/src/accounts/dto/update-account.dto.d.ts
  ... and 75 more
[NX v22.7.5 Daemon Server] - 2026-06-14T19:59:37.780Z - [SYNC]: clearing sync generators cache due to file changes
[NX v22.7.5 Daemon Server] - 2026-06-14T19:59:37.782Z - [WATCHER]: Processing file changes in outputs
[NX v22.7.5 Daemon Server] - 2026-06-14T19:59:37.889Z - [REQUEST]: Updated workspace context based on watched changes, recomputing project graph...
[NX v22.7.5 Daemon Server] - 2026-06-14T19:59:37.889Z - [REQUEST]: 
[NX v22.7.5 Daemon Server] - 2026-06-14T19:59:37.889Z - [REQUEST]: apps/ledger-accounts-svc/dist/apps/ledger-accounts-svc/src/accounts/accounts.module.d.ts,apps/ledger-accounts-svc/dist/apps/ledger-accounts-svc/src/accounts/accounts.controller.js,apps/ledger-accounts-svc/dist/libs/auth/src/public.decorator.js.map,apps/ledger-accounts-svc/dist/libs,apps/ledger-accounts-svc/dist/libs/auth/src/jwt.guard.js.map,apps/ledger-accounts-svc/dist/libs/events/src/dues.events.js,apps/ledger-accounts-svc/dist/apps/ledger-accounts-svc/src/accounts/dto/create-account.dto.js.map,apps/ledger-accounts-svc/dist/libs/events/src/expense.events.js.map,apps/ledger-accounts-svc/dist/apps/ledger-accounts-svc/src/app.module.js.map,apps/ledger-accounts-svc/dist/apps/ledger-accounts-svc/src/accounts/dto/update-account.dto.d.ts,apps/ledger-accounts-svc/dist/libs/auth/src,apps/ledger-accounts-svc/dist/libs/auth/src/roles.decorator.js.map,apps/ledger-accounts-svc/dist/libs/events/src/disbursement.events.d.ts,apps/ledger-accounts-svc/dist/libs/events/src/disbursement.events.js.map,apps/ledger-accounts-svc/dist/apps/ledger-accounts-svc/src/app.service.d.ts,apps/ledger-accounts-svc/dist/libs/events,apps/ledger-accounts-svc/dist/apps/ledger-accounts-svc/src/accounts/accounts.module.js,apps/ledger-accounts-svc/dist/libs/events/src/repayment.events.js,apps/ledger-accounts-svc/dist/apps/ledger-accounts-svc/src,apps/ledger-accounts-svc/dist/apps,apps/ledger-accounts-svc/dist/apps/ledger-accounts-svc/src/accounts/dto,apps/ledger-accounts-svc/dist,apps/ledger-accounts-svc/dist/libs/events/src/index.js.map,apps/ledger-accounts-svc/dist/libs/events/src/dues.events.js.map,apps/ledger-accounts-svc/dist/libs/auth/src/public.decorator.d.ts,apps/ledger-accounts-svc/dist/libs/events/src/queues.d.ts,apps/ledger-accounts-svc/dist/apps/ledger-accounts-svc/src/app.controller.js,apps/ledger-accounts-svc/dist/apps/ledger-accounts-svc/src/main.js,apps/ledger-accounts-svc/dist/libs/events/src/queues.js.map,apps/ledger-accounts-svc/dist/apps/ledger-accounts-svc/src/app.controller.spec.js.map,apps/ledger-accounts-svc/dist/apps/ledger-accounts-svc,apps/ledger-accounts-svc/dist/libs/events/src/disbursement.events.js,apps/ledger-accounts-svc/dist/apps/ledger-accounts-svc/src/app.controller.spec.d.ts,apps/ledger-accounts-svc/dist/apps/ledger-accounts-svc/src/accounts/dto/create-account.dto.d.ts,apps/ledger-accounts-svc/dist/apps/ledger-accounts-svc/src/accounts/accounts.controller.d.ts,apps/ledger-accounts-svc/dist/apps/ledger-accounts-svc/src/accounts/dto/update-account.dto.js.map,apps/ledger-accounts-svc/dist/libs/events/src/repayment.events.d.ts,apps/ledger-accounts-svc/dist/apps/ledger-accounts-svc/src/prisma.service.js,apps/ledger-accounts-svc/dist/libs/auth/src/jwt.guard.d.ts,apps/ledger-accounts-svc/dist/libs/auth/src/roles.decorator.js,apps/ledger-accounts-svc/dist/apps/ledger-accounts-svc/src/main.js.map,apps/ledger-accounts-svc/dist/libs/auth/src/roles.decorator.d.ts,apps/ledger-accounts-svc/dist/apps/ledger-accounts-svc/src/prisma.service.js.map,apps/ledger-accounts-svc/dist/apps/ledger-accounts-svc/src/app.controller.spec.js,apps/ledger-accounts-svc/dist/apps/ledger-accounts-svc/src/funds/funds.controller.js.map,apps/ledger-accounts-svc/dist/apps/ledger-accounts-svc/src/funds/funds.service.js.map,apps/ledger-accounts-svc/dist/apps/ledger-accounts-svc/src/accounts/accounts.service.js,apps/ledger-accounts-svc/dist/apps/ledger-accounts-svc/src/accounts/dto/update-account.dto.js,apps/ledger-accounts-svc/dist/libs/auth/src/public.decorator.js,apps/ledger-accounts-svc/dist/libs/auth/src/index.js.map,apps/ledger-accounts-svc/dist/libs/auth/src/index.js,apps/ledger-accounts-svc/dist/libs/events/src/index.d.ts,apps/ledger-accounts-svc/dist/libs/events/src/queues.js,apps/ledger-accounts-svc/dist/apps/ledger-accounts-svc/src/app.controller.js.map,apps/ledger-accounts-svc/dist/libs/auth,apps/ledger-accounts-svc/dist/apps/ledger-accounts-svc/src/funds/funds.controller.js,apps/ledger-accounts-svc/dist/apps/ledger-accounts-svc/src/app.service.js.map,apps/ledger-accounts-svc/dist/apps/ledger-accounts-svc/src/funds/funds.service.d.ts,apps/ledger-accounts-svc/dist/apps/ledger-accounts-svc/src/funds/funds.service.js,apps/ledger-accounts-svc/dist/apps/ledger-accounts-svc/src/funds,apps/ledger-accounts-svc/dist/apps/ledger-accounts-svc/src/accounts/accounts.service.d.ts,apps/ledger-accounts-svc/dist/apps/ledger-accounts-svc/src/app.module.js,apps/ledger-accounts-svc/dist/apps/ledger-accounts-svc/src/accounts/accounts.module.js.map,apps/ledger-accounts-svc/dist/apps/ledger-accounts-svc/src/funds/funds.module.js,apps/ledger-accounts-svc/dist/apps/ledger-accounts-svc/src/funds/funds.module.js.map,apps/ledger-accounts-svc/dist/apps/ledger-accounts-svc/src/accounts/accounts.controller.js.map,apps/ledger-accounts-svc/dist/apps/ledger-accounts-svc/src/app.controller.d.ts,apps/ledger-accounts-svc/dist/apps/ledger-accounts-svc/src/funds/funds.controller.d.ts,apps/ledger-accounts-svc/dist/libs/events/src/index.js,apps/ledger-accounts-svc/dist/apps/ledger-accounts-svc/src/main.d.ts,apps/ledger-accounts-svc/dist/libs/auth/src/index.d.ts,apps/ledger-accounts-svc/dist/apps/ledger-accounts-svc/src/prisma.service.d.ts,apps/ledger-accounts-svc/dist/apps/ledger-accounts-svc/src/accounts,apps/ledger-accounts-svc/dist/libs/events/src/expense.events.js,apps/ledger-accounts-svc/dist/apps/ledger-accounts-svc/src/accounts/accounts.service.js.map,apps/ledger-accounts-svc/dist/libs/auth/src/jwt.guard.js,apps/ledger-accounts-svc/dist/libs/events/src/expense.events.d.ts,apps/ledger-accounts-svc/dist/tsconfig.tsbuildinfo,apps/ledger-accounts-svc/dist/libs/events/src/repayment.events.js.map,apps/ledger-accounts-svc/dist/apps/ledger-accounts-svc/src/app.module.d.ts,apps/ledger-accounts-svc/dist/libs/events/src,apps/ledger-accounts-svc/dist/apps/ledger-accounts-svc/src/funds/funds.module.d.ts,apps/ledger-accounts-svc/dist/apps/ledger-accounts-svc/src/app.service.js,apps/ledger-accounts-svc/dist/libs/events/src/dues.events.d.ts,apps/ledger-accounts-svc/dist/apps/ledger-accounts-svc/src/accounts/dto/create-account.dto.js
[plugin-client] restarting worker for "nx/js/dependencies-and-lockfile"
[isolated-plugin] spawned worker for "nx/js/dependencies-and-lockfile" (pid: 25480, socket: \\.\pipe\nx\C:\Users\ANGELA~1\AppData\Local\Temp\plugin26356-54-10536383.0165.sock)
[plugin-client] restarting worker for "nx/core/package-json"
[isolated-plugin] spawned worker for "nx/core/package-json" (pid: 26336, socket: \\.\pipe\nx\C:\Users\ANGELA~1\AppData\Local\Temp\plugin26356-55-10536394.5619.sock)
[plugin-client] restarting worker for "nx/core/project-json"
[isolated-plugin] spawned worker for "nx/core/project-json" (pid: 28744, socket: \\.\pipe\nx\C:\Users\ANGELA~1\AppData\Local\Temp\plugin26356-56-10536402.9397.sock)
[NX v22.7.5 Daemon Server] - 2026-06-14T19:59:37.922Z - Time taken for 'hash changed files from watcher' 2.199500000104308ms
[plugin-worker] "nx/core/project-json" (pid: 28744) listening on \\.\pipe\nx\C:\Users\ANGELA~1\AppData\Local\Temp\plugin26356-56-10536402.9397.sock
[plugin-worker] "nx/js/dependencies-and-lockfile" (pid: 25480) listening on \\.\pipe\nx\C:\Users\ANGELA~1\AppData\Local\Temp\plugin26356-54-10536383.0165.sock
[1m[33mTime taken for 'plugin worker 28744 code loading' 506.063ms[39m[22m
[isolated-plugin] connected to worker for "nx/js/dependencies-and-lockfile" (pid: 25480)
[1m[33mTime taken for 'plugin worker 25480 code loading' 509.4805ms[39m[22m
[NX v22.7.5 Daemon Server] - 2026-06-14T19:59:38.511Z - Time taken for 'start-plugin-worker:nx/js/dependencies-and-lockfile' 618.1051000002772ms
[plugin-worker] "nx/js/dependencies-and-lockfile" (pid: 25480) connected
[isolated-plugin] connected to worker for "nx/core/project-json" (pid: 28744)
[NX v22.7.5 Daemon Server] - 2026-06-14T19:59:38.512Z - Time taken for 'start-plugin-worker:nx/core/project-json' 599.8561000004411ms
[plugin-worker] "nx/core/project-json" (pid: 28744) connected
[plugin-worker] "nx/core/package-json" (pid: 26336) listening on \\.\pipe\nx\C:\Users\ANGELA~1\AppData\Local\Temp\plugin26356-55-10536394.5619.sock
[isolated-plugin] connected to worker for "nx/core/package-json" (pid: 26336)
[NX v22.7.5 Daemon Server] - 2026-06-14T19:59:38.525Z - Time taken for 'start-plugin-worker:nx/core/package-json' 621.385399999097ms
[plugin-worker] "nx/core/package-json" (pid: 26336) connected
[1m[33mTime taken for 'plugin worker 26336 code loading' 526.358ms[39m[22m
[plugin-worker] "nx/core/project-json" (pid: 28744) loaded successfully
[plugin-worker] "nx/core/package-json" (pid: 26336) loaded successfully
[plugin-worker] "nx/js/dependencies-and-lockfile" (pid: 25480) loaded successfully
[1m[33mTime taken for 'nx/core/project-json:createNodes' 0.4821999999999207ms[39m[22m
[isolated-plugin] shutting down worker for "nx/core/project-json" after createNodes
[1m[33mTime taken for 'nx/js/dependencies-and-lockfile:createNodes' 13.13090000000011ms[39m[22m
[1m[33mTime taken for 'nx/core/package-json:createNodes' 25.842200000000048ms[39m[22m
[isolated-plugin] shutting down worker for "nx/core/package-json" after createNodes
[NX v22.7.5 Daemon Server] - 2026-06-14T19:59:39.481Z - Time taken for 'build-project-configs' 1581.3672000002116ms
[NX v22.7.5 Daemon Server] - 2026-06-14T19:59:39.481Z - Time taken for 'createNodes:merge' 1.1342000011354685ms
[NX v22.7.5 Daemon Server] - 2026-06-14T19:59:39.481Z - Time taken for 'get-all-workspace-files' 0.19029999896883965ms
[1m[33mTime taken for 'build typescript dependencies' 0.2904000000000906ms[39m[22m
[isolated-plugin] shutting down worker for "nx/js/dependencies-and-lockfile" after createDependencies
[NX v22.7.5 Daemon Server] - 2026-06-14T19:59:39.497Z - [SYNC]: collect registered sync generators
[NX v22.7.5 Daemon Server] - 2026-06-14T19:59:39.498Z - [SYNC]: project graph hash is the same, not collecting task sync generators
[NX v22.7.5 Daemon Server] - 2026-06-14T19:59:39.498Z - [SYNC]: nx.json hash is the same, not collecting global sync generators
[NX v22.7.5 Daemon Server] - 2026-06-14T19:59:39.498Z - Time taken for 'total execution time for createProjectGraph()' 20.528300000354648ms
[NX v22.7.5 Daemon Server] - 2026-06-14T19:59:39.498Z - Time taken for 'createDependencies' 16.158500000834465ms
[NX v22.7.5 Daemon Server] - 2026-06-14T19:59:39.498Z - Time taken for 'nx/js/dependencies-and-lockfile:createDependencies' 16.003900000825524ms
[NX v22.7.5 Daemon Server] - 2026-06-14T19:59:39.498Z - Time taken for 'createMetadata' 0.010400000959634781ms
[NX v22.7.5 Daemon Server] - 2026-06-14T19:59:39.498Z - Time taken for 'serialize graph' 2.054500000551343ms
DEBUG nx::native::telemetry::service: Sent 1 events: [nx/js/dependencies-and-lockfile:createDe]
[NX v22.7.5 Daemon Server] - 2026-06-14T19:59:42.135Z - [WATCHER]: 0 file(s) created or restored, 0 file(s) modified, 0 file(s) deleted
[NX v22.7.5 Daemon Server] - 2026-06-14T19:59:42.337Z - [REQUEST]: Updated workspace context based on watched changes, recomputing project graph...
[NX v22.7.5 Daemon Server] - 2026-06-14T19:59:42.337Z - [REQUEST]: 
[NX v22.7.5 Daemon Server] - 2026-06-14T19:59:42.337Z - [REQUEST]: 
[plugin-client] restarting worker for "nx/js/dependencies-and-lockfile"
[isolated-plugin] spawned worker for "nx/js/dependencies-and-lockfile" (pid: 27504, socket: \\.\pipe\nx\C:\Users\ANGELA~1\AppData\Local\Temp\plugin26356-57-10540829.7846.sock)
[plugin-client] restarting worker for "nx/core/package-json"
[isolated-plugin] spawned worker for "nx/core/package-json" (pid: 17936, socket: \\.\pipe\nx\C:\Users\ANGELA~1\AppData\Local\Temp\plugin26356-58-10540838.7526.sock)
[plugin-client] restarting worker for "nx/core/project-json"
[isolated-plugin] spawned worker for "nx/core/project-json" (pid: 26712, socket: \\.\pipe\nx\C:\Users\ANGELA~1\AppData\Local\Temp\plugin26356-59-10540847.5881.sock)
[NX v22.7.5 Daemon Server] - 2026-06-14T19:59:42.367Z - Time taken for 'hash changed files from watcher' 0.24049999937415123ms
[NX v22.7.5 Daemon Server] - 2026-06-14T19:59:42.475Z - [WATCHER]: 0 file(s) created or restored, 0 file(s) modified, 0 file(s) deleted
[NX v22.7.5 Daemon Server] - 2026-06-14T19:59:42.885Z - [REQUEST]: Updated workspace context based on watched changes, recomputing project graph...
[NX v22.7.5 Daemon Server] - 2026-06-14T19:59:42.885Z - [REQUEST]: 
[NX v22.7.5 Daemon Server] - 2026-06-14T19:59:42.885Z - [REQUEST]: 
[NX v22.7.5 Daemon Server] - 2026-06-14T19:59:42.899Z - Time taken for 'hash changed files from watcher' 0.36169999837875366ms
[isolated-plugin] connected to worker for "nx/core/package-json" (pid: 17936)
[plugin-worker] "nx/core/package-json" (pid: 17936) listening on \\.\pipe\nx\C:\Users\ANGELA~1\AppData\Local\Temp\plugin26356-58-10540838.7526.sock
[1m[33mTime taken for 'plugin worker 17936 code loading' 628.4005ms[39m[22m
[NX v22.7.5 Daemon Server] - 2026-06-14T19:59:43.082Z - Time taken for 'start-plugin-worker:nx/core/package-json' 733.7187000010163ms
[plugin-worker] "nx/core/package-json" (pid: 17936) connected
[isolated-plugin] connected to worker for "nx/js/dependencies-and-lockfile" (pid: 27504)
[plugin-worker] "nx/js/dependencies-and-lockfile" (pid: 27504) listening on \\.\pipe\nx\C:\Users\ANGELA~1\AppData\Local\Temp\plugin26356-57-10540829.7846.sock
[NX v22.7.5 Daemon Server] - 2026-06-14T19:59:43.095Z - Time taken for 'start-plugin-worker:nx/js/dependencies-and-lockfile' 755.1962000001222ms
[plugin-worker] "nx/js/dependencies-and-lockfile" (pid: 27504) connected
[1m[33mTime taken for 'plugin worker 27504 code loading' 649.5891ms[39m[22m
[plugin-worker] "nx/core/project-json" (pid: 26712) listening on \\.\pipe\nx\C:\Users\ANGELA~1\AppData\Local\Temp\plugin26356-59-10540847.5881.sock
[isolated-plugin] connected to worker for "nx/core/project-json" (pid: 26712)
[NX v22.7.5 Daemon Server] - 2026-06-14T19:59:43.106Z - Time taken for 'start-plugin-worker:nx/core/project-json' 749.5023999996483ms
[plugin-worker] "nx/core/project-json" (pid: 26712) connected
[1m[33mTime taken for 'plugin worker 26712 code loading' 635.3791ms[39m[22m
[plugin-worker] "nx/core/package-json" (pid: 17936) loaded successfully
[plugin-worker] "nx/core/project-json" (pid: 26712) loaded successfully
[plugin-worker] "nx/js/dependencies-and-lockfile" (pid: 27504) loaded successfully
[NX v22.7.5 Daemon Server] - 2026-06-14T19:59:43.665Z - [WATCHER]: 0 file(s) created or restored, 0 file(s) modified, 0 file(s) deleted
[NX v22.7.5 Daemon Client] - 2026-06-14T19:59:43.781Z - [Messenger] Sending message type: RECORD_OUTPUTS_HASH_BATCH
[NX v22.7.5 Daemon Client] - 2026-06-14T19:59:43.782Z - [Messenger] Message sent
[NX v22.7.5 Daemon Server] - 2026-06-14T19:59:43.783Z - Received raw message of length 220
[NX v22.7.5 Daemon Server] - 2026-06-14T19:59:43.783Z - Received json message of type RECORD_OUTPUTS_HASH_BATCH
[NX v22.7.5 Daemon Server] - 2026-06-14T19:59:43.803Z - Serializing response for RECORD_OUTPUTS_HASH_BATCH message in json mode
[NX v22.7.5 Daemon Server] - 2026-06-14T19:59:43.804Z - Responding to RECORD_OUTPUTS_HASH_BATCH message
[NX v22.7.5 Daemon Server] - 2026-06-14T19:59:43.804Z - [REQUEST]: Responding to the client. recordOutputsHashBatch
[NX v22.7.5 Daemon Client] - 2026-06-14T19:59:43.805Z - [Messenger] Received message, length: 2
[NX v22.7.5 Daemon Server] - 2026-06-14T19:59:43.807Z - Done responding to the client recordOutputsHashBatch
[NX v22.7.5 Daemon Server] - 2026-06-14T19:59:43.807Z - Handled json message RECORD_OUTPUTS_HASH_BATCH. Handling time: 20. Response time: 4.
[NX v22.7.5 Daemon Client] - 2026-06-14T19:59:43.813Z - [Messenger] Sending message type: RECORD_TASK_RUNS
[NX v22.7.5 Daemon Client] - 2026-06-14T19:59:43.814Z - [Messenger] Message sent
[NX v22.7.5 Daemon Server] - 2026-06-14T19:59:43.815Z - Received raw message of length 220
[NX v22.7.5 Daemon Server] - 2026-06-14T19:59:43.815Z - Received json message of type RECORD_TASK_RUNS
[NX v22.7.5 Daemon Server] - 2026-06-14T19:59:43.823Z - Serializing response for RECORD_TASK_RUNS message in json mode
[NX v22.7.5 Daemon Server] - 2026-06-14T19:59:43.824Z - Responding to RECORD_TASK_RUNS message
[NX v22.7.5 Daemon Server] - 2026-06-14T19:59:43.824Z - [REQUEST]: Responding to the client. handleRecordTaskRuns
[NX v22.7.5 Daemon Client] - 2026-06-14T19:59:43.824Z - [Messenger] Received message, length: 4
[NX v22.7.5 Daemon Server] - 2026-06-14T19:59:43.826Z - Done responding to the client handleRecordTaskRuns
[NX v22.7.5 Daemon Server] - 2026-06-14T19:59:43.826Z - Handled json message RECORD_TASK_RUNS. Handling time: 8. Response time: 3.
[NX v22.7.5 Daemon Server] - 2026-06-14T19:59:43.827Z - Established a connection. Number of open connections: 2
[NX v22.7.5 Daemon Server] - 2026-06-14T19:59:43.827Z - Closed a connection. Number of open connections: 1
[NX v22.7.5 Daemon Client] - 2026-06-14T19:59:43.827Z - [Messenger] Sending message type: GET_CONFIGURE_AI_AGENTS_STATUS
[NX v22.7.5 Daemon Client] - 2026-06-14T19:59:43.828Z - [Messenger] Message sent
[NX v22.7.5 Daemon Server] - 2026-06-14T19:59:43.829Z - Received raw message of length 41
[NX v22.7.5 Daemon Server] - 2026-06-14T19:59:43.830Z - Received json message of type GET_CONFIGURE_AI_AGENTS_STATUS
[NX v22.7.5 Daemon Server] - 2026-06-14T19:59:43.831Z - [AI-AGENTS]: Returning cached agent configuration status
[NX v22.7.5 Daemon Server] - 2026-06-14T19:59:43.831Z - Serializing response for GET_CONFIGURE_AI_AGENTS_STATUS message in json mode
[NX v22.7.5 Daemon Server] - 2026-06-14T19:59:43.831Z - Responding to GET_CONFIGURE_AI_AGENTS_STATUS message
[NX v22.7.5 Daemon Server] - 2026-06-14T19:59:43.831Z - [REQUEST]: Responding to the client. handleGetConfigureAiAgentsStatus
[NX v22.7.5 Daemon Server] - 2026-06-14T19:59:43.831Z - Done responding to the client handleGetConfigureAiAgentsStatus
[NX v22.7.5 Daemon Server] - 2026-06-14T19:59:43.831Z - Handled json message GET_CONFIGURE_AI_AGENTS_STATUS. Handling time: 0. Response time: 0.
[NX v22.7.5 Daemon Client] - 2026-06-14T19:59:43.832Z - [Messenger] Received message, length: 104
[NX v22.7.5 Daemon Client] - 2026-06-14T19:59:43.834Z - [Messenger] Sending message type: POST_TASKS_EXECUTION
[NX v22.7.5 Daemon Client] - 2026-06-14T19:59:43.835Z - [Messenger] Message sent
[NX v22.7.5 Daemon Server] - 2026-06-14T19:59:43.836Z - Received raw message of length 36194
[NX v22.7.5 Daemon Server] - 2026-06-14T19:59:43.837Z - Received json message of type POST_TASKS_EXECUTION
[NX v22.7.5 Daemon Server] - 2026-06-14T19:59:43.838Z - Serializing response for POST_TASKS_EXECUTION message in json mode
[NX v22.7.5 Daemon Server] - 2026-06-14T19:59:43.838Z - Responding to POST_TASKS_EXECUTION message
[NX v22.7.5 Daemon Server] - 2026-06-14T19:59:43.838Z - [REQUEST]: Responding to the client. handleRunPostTasksExecution
[NX v22.7.5 Daemon Server] - 2026-06-14T19:59:43.838Z - Time taken for 'postTasksExecution' 0.5065999999642372ms
[NX v22.7.5 Daemon Server] - 2026-06-14T19:59:43.838Z - Done responding to the client handleRunPostTasksExecution
[NX v22.7.5 Daemon Server] - 2026-06-14T19:59:43.838Z - Handled json message POST_TASKS_EXECUTION. Handling time: 1. Response time: 0.
[NX v22.7.5 Daemon Client] - 2026-06-14T19:59:43.839Z - [Messenger] Received message, length: 4
[NX v22.7.5 Daemon Server] - 2026-06-14T19:59:43.852Z - [WATCHER]: 0 file(s) created or restored, 0 file(s) modified, 0 file(s) deleted
[NX v22.7.5 Daemon Server] - 2026-06-14T19:59:43.916Z - Closed a connection. Number of open connections: 0
[1m[33mTime taken for 'nx/core/project-json:createNodes' 0.15499999999997272ms[39m[22m
[1m[33mTime taken for 'nx/core/project-json:createNodes' 0.43810000000007676ms[39m[22m
[isolated-plugin] shutting down worker for "nx/core/project-json" after createNodes
[1m[33mTime taken for 'nx/core/package-json:createNodes' 17.558499999999867ms[39m[22m
[1m[33mTime taken for 'nx/core/package-json:createNodes' 18.080600000000004ms[39m[22m
[isolated-plugin] shutting down worker for "nx/core/package-json" after createNodes
[1m[33mTime taken for 'nx/js/dependencies-and-lockfile:createNodes' 9.677699999999959ms[39m[22m
[1m[33mTime taken for 'nx/js/dependencies-and-lockfile:createNodes' 9.916000000000167ms[39m[22m
[NX v22.7.5 Daemon Server] - 2026-06-14T19:59:44.229Z - Time taken for 'build-project-configs' 1324.099399998784ms
[NX v22.7.5 Daemon Server] - 2026-06-14T19:59:44.230Z - Time taken for 'build-project-configs' 1325.148199999705ms
[NX v22.7.5 Daemon Server] - 2026-06-14T19:59:44.230Z - Time taken for 'createNodes:merge' 1.3034000005573034ms
[NX v22.7.5 Daemon Server] - 2026-06-14T19:59:44.230Z - Time taken for 'createNodes:merge' 0.9952000007033348ms
[NX v22.7.5 Daemon Server] - 2026-06-14T19:59:44.230Z - Time taken for 'get-all-workspace-files' 0.18280000053346157ms
[1m[33mTime taken for 'build typescript dependencies' 0.348700000000008ms[39m[22m
[isolated-plugin] shutting down worker for "nx/js/dependencies-and-lockfile" after createDependencies
[NX v22.7.5 Daemon Server] - 2026-06-14T19:59:44.254Z - [SYNC]: collect registered sync generators
[NX v22.7.5 Daemon Server] - 2026-06-14T19:59:44.255Z - [SYNC]: project graph hash is the same, not collecting task sync generators
[NX v22.7.5 Daemon Server] - 2026-06-14T19:59:44.255Z - [SYNC]: nx.json hash is the same, not collecting global sync generators
[NX v22.7.5 Daemon Server] - 2026-06-14T19:59:44.255Z - [SYNC]: collect registered sync generators
[NX v22.7.5 Daemon Server] - 2026-06-14T19:59:44.256Z - [SYNC]: project graph hash is the same, not collecting task sync generators
[NX v22.7.5 Daemon Server] - 2026-06-14T19:59:44.256Z - [SYNC]: nx.json hash is the same, not collecting global sync generators
[NX v22.7.5 Daemon Server] - 2026-06-14T19:59:44.257Z - Time taken for 'total execution time for createProjectGraph()' 29.886200001463294ms
[NX v22.7.5 Daemon Server] - 2026-06-14T19:59:44.257Z - Time taken for 'createDependencies' 22.693500000983477ms
[NX v22.7.5 Daemon Server] - 2026-06-14T19:59:44.257Z - Time taken for 'nx/js/dependencies-and-lockfile:createDependencies' 22.52960000000894ms
[NX v22.7.5 Daemon Server] - 2026-06-14T19:59:44.257Z - Time taken for 'createMetadata' 0.014699999243021011ms
[NX v22.7.5 Daemon Server] - 2026-06-14T19:59:44.257Z - Time taken for 'serialize graph' 3.0873000007122755ms
DEBUG nx::native::telemetry::service: Sent 1 events: [nx/js/dependencies-and-lockfile:createDe]
[NX v22.7.5 Daemon Server] - 2026-06-14T19:59:44.473Z - [REQUEST]: Updated workspace context based on watched changes, recomputing project graph...
[NX v22.7.5 Daemon Server] - 2026-06-14T19:59:44.473Z - [REQUEST]: 
[NX v22.7.5 Daemon Server] - 2026-06-14T19:59:44.473Z - [REQUEST]: 
[plugin-client] restarting worker for "nx/js/dependencies-and-lockfile"
[isolated-plugin] spawned worker for "nx/js/dependencies-and-lockfile" (pid: 30340, socket: \\.\pipe\nx\C:\Users\ANGELA~1\AppData\Local\Temp\plugin26356-60-10542966.0935.sock)
[plugin-client] restarting worker for "nx/core/package-json"
[isolated-plugin] spawned worker for "nx/core/package-json" (pid: 19160, socket: \\.\pipe\nx\C:\Users\ANGELA~1\AppData\Local\Temp\plugin26356-61-10542978.5522.sock)
[plugin-client] restarting worker for "nx/core/project-json"
[isolated-plugin] spawned worker for "nx/core/project-json" (pid: 21248, socket: \\.\pipe\nx\C:\Users\ANGELA~1\AppData\Local\Temp\plugin26356-62-10542990.1056.sock)
[NX v22.7.5 Daemon Server] - 2026-06-14T19:59:44.512Z - Time taken for 'hash changed files from watcher' 0.34810000099241734ms
[plugin-worker] "nx/js/dependencies-and-lockfile" (pid: 30340) listening on \\.\pipe\nx\C:\Users\ANGELA~1\AppData\Local\Temp\plugin26356-60-10542966.0935.sock
[1m[33mTime taken for 'plugin worker 30340 code loading' 439.39439999999996ms[39m[22m
[isolated-plugin] connected to worker for "nx/js/dependencies-and-lockfile" (pid: 30340)
[NX v22.7.5 Daemon Server] - 2026-06-14T19:59:45.042Z - Time taken for 'start-plugin-worker:nx/js/dependencies-and-lockfile' 566.7095999997109ms
[plugin-worker] "nx/js/dependencies-and-lockfile" (pid: 30340) connected
[plugin-worker] "nx/core/package-json" (pid: 19160) listening on \\.\pipe\nx\C:\Users\ANGELA~1\AppData\Local\Temp\plugin26356-61-10542978.5522.sock
[isolated-plugin] connected to worker for "nx/core/package-json" (pid: 19160)
[1m[33mTime taken for 'plugin worker 19160 code loading' 435.9004ms[39m[22m
[NX v22.7.5 Daemon Server] - 2026-06-14T19:59:45.056Z - Time taken for 'start-plugin-worker:nx/core/package-json' 567.9889000002295ms
[plugin-worker] "nx/core/package-json" (pid: 19160) connected
[plugin-worker] "nx/core/project-json" (pid: 21248) listening on \\.\pipe\nx\C:\Users\ANGELA~1\AppData\Local\Temp\plugin26356-62-10542990.1056.sock
[isolated-plugin] connected to worker for "nx/core/project-json" (pid: 21248)
[NX v22.7.5 Daemon Server] - 2026-06-14T19:59:45.090Z - Time taken for 'start-plugin-worker:nx/core/project-json' 590.3152000010014ms
[plugin-worker] "nx/core/project-json" (pid: 21248) connected
[1m[33mTime taken for 'plugin worker 21248 code loading' 446.00710000000004ms[39m[22m
[plugin-worker] "nx/core/package-json" (pid: 19160) loaded successfully
[plugin-worker] "nx/js/dependencies-and-lockfile" (pid: 30340) loaded successfully
[plugin-worker] "nx/core/project-json" (pid: 21248) loaded successfully
[1m[33mTime taken for 'nx/js/dependencies-and-lockfile:createNodes' 13.366700000000037ms[39m[22m
[1m[33mTime taken for 'nx/core/package-json:createNodes' 14.785300000000007ms[39m[22m
[isolated-plugin] shutting down worker for "nx/core/package-json" after createNodes
[1m[33mTime taken for 'nx/core/project-json:createNodes' 0.26860000000010587ms[39m[22m
[isolated-plugin] shutting down worker for "nx/core/project-json" after createNodes
[NX v22.7.5 Daemon Server] - 2026-06-14T19:59:45.818Z - Time taken for 'build-project-configs' 1336.421800000593ms
[NX v22.7.5 Daemon Server] - 2026-06-14T19:59:45.818Z - Time taken for 'createNodes:merge' 1.2096999995410442ms
[NX v22.7.5 Daemon Server] - 2026-06-14T19:59:45.818Z - Time taken for 'get-all-workspace-files' 0.1716999989002943ms
[1m[33mTime taken for 'build typescript dependencies' 0.1953000000000884ms[39m[22m
[isolated-plugin] shutting down worker for "nx/js/dependencies-and-lockfile" after createDependencies
[NX v22.7.5 Daemon Server] - 2026-06-14T19:59:45.830Z - [SYNC]: collect registered sync generators
[NX v22.7.5 Daemon Server] - 2026-06-14T19:59:45.831Z - [SYNC]: project graph hash is the same, not collecting task sync generators
[NX v22.7.5 Daemon Server] - 2026-06-14T19:59:45.831Z - [SYNC]: nx.json hash is the same, not collecting global sync generators
[NX v22.7.5 Daemon Server] - 2026-06-14T19:59:45.831Z - Time taken for 'total execution time for createProjectGraph()' 15.977700000628829ms
[NX v22.7.5 Daemon Server] - 2026-06-14T19:59:45.831Z - Time taken for 'createDependencies' 11.790300000458956ms
[NX v22.7.5 Daemon Server] - 2026-06-14T19:59:45.831Z - Time taken for 'nx/js/dependencies-and-lockfile:createDependencies' 11.690799999982119ms
[NX v22.7.5 Daemon Server] - 2026-06-14T19:59:45.831Z - Time taken for 'createMetadata' 0.008400000631809235ms
[NX v22.7.5 Daemon Server] - 2026-06-14T19:59:45.831Z - Time taken for 'serialize graph' 1.6760000009089708ms
DEBUG nx::native::telemetry::service: Sent 1 events: [nx/js/dependencies-and-lockfile:createDe]
[NX v22.7.5 Daemon Server] - 2026-06-14T20:00:32.325Z - [WATCHER]: 0 file(s) created or restored, 2 file(s) modified, 0 file(s) deleted
[NX v22.7.5 Daemon Server] - 2026-06-14T20:00:32.326Z - [WATCHER]: File changes detected:
Created:
(none)
Updated:
  - apps/ledger-accounts-svc/src/accounts/dto/update-account.dto.ts
  - apps/ledger-accounts-svc/src/accounts/dto/create-account.dto.ts
Deleted:
(none)
[NX v22.7.5 Daemon Server] - 2026-06-14T20:00:32.326Z - [SYNC]: clearing sync generators cache due to file changes
[NX v22.7.5 Daemon Server] - 2026-06-14T20:00:32.326Z - [WATCHER]: Processing file changes in outputs
[NX v22.7.5 Daemon Server] - 2026-06-14T20:00:33.943Z - [REQUEST]: Updated workspace context based on watched changes, recomputing project graph...
[NX v22.7.5 Daemon Server] - 2026-06-14T20:00:33.944Z - [REQUEST]: apps/ledger-accounts-svc/src/accounts/dto/update-account.dto.ts,apps/ledger-accounts-svc/src/accounts/dto/create-account.dto.ts
[NX v22.7.5 Daemon Server] - 2026-06-14T20:00:33.944Z - [REQUEST]: 
[plugin-client] restarting worker for "nx/js/dependencies-and-lockfile"
[isolated-plugin] spawned worker for "nx/js/dependencies-and-lockfile" (pid: 29760, socket: \\.\pipe\nx\C:\Users\ANGELA~1\AppData\Local\Temp\plugin26356-63-10592436.6215.sock)
[plugin-client] restarting worker for "nx/core/package-json"
[isolated-plugin] spawned worker for "nx/core/package-json" (pid: 26156, socket: \\.\pipe\nx\C:\Users\ANGELA~1\AppData\Local\Temp\plugin26356-64-10592447.6649.sock)
[plugin-client] restarting worker for "nx/core/project-json"
[isolated-plugin] spawned worker for "nx/core/project-json" (pid: 21780, socket: \\.\pipe\nx\C:\Users\ANGELA~1\AppData\Local\Temp\plugin26356-65-10592458.6627.sock)
[NX v22.7.5 Daemon Server] - 2026-06-14T20:00:33.980Z - Time taken for 'hash changed files from watcher' 0.9653999991714954ms
[isolated-plugin] connected to worker for "nx/js/dependencies-and-lockfile" (pid: 29760)
[plugin-worker] "nx/js/dependencies-and-lockfile" (pid: 29760) listening on \\.\pipe\nx\C:\Users\ANGELA~1\AppData\Local\Temp\plugin26356-63-10592436.6215.sock
[NX v22.7.5 Daemon Server] - 2026-06-14T20:00:34.522Z - Time taken for 'start-plugin-worker:nx/js/dependencies-and-lockfile' 574.151399999857ms
[plugin-worker] "nx/js/dependencies-and-lockfile" (pid: 29760) connected
[1m[33mTime taken for 'plugin worker 29760 code loading' 479.01890000000003ms[39m[22m
[plugin-worker] "nx/core/project-json" (pid: 21780) listening on \\.\pipe\nx\C:\Users\ANGELA~1\AppData\Local\Temp\plugin26356-65-10592458.6627.sock
[1m[33mTime taken for 'plugin worker 21780 code loading' 483.3151ms[39m[22m
[isolated-plugin] connected to worker for "nx/core/project-json" (pid: 21780)
[NX v22.7.5 Daemon Server] - 2026-06-14T20:00:34.552Z - Time taken for 'start-plugin-worker:nx/core/project-json' 583.5185000002384ms
[plugin-worker] "nx/core/project-json" (pid: 21780) connected
[plugin-worker] "nx/core/package-json" (pid: 26156) listening on \\.\pipe\nx\C:\Users\ANGELA~1\AppData\Local\Temp\plugin26356-64-10592447.6649.sock
[1m[33mTime taken for 'plugin worker 26156 code loading' 498.477ms[39m[22m
[isolated-plugin] connected to worker for "nx/core/package-json" (pid: 26156)
[plugin-worker] "nx/core/package-json" (pid: 26156) connected
[NX v22.7.5 Daemon Server] - 2026-06-14T20:00:34.570Z - Time taken for 'start-plugin-worker:nx/core/package-json' 613.1808000002056ms
[plugin-worker] "nx/core/project-json" (pid: 21780) loaded successfully
[plugin-worker] "nx/js/dependencies-and-lockfile" (pid: 29760) loaded successfully
[plugin-worker] "nx/core/package-json" (pid: 26156) loaded successfully
[1m[33mTime taken for 'nx/core/project-json:createNodes' 0.45019999999999527ms[39m[22m
[isolated-plugin] shutting down worker for "nx/core/project-json" after createNodes
[1m[33mTime taken for 'nx/js/dependencies-and-lockfile:createNodes' 12.540899999999965ms[39m[22m
[1m[33mTime taken for 'nx/core/package-json:createNodes' 18.7808ms[39m[22m
[isolated-plugin] shutting down worker for "nx/core/package-json" after createNodes
[NX v22.7.5 Daemon Server] - 2026-06-14T20:00:35.414Z - Time taken for 'build-project-configs' 1460.256400000304ms
[NX v22.7.5 Daemon Server] - 2026-06-14T20:00:35.414Z - Time taken for 'createNodes:merge' 1.4940999988466501ms
[NX v22.7.5 Daemon Server] - 2026-06-14T20:00:35.414Z - Time taken for 'get-all-workspace-files' 0.20539999939501286ms
[1m[33mTime taken for 'build typescript dependencies' 3.111599999999953ms[39m[22m
[isolated-plugin] shutting down worker for "nx/js/dependencies-and-lockfile" after createDependencies
[NX v22.7.5 Daemon Server] - 2026-06-14T20:00:35.439Z - [SYNC]: collect registered sync generators
[NX v22.7.5 Daemon Server] - 2026-06-14T20:00:35.440Z - [SYNC]: project graph hash is the same, not collecting task sync generators
[NX v22.7.5 Daemon Server] - 2026-06-14T20:00:35.440Z - [SYNC]: nx.json hash is the same, not collecting global sync generators
[NX v22.7.5 Daemon Server] - 2026-06-14T20:00:35.440Z - Time taken for 'total execution time for createProjectGraph()' 28.765300000086427ms
[NX v22.7.5 Daemon Server] - 2026-06-14T20:00:35.440Z - Time taken for 'createDependencies' 22.34800000116229ms
[NX v22.7.5 Daemon Server] - 2026-06-14T20:00:35.440Z - Time taken for 'nx/js/dependencies-and-lockfile:createDependencies' 22.198300000280142ms
[NX v22.7.5 Daemon Server] - 2026-06-14T20:00:35.440Z - Time taken for 'createMetadata' 0.016499999910593033ms
[NX v22.7.5 Daemon Server] - 2026-06-14T20:00:35.440Z - Time taken for 'serialize graph' 3.8936000000685453ms
DEBUG nx::native::telemetry::service: Sent 1 events: [nx/js/dependencies-and-lockfile:createDe]
[NX v22.7.5 Daemon Server] - 2026-06-14T20:00:45.221Z - Established a connection. Number of open connections: 1
[NX v22.7.5 Daemon Server] - 2026-06-14T20:00:45.224Z - Closed a connection. Number of open connections: 0
[NX v22.7.5 Daemon Server] - 2026-06-14T20:00:45.224Z - Established a connection. Number of open connections: 1
[NX v22.7.5 Daemon Server] - 2026-06-14T20:00:45.224Z - Closed a connection. Number of open connections: 0
[NX v22.7.5 Daemon Server] - 2026-06-14T20:00:45.225Z - Established a connection. Number of open connections: 1
[NX v22.7.5 Daemon Client] - 2026-06-14T20:00:45.225Z - [Messenger] Setting up socket listeners
[NX v22.7.5 Daemon Client] - 2026-06-14T20:00:45.226Z - [Messenger] listen() complete
[NX v22.7.5 Daemon Client] - 2026-06-14T20:00:45.660Z - [Messenger] Sending message type: GET_NX_CONSOLE_STATUS
[NX v22.7.5 Daemon Client] - 2026-06-14T20:00:45.661Z - [Messenger] Message sent
[NX v22.7.5 Daemon Server] - 2026-06-14T20:00:45.663Z - Received raw message of length 6221
[NX v22.7.5 Daemon Server] - 2026-06-14T20:00:45.664Z - Received json message of type GET_NX_CONSOLE_STATUS
[NX v22.7.5 Daemon Server] - 2026-06-14T20:00:45.664Z - Refreshing env var ANTIGRAVITY_SOURCE_METADATA from client connection.
[NX v22.7.5 Daemon Server] - 2026-06-14T20:00:45.664Z - Graph recompute necessary due to env variable refresh
[NX v22.7.5 Daemon Server] - 2026-06-14T20:00:45.664Z - Serializing response for GET_NX_CONSOLE_STATUS message in json mode
[NX v22.7.5 Daemon Server] - 2026-06-14T20:00:45.664Z - Responding to GET_NX_CONSOLE_STATUS message
[NX v22.7.5 Daemon Server] - 2026-06-14T20:00:45.665Z - [REQUEST]: Responding to the client. handleGetNxConsoleStatus
[NX v22.7.5 Daemon Server] - 2026-06-14T20:00:45.665Z - Done responding to the client handleGetNxConsoleStatus
[NX v22.7.5 Daemon Server] - 2026-06-14T20:00:45.665Z - Handled json message GET_NX_CONSOLE_STATUS. Handling time: 0. Response time: 1.
[NX v22.7.5 Daemon Client] - 2026-06-14T20:00:45.665Z - [Messenger] Received message, length: 22
[NX v22.7.5 Daemon Client] - 2026-06-14T20:00:45.794Z - [Messenger] Sending message type: REQUEST_PROJECT_GRAPH
[NX v22.7.5 Daemon Client] - 2026-06-14T20:00:45.795Z - [Messenger] Message sent
[NX v22.7.5 Daemon Server] - 2026-06-14T20:00:45.796Z - Received raw message of length 32
[NX v22.7.5 Daemon Server] - 2026-06-14T20:00:45.796Z - Received json message of type REQUEST_PROJECT_GRAPH
[NX v22.7.5 Daemon Server] - 2026-06-14T20:00:45.796Z - [REQUEST]: Client Request for Project Graph Received
[NX v22.7.5 Daemon Server] - 2026-06-14T20:00:45.797Z - [REQUEST]: Updated workspace context based on watched changes, recomputing project graph...
[NX v22.7.5 Daemon Server] - 2026-06-14T20:00:45.797Z - [REQUEST]: 
[NX v22.7.5 Daemon Server] - 2026-06-14T20:00:45.797Z - [REQUEST]: 
[NX v22.7.5 Daemon Server] - 2026-06-14T20:00:45.797Z - No files changed, but no in-memory cached project graph found. Recomputing it...
[NX v22.7.5 Daemon Server] - 2026-06-14T20:00:45.798Z - Streaming message to client: progress update for topic graph-construction
[NX v22.7.5 Daemon Client] - 2026-06-14T20:00:45.798Z - [Messenger] Received message, length: 47
[plugin-client] restarting worker for "nx/js/dependencies-and-lockfile"
[isolated-plugin] spawned worker for "nx/js/dependencies-and-lockfile" (pid: 12464, socket: \\.\pipe\nx\C:\Users\ANGELA~1\AppData\Local\Temp\plugin26356-66-10604290.0081.sock)
[plugin-client] restarting worker for "nx/core/package-json"
[isolated-plugin] spawned worker for "nx/core/package-json" (pid: 20752, socket: \\.\pipe\nx\C:\Users\ANGELA~1\AppData\Local\Temp\plugin26356-67-10604300.1475.sock)
[plugin-client] restarting worker for "nx/core/project-json"
[isolated-plugin] spawned worker for "nx/core/project-json" (pid: 31884, socket: \\.\pipe\nx\C:\Users\ANGELA~1\AppData\Local\Temp\plugin26356-68-10604310.6404.sock)
[NX v22.7.5 Daemon Server] - 2026-06-14T20:00:45.830Z - Time taken for 'hash changed files from watcher' 0.24840000085532665ms
[isolated-plugin] connected to worker for "nx/core/package-json" (pid: 20752)
[plugin-worker] "nx/core/package-json" (pid: 20752) listening on \\.\pipe\nx\C:\Users\ANGELA~1\AppData\Local\Temp\plugin26356-67-10604300.1475.sock
[NX v22.7.5 Daemon Server] - 2026-06-14T20:00:46.401Z - Time taken for 'start-plugin-worker:nx/core/package-json' 591.6198000013828ms
[plugin-worker] "nx/core/package-json" (pid: 20752) connected
[1m[33mTime taken for 'plugin worker 20752 code loading' 478.2982999999999ms[39m[22m
[plugin-worker] "nx/core/project-json" (pid: 31884) listening on \\.\pipe\nx\C:\Users\ANGELA~1\AppData\Local\Temp\plugin26356-68-10604310.6404.sock
[1m[33mTime taken for 'plugin worker 31884 code loading' 478.90639999999996ms[39m[22m
[isolated-plugin] connected to worker for "nx/core/project-json" (pid: 31884)
[NX v22.7.5 Daemon Server] - 2026-06-14T20:00:46.417Z - Time taken for 'start-plugin-worker:nx/core/project-json' 596.3234000001103ms
[plugin-worker] "nx/core/project-json" (pid: 31884) connected
[plugin-worker] "nx/js/dependencies-and-lockfile" (pid: 12464) listening on \\.\pipe\nx\C:\Users\ANGELA~1\AppData\Local\Temp\plugin26356-66-10604290.0081.sock
[1m[33mTime taken for 'plugin worker 12464 code loading' 497.9845ms[39m[22m
[isolated-plugin] connected to worker for "nx/js/dependencies-and-lockfile" (pid: 12464)
[NX v22.7.5 Daemon Server] - 2026-06-14T20:00:46.435Z - Time taken for 'start-plugin-worker:nx/js/dependencies-and-lockfile' 635.4550999999046ms
[plugin-worker] "nx/js/dependencies-and-lockfile" (pid: 12464) connected
[plugin-worker] "nx/core/package-json" (pid: 20752) loaded successfully
[plugin-worker] "nx/core/project-json" (pid: 31884) loaded successfully
[plugin-worker] "nx/js/dependencies-and-lockfile" (pid: 12464) loaded successfully
[1m[33mTime taken for 'nx/core/project-json:createNodes' 0.49119999999993524ms[39m[22m
[isolated-plugin] shutting down worker for "nx/core/project-json" after createNodes
[NX v22.7.5 Daemon Server] - 2026-06-14T20:00:47.262Z - Streaming message to client: progress update for topic graph-construction
[NX v22.7.5 Daemon Client] - 2026-06-14T20:00:47.262Z - [Messenger] Received message, length: 153
[1m[33mTime taken for 'nx/core/package-json:createNodes' 27.45530000000008ms[39m[22m
[isolated-plugin] shutting down worker for "nx/core/package-json" after createNodes
[NX v22.7.5 Daemon Server] - 2026-06-14T20:00:47.279Z - Streaming message to client: progress update for topic graph-construction
[NX v22.7.5 Daemon Client] - 2026-06-14T20:00:47.280Z - [Messenger] Received message, length: 112
[1m[33mTime taken for 'nx/js/dependencies-and-lockfile:createNodes' 8.848900000000185ms[39m[22m
[NX v22.7.5 Daemon Server] - 2026-06-14T20:00:47.307Z - Streaming message to client: progress update for topic graph-construction
[NX v22.7.5 Daemon Client] - 2026-06-14T20:00:47.307Z - [Messenger] Received message, length: 47
[NX v22.7.5 Daemon Server] - 2026-06-14T20:00:47.314Z - Streaming message to client: progress update for topic graph-construction
[NX v22.7.5 Daemon Server] - 2026-06-14T20:00:47.316Z - Time taken for 'build-project-configs' 1510.882400000468ms
[NX v22.7.5 Daemon Server] - 2026-06-14T20:00:47.316Z - Time taken for 'createNodes:merge' 1.357599999755621ms
[NX v22.7.5 Daemon Server] - 2026-06-14T20:00:47.316Z - Time taken for 'get-all-workspace-files' 0.18490000069141388ms
[NX v22.7.5 Daemon Client] - 2026-06-14T20:00:47.319Z - [Messenger] Received message, length: 47
[1m[33mTime taken for 'build typescript dependencies' 0.3326000000001841ms[39m[22m
[isolated-plugin] shutting down worker for "nx/js/dependencies-and-lockfile" after createDependencies
[NX v22.7.5 Daemon Server] - 2026-06-14T20:00:47.331Z - Streaming message to client: progress update for topic graph-construction
[NX v22.7.5 Daemon Client] - 2026-06-14T20:00:47.332Z - [Messenger] Received message, length: 47
[NX v22.7.5 Daemon Server] - 2026-06-14T20:00:47.354Z - Wrote project graph cache to C:\Users\Angel Aubrey\Documents\stone-cap\Finance-System_Capstone-1\backend\.nx\workspace-data\project-graph.json
[NX v22.7.5 Daemon Server] - 2026-06-14T20:00:47.354Z - Serializing response for REQUEST_PROJECT_GRAPH message in json mode
[NX v22.7.5 Daemon Server] - 2026-06-14T20:00:47.354Z - Responding to REQUEST_PROJECT_GRAPH message
[NX v22.7.5 Daemon Server] - 2026-06-14T20:00:47.354Z - [REQUEST]: Responding to the client. project-graph
[NX v22.7.5 Daemon Server] - 2026-06-14T20:00:47.355Z - Time taken for 'total for creating and serializing project graph' 1558.5052000004798ms
[NX v22.7.5 Daemon Server] - 2026-06-14T20:00:47.355Z - Time taken for 'total execution time for createProjectGraph()' 25.9375ms
[NX v22.7.5 Daemon Server] - 2026-06-14T20:00:47.355Z - Time taken for 'createDependencies' 20.655600000172853ms
[NX v22.7.5 Daemon Server] - 2026-06-14T20:00:47.355Z - Time taken for 'nx/js/dependencies-and-lockfile:createDependencies' 20.358799999579787ms
[NX v22.7.5 Daemon Server] - 2026-06-14T20:00:47.355Z - Time taken for 'createMetadata' 0.01719999872148037ms
[NX v22.7.5 Daemon Server] - 2026-06-14T20:00:47.355Z - Time taken for 'serialize graph' 2.612999999895692ms
[NX v22.7.5 Daemon Server] - 2026-06-14T20:00:47.355Z - Time taken for 'write cache' 16.10920000076294ms
[NX v22.7.5 Daemon Server] - 2026-06-14T20:00:47.362Z - Done responding to the client project-graph
[NX v22.7.5 Daemon Server] - 2026-06-14T20:00:47.362Z - Handled json message REQUEST_PROJECT_GRAPH. Handling time: 1558. Response time: 8.
[NX v22.7.5 Daemon Client] - 2026-06-14T20:00:47.363Z - [Messenger] Received message, length: 402156
[NX v22.7.5 Daemon Client] - 2026-06-14T20:00:47.374Z - [Messenger] Sending message type: PRE_TASKS_EXECUTION
[NX v22.7.5 Daemon Client] - 2026-06-14T20:00:47.375Z - [Messenger] Message sent
[NX v22.7.5 Daemon Server] - 2026-06-14T20:00:47.378Z - Received raw message of length 465
[NX v22.7.5 Daemon Server] - 2026-06-14T20:00:47.378Z - Received json message of type PRE_TASKS_EXECUTION
[NX v22.7.5 Daemon Server] - 2026-06-14T20:00:47.379Z - Serializing response for PRE_TASKS_EXECUTION message in json mode
[NX v22.7.5 Daemon Server] - 2026-06-14T20:00:47.379Z - Responding to PRE_TASKS_EXECUTION message
[NX v22.7.5 Daemon Server] - 2026-06-14T20:00:47.379Z - [REQUEST]: Responding to the client. handleRunPreTasksExecution
[NX v22.7.5 Daemon Server] - 2026-06-14T20:00:47.379Z - Time taken for 'preTasksExecution' 0.5650000013411045ms
[NX v22.7.5 Daemon Server] - 2026-06-14T20:00:47.379Z - Done responding to the client handleRunPreTasksExecution
[NX v22.7.5 Daemon Server] - 2026-06-14T20:00:47.379Z - Handled json message PRE_TASKS_EXECUTION. Handling time: 1. Response time: 0.
[NX v22.7.5 Daemon Client] - 2026-06-14T20:00:47.379Z - [Messenger] Received message, length: 2
[NX v22.7.5 Daemon Client] - 2026-06-14T20:00:47.443Z - [Messenger] Sending message type: HASH_TASKS
[NX v22.7.5 Daemon Client] - 2026-06-14T20:00:47.444Z - [Messenger] Message sent
[NX v22.7.5 Daemon Server] - 2026-06-14T20:00:47.445Z - Received raw message of length 8819
[NX v22.7.5 Daemon Server] - 2026-06-14T20:00:47.445Z - Received json message of type HASH_TASKS
[NX v22.7.5 Daemon Server] - 2026-06-14T20:00:47.446Z - Reusing in-memory cached project graph because no files changed.
DEBUG nx::native::tasks::hash_planner: get_plans_internal COMPLETED in 2.1357ms - processed 1 tasks (setup: 1.4625ms, parallel_planning: 667.7µs)
DEBUG nx::native::tasks::hashers::hash_workspace_files: Hashing workspace fileset with inputs: Adding "4121383594453999496" ("nx.json") to hash
DEBUG nx::native::tasks::hashers::hash_workspace_files: Hashing workspace fileset with inputs: Hash Value: "11519682898367188692"
DEBUG nx::native::tasks::task_hasher: hash_plans COMPLETED in 16.0492ms - processed 1 plans (setup: 187.3µs, hashing: 15.8602ms, assembly: 1.3072ms)
[NX v22.7.5 Daemon Server] - 2026-06-14T20:00:47.470Z - Serializing response for HASH_TASKS message in json mode
[NX v22.7.5 Daemon Server] - 2026-06-14T20:00:47.470Z - Responding to HASH_TASKS message
[NX v22.7.5 Daemon Server] - 2026-06-14T20:00:47.470Z - [REQUEST]: Responding to the client. handleHashTasks
[NX v22.7.5 Daemon Client] - 2026-06-14T20:00:47.470Z - [Messenger] Received message, length: 31847
[NX v22.7.5 Daemon Server] - 2026-06-14T20:00:47.471Z - Done responding to the client handleHashTasks
[NX v22.7.5 Daemon Server] - 2026-06-14T20:00:47.471Z - Handled json message HASH_TASKS. Handling time: 25. Response time: 1.
[NX v22.7.5 Daemon Client] - 2026-06-14T20:00:47.491Z - [Messenger] Sending message type: GET_ESTIMATED_TASK_TIMINGS
[NX v22.7.5 Daemon Client] - 2026-06-14T20:00:47.491Z - [Messenger] Message sent
[NX v22.7.5 Daemon Server] - 2026-06-14T20:00:47.496Z - Received raw message of length 100
[NX v22.7.5 Daemon Server] - 2026-06-14T20:00:47.496Z - Received json message of type GET_ESTIMATED_TASK_TIMINGS
[NX v22.7.5 Daemon Server] - 2026-06-14T20:00:47.497Z - Serializing response for GET_ESTIMATED_TASK_TIMINGS message in json mode
[NX v22.7.5 Daemon Server] - 2026-06-14T20:00:47.497Z - Responding to GET_ESTIMATED_TASK_TIMINGS message
[NX v22.7.5 Daemon Server] - 2026-06-14T20:00:47.497Z - [REQUEST]: Responding to the client. handleGetEstimatedTaskTimings
[NX v22.7.5 Daemon Server] - 2026-06-14T20:00:47.497Z - Done responding to the client handleGetEstimatedTaskTimings
[NX v22.7.5 Daemon Server] - 2026-06-14T20:00:47.497Z - Handled json message GET_ESTIMATED_TASK_TIMINGS. Handling time: 1. Response time: 0.
[NX v22.7.5 Daemon Client] - 2026-06-14T20:00:47.497Z - [Messenger] Received message, length: 2
DEBUG nx::native::telemetry::service: Sent 1 events: [nx/js/dependencies-and-lockfile:createDe]
[NX v22.7.5 Daemon Server] - 2026-06-14T20:00:49.870Z - [WATCHER]: apps/ledger-accounts-svc/dist was deleted
[NX v22.7.5 Daemon Server] - 2026-06-14T20:00:49.871Z - [WATCHER]: File changes detected:
Created:
(none)
Updated:
(none)
Deleted:
  - apps/ledger-accounts-svc/dist
[NX v22.7.5 Daemon Server] - 2026-06-14T20:00:49.871Z - [SYNC]: clearing sync generators cache due to file changes
[NX v22.7.5 Daemon Server] - 2026-06-14T20:00:49.871Z - [WATCHER]: Processing file changes in outputs
[NX v22.7.5 Daemon Server] - 2026-06-14T20:00:49.982Z - [REQUEST]: Updated workspace context based on watched changes, recomputing project graph...
[NX v22.7.5 Daemon Server] - 2026-06-14T20:00:49.982Z - [REQUEST]: 
[NX v22.7.5 Daemon Server] - 2026-06-14T20:00:49.982Z - [REQUEST]: apps/ledger-accounts-svc/dist
[plugin-client] restarting worker for "nx/js/dependencies-and-lockfile"
[isolated-plugin] spawned worker for "nx/js/dependencies-and-lockfile" (pid: 13372, socket: \\.\pipe\nx\C:\Users\ANGELA~1\AppData\Local\Temp\plugin26356-69-10608474.9737.sock)
[plugin-client] restarting worker for "nx/core/package-json"
[isolated-plugin] spawned worker for "nx/core/package-json" (pid: 32076, socket: \\.\pipe\nx\C:\Users\ANGELA~1\AppData\Local\Temp\plugin26356-70-10608483.934.sock)
[plugin-client] restarting worker for "nx/core/project-json"
[isolated-plugin] spawned worker for "nx/core/project-json" (pid: 30440, socket: \\.\pipe\nx\C:\Users\ANGELA~1\AppData\Local\Temp\plugin26356-71-10608493.2575.sock)
[NX v22.7.5 Daemon Server] - 2026-06-14T20:00:50.012Z - Time taken for 'hash changed files from watcher' 0.32510000094771385ms
[isolated-plugin] connected to worker for "nx/js/dependencies-and-lockfile" (pid: 13372)
[plugin-worker] "nx/js/dependencies-and-lockfile" (pid: 13372) listening on \\.\pipe\nx\C:\Users\ANGELA~1\AppData\Local\Temp\plugin26356-69-10608474.9737.sock
[NX v22.7.5 Daemon Server] - 2026-06-14T20:00:50.528Z - Time taken for 'start-plugin-worker:nx/js/dependencies-and-lockfile' 542.8903000000864ms
[plugin-worker] "nx/js/dependencies-and-lockfile" (pid: 13372) connected
[1m[33mTime taken for 'plugin worker 13372 code loading' 461.2846ms[39m[22m
[plugin-worker] "nx/core/package-json" (pid: 32076) listening on \\.\pipe\nx\C:\Users\ANGELA~1\AppData\Local\Temp\plugin26356-70-10608483.934.sock
[isolated-plugin] connected to worker for "nx/core/package-json" (pid: 32076)
[1m[33mTime taken for 'plugin worker 32076 code loading' 479.5949ms[39m[22m
[NX v22.7.5 Daemon Server] - 2026-06-14T20:00:50.557Z - Time taken for 'start-plugin-worker:nx/core/package-json' 563.57320000045ms
[plugin-worker] "nx/core/project-json" (pid: 30440) listening on \\.\pipe\nx\C:\Users\ANGELA~1\AppData\Local\Temp\plugin26356-71-10608493.2575.sock
[plugin-worker] "nx/core/package-json" (pid: 32076) connected
[1m[33mTime taken for 'plugin worker 30440 code loading' 465.1619ms[39m[22m
[isolated-plugin] connected to worker for "nx/core/project-json" (pid: 30440)
[plugin-worker] "nx/core/project-json" (pid: 30440) connected
[NX v22.7.5 Daemon Server] - 2026-06-14T20:00:50.576Z - Time taken for 'start-plugin-worker:nx/core/project-json' 572.9298000000417ms
[plugin-worker] "nx/js/dependencies-and-lockfile" (pid: 13372) loaded successfully
[plugin-worker] "nx/core/project-json" (pid: 30440) loaded successfully
[plugin-worker] "nx/core/package-json" (pid: 32076) loaded successfully
[1m[33mTime taken for 'nx/core/project-json:createNodes' 0.5293000000001484ms[39m[22m
[isolated-plugin] shutting down worker for "nx/core/project-json" after createNodes
[1m[33mTime taken for 'nx/js/dependencies-and-lockfile:createNodes' 12.45659999999998ms[39m[22m
[1m[33mTime taken for 'nx/core/package-json:createNodes' 19.389599999999973ms[39m[22m
[isolated-plugin] shutting down worker for "nx/core/package-json" after createNodes
[NX v22.7.5 Daemon Server] - 2026-06-14T20:00:51.390Z - Time taken for 'build-project-configs' 1398.1411999985576ms
[NX v22.7.5 Daemon Server] - 2026-06-14T20:00:51.390Z - Time taken for 'createNodes:merge' 1.0395999997854233ms
[NX v22.7.5 Daemon Server] - 2026-06-14T20:00:51.390Z - Time taken for 'get-all-workspace-files' 0.22570000030100346ms
[1m[33mTime taken for 'build typescript dependencies' 0.2582999999999629ms[39m[22m
[isolated-plugin] shutting down worker for "nx/js/dependencies-and-lockfile" after createDependencies
[NX v22.7.5 Daemon Server] - 2026-06-14T20:00:51.405Z - [SYNC]: collect registered sync generators
[NX v22.7.5 Daemon Server] - 2026-06-14T20:00:51.406Z - [SYNC]: project graph hash is the same, not collecting task sync generators
[NX v22.7.5 Daemon Server] - 2026-06-14T20:00:51.406Z - [SYNC]: nx.json hash is the same, not collecting global sync generators
[NX v22.7.5 Daemon Server] - 2026-06-14T20:00:51.406Z - Time taken for 'total execution time for createProjectGraph()' 20.10469999909401ms
[NX v22.7.5 Daemon Server] - 2026-06-14T20:00:51.406Z - Time taken for 'createDependencies' 14.285900000482798ms
[NX v22.7.5 Daemon Server] - 2026-06-14T20:00:51.406Z - Time taken for 'nx/js/dependencies-and-lockfile:createDependencies' 14.16440000012517ms
[NX v22.7.5 Daemon Server] - 2026-06-14T20:00:51.406Z - Time taken for 'createMetadata' 0.00989999994635582ms
[NX v22.7.5 Daemon Server] - 2026-06-14T20:00:51.406Z - Time taken for 'serialize graph' 1.9129000008106232ms
DEBUG nx::native::telemetry::service: Sent 1 events: [nx/js/dependencies-and-lockfile:createDe]
[NX v22.7.5 Daemon Server] - 2026-06-14T20:00:53.575Z - [WATCHER]: 0 file(s) created or restored, 0 file(s) modified, 0 file(s) deleted
[NX v22.7.5 Daemon Server] - 2026-06-14T20:00:53.778Z - [REQUEST]: Updated workspace context based on watched changes, recomputing project graph...
[NX v22.7.5 Daemon Server] - 2026-06-14T20:00:53.778Z - [REQUEST]: 
[NX v22.7.5 Daemon Server] - 2026-06-14T20:00:53.778Z - [REQUEST]: 
[plugin-client] restarting worker for "nx/js/dependencies-and-lockfile"
[isolated-plugin] spawned worker for "nx/js/dependencies-and-lockfile" (pid: 22308, socket: \\.\pipe\nx\C:\Users\ANGELA~1\AppData\Local\Temp\plugin26356-72-10612270.268.sock)
[plugin-client] restarting worker for "nx/core/package-json"
[isolated-plugin] spawned worker for "nx/core/package-json" (pid: 24344, socket: \\.\pipe\nx\C:\Users\ANGELA~1\AppData\Local\Temp\plugin26356-73-10612283.8599.sock)
[plugin-client] restarting worker for "nx/core/project-json"
[isolated-plugin] spawned worker for "nx/core/project-json" (pid: 1808, socket: \\.\pipe\nx\C:\Users\ANGELA~1\AppData\Local\Temp\plugin26356-74-10612296.3606.sock)
[NX v22.7.5 Daemon Server] - 2026-06-14T20:00:53.822Z - Time taken for 'hash changed files from watcher' 0.48769999854266644ms
[NX v22.7.5 Daemon Server] - 2026-06-14T20:00:53.921Z - [WATCHER]: 0 file(s) created or restored, 0 file(s) modified, 0 file(s) deleted
[NX v22.7.5 Daemon Server] - 2026-06-14T20:00:54.337Z - [REQUEST]: Updated workspace context based on watched changes, recomputing project graph...
[NX v22.7.5 Daemon Server] - 2026-06-14T20:00:54.337Z - [REQUEST]: 
[NX v22.7.5 Daemon Server] - 2026-06-14T20:00:54.337Z - [REQUEST]: 
[NX v22.7.5 Daemon Server] - 2026-06-14T20:00:54.341Z - Time taken for 'hash changed files from watcher' 0.3745000008493662ms
[plugin-worker] "nx/core/project-json" (pid: 1808) listening on \\.\pipe\nx\C:\Users\ANGELA~1\AppData\Local\Temp\plugin26356-74-10612296.3606.sock
[1m[33mTime taken for 'plugin worker 1808 code loading' 670.7278ms[39m[22m
[plugin-worker] "nx/js/dependencies-and-lockfile" (pid: 22308) listening on \\.\pipe\nx\C:\Users\ANGELA~1\AppData\Local\Temp\plugin26356-72-10612270.268.sock
[1m[33mTime taken for 'plugin worker 22308 code loading' 698.0878ms[39m[22m
[isolated-plugin] connected to worker for "nx/core/project-json" (pid: 1808)
[isolated-plugin] connected to worker for "nx/js/dependencies-and-lockfile" (pid: 22308)
[plugin-worker] "nx/js/dependencies-and-lockfile" (pid: 22308) connected
[plugin-worker] "nx/core/project-json" (pid: 1808) connected
[NX v22.7.5 Daemon Server] - 2026-06-14T20:00:54.617Z - Time taken for 'start-plugin-worker:nx/js/dependencies-and-lockfile' 836.7736000008881ms
[NX v22.7.5 Daemon Server] - 2026-06-14T20:00:54.617Z - Time taken for 'start-plugin-worker:nx/core/project-json' 809.8804999999702ms
[plugin-worker] "nx/core/package-json" (pid: 24344) listening on \\.\pipe\nx\C:\Users\ANGELA~1\AppData\Local\Temp\plugin26356-73-10612283.8599.sock
[isolated-plugin] connected to worker for "nx/core/package-json" (pid: 24344)
[NX v22.7.5 Daemon Server] - 2026-06-14T20:00:54.629Z - Time taken for 'start-plugin-worker:nx/core/package-json' 835.2225999999791ms
[1m[33mTime taken for 'plugin worker 24344 code loading' 701.4445ms[39m[22m
[plugin-worker] "nx/core/package-json" (pid: 24344) connected
[plugin-worker] "nx/core/project-json" (pid: 1808) loaded successfully
[plugin-worker] "nx/core/package-json" (pid: 24344) loaded successfully
[plugin-worker] "nx/js/dependencies-and-lockfile" (pid: 22308) loaded successfully
[NX v22.7.5 Daemon Server] - 2026-06-14T20:00:55.503Z - [WATCHER]: 0 file(s) created or restored, 0 file(s) modified, 0 file(s) deleted
[NX v22.7.5 Daemon Client] - 2026-06-14T20:00:55.514Z - [Messenger] Sending message type: RECORD_OUTPUTS_HASH_BATCH
[NX v22.7.5 Daemon Client] - 2026-06-14T20:00:55.515Z - [Messenger] Message sent
[NX v22.7.5 Daemon Server] - 2026-06-14T20:00:55.517Z - Received raw message of length 220
[NX v22.7.5 Daemon Server] - 2026-06-14T20:00:55.517Z - Received json message of type RECORD_OUTPUTS_HASH_BATCH
[NX v22.7.5 Daemon Server] - 2026-06-14T20:00:55.551Z - Serializing response for RECORD_OUTPUTS_HASH_BATCH message in json mode
[NX v22.7.5 Daemon Server] - 2026-06-14T20:00:55.552Z - Responding to RECORD_OUTPUTS_HASH_BATCH message
[NX v22.7.5 Daemon Server] - 2026-06-14T20:00:55.552Z - [REQUEST]: Responding to the client. recordOutputsHashBatch
[NX v22.7.5 Daemon Client] - 2026-06-14T20:00:55.552Z - [Messenger] Received message, length: 2
[isolated-plugin] shutting down worker for "nx/core/project-json" after createNodes
[NX v22.7.5 Daemon Server] - 2026-06-14T20:00:55.555Z - Done responding to the client recordOutputsHashBatch
[NX v22.7.5 Daemon Server] - 2026-06-14T20:00:55.555Z - Handled json message RECORD_OUTPUTS_HASH_BATCH. Handling time: 34. Response time: 4.
[NX v22.7.5 Daemon Client] - 2026-06-14T20:00:55.559Z - [Messenger] Sending message type: RECORD_TASK_RUNS
[NX v22.7.5 Daemon Client] - 2026-06-14T20:00:55.560Z - [Messenger] Message sent
[NX v22.7.5 Daemon Server] - 2026-06-14T20:00:55.562Z - Received raw message of length 220
[NX v22.7.5 Daemon Server] - 2026-06-14T20:00:55.562Z - Received json message of type RECORD_TASK_RUNS
[NX v22.7.5 Daemon Server] - 2026-06-14T20:00:55.567Z - Serializing response for RECORD_TASK_RUNS message in json mode
[NX v22.7.5 Daemon Server] - 2026-06-14T20:00:55.567Z - Responding to RECORD_TASK_RUNS message
[NX v22.7.5 Daemon Server] - 2026-06-14T20:00:55.568Z - [REQUEST]: Responding to the client. handleRecordTaskRuns
[NX v22.7.5 Daemon Server] - 2026-06-14T20:00:55.568Z - Done responding to the client handleRecordTaskRuns
[NX v22.7.5 Daemon Server] - 2026-06-14T20:00:55.568Z - Handled json message RECORD_TASK_RUNS. Handling time: 5. Response time: 1.
[NX v22.7.5 Daemon Client] - 2026-06-14T20:00:55.568Z - [Messenger] Received message, length: 4
[NX v22.7.5 Daemon Server] - 2026-06-14T20:00:55.570Z - Established a connection. Number of open connections: 2
[NX v22.7.5 Daemon Server] - 2026-06-14T20:00:55.571Z - Closed a connection. Number of open connections: 1
[NX v22.7.5 Daemon Client] - 2026-06-14T20:00:55.571Z - [Messenger] Sending message type: GET_CONFIGURE_AI_AGENTS_STATUS
[NX v22.7.5 Daemon Client] - 2026-06-14T20:00:55.571Z - [Messenger] Message sent
[NX v22.7.5 Daemon Server] - 2026-06-14T20:00:55.574Z - Received raw message of length 41
[NX v22.7.5 Daemon Server] - 2026-06-14T20:00:55.574Z - Received json message of type GET_CONFIGURE_AI_AGENTS_STATUS
[NX v22.7.5 Daemon Server] - 2026-06-14T20:00:55.574Z - [AI-AGENTS]: Returning cached agent configuration status
[NX v22.7.5 Daemon Server] - 2026-06-14T20:00:55.574Z - Serializing response for GET_CONFIGURE_AI_AGENTS_STATUS message in json mode
[NX v22.7.5 Daemon Server] - 2026-06-14T20:00:55.574Z - Responding to GET_CONFIGURE_AI_AGENTS_STATUS message
[NX v22.7.5 Daemon Server] - 2026-06-14T20:00:55.574Z - [REQUEST]: Responding to the client. handleGetConfigureAiAgentsStatus
[NX v22.7.5 Daemon Server] - 2026-06-14T20:00:55.574Z - Done responding to the client handleGetConfigureAiAgentsStatus
[NX v22.7.5 Daemon Server] - 2026-06-14T20:00:55.574Z - Handled json message GET_CONFIGURE_AI_AGENTS_STATUS. Handling time: 0. Response time: 0.
[NX v22.7.5 Daemon Client] - 2026-06-14T20:00:55.574Z - [Messenger] Received message, length: 104
[NX v22.7.5 Daemon Client] - 2026-06-14T20:00:55.576Z - [Messenger] Sending message type: POST_TASKS_EXECUTION
[NX v22.7.5 Daemon Client] - 2026-06-14T20:00:55.577Z - [Messenger] Message sent
[NX v22.7.5 Daemon Server] - 2026-06-14T20:00:55.578Z - Received raw message of length 32844
[NX v22.7.5 Daemon Server] - 2026-06-14T20:00:55.579Z - Received json message of type POST_TASKS_EXECUTION
[NX v22.7.5 Daemon Server] - 2026-06-14T20:00:55.580Z - Serializing response for POST_TASKS_EXECUTION message in json mode
[NX v22.7.5 Daemon Server] - 2026-06-14T20:00:55.580Z - Responding to POST_TASKS_EXECUTION message
[NX v22.7.5 Daemon Server] - 2026-06-14T20:00:55.580Z - [REQUEST]: Responding to the client. handleRunPostTasksExecution
[NX v22.7.5 Daemon Server] - 2026-06-14T20:00:55.580Z - Time taken for 'postTasksExecution' 0.5641999989748001ms
[NX v22.7.5 Daemon Server] - 2026-06-14T20:00:55.581Z - [WATCHER]: 0 file(s) created or restored, 0 file(s) modified, 0 file(s) deleted
[NX v22.7.5 Daemon Server] - 2026-06-14T20:00:55.581Z - Done responding to the client handleRunPostTasksExecution
[NX v22.7.5 Daemon Server] - 2026-06-14T20:00:55.581Z - Handled json message POST_TASKS_EXECUTION. Handling time: 1. Response time: 1.
[NX v22.7.5 Daemon Client] - 2026-06-14T20:00:55.581Z - [Messenger] Received message, length: 4
[1m[33mTime taken for 'nx/js/dependencies-and-lockfile:createNodes' 12.580200000000104ms[39m[22m
[1m[33mTime taken for 'nx/js/dependencies-and-lockfile:createNodes' 12.88980000000015ms[39m[22m
[1m[33mTime taken for 'nx/core/package-json:createNodes' 16.068199999999933ms[39m[22m
[1m[33mTime taken for 'nx/core/package-json:createNodes' 16.301500000000033ms[39m[22m
[isolated-plugin] shutting down worker for "nx/core/package-json" after createNodes
[NX v22.7.5 Daemon Server] - 2026-06-14T20:00:55.644Z - Time taken for 'build-project-configs' 1291.8037000000477ms
[NX v22.7.5 Daemon Server] - 2026-06-14T20:00:55.644Z - Time taken for 'build-project-configs' 1293.2762000001967ms
[NX v22.7.5 Daemon Server] - 2026-06-14T20:00:55.644Z - Time taken for 'createNodes:merge' 1.6672999989241362ms
[NX v22.7.5 Daemon Server] - 2026-06-14T20:00:55.644Z - Time taken for 'createNodes:merge' 1.379900000989437ms
[NX v22.7.5 Daemon Server] - 2026-06-14T20:00:55.644Z - Time taken for 'get-all-workspace-files' 0.2838000003248453ms
[NX v22.7.5 Daemon Server] - 2026-06-14T20:00:55.648Z - Closed a connection. Number of open connections: 0
[1m[33mTime taken for 'build typescript dependencies' 0.2568999999998596ms[39m[22m
[isolated-plugin] shutting down worker for "nx/js/dependencies-and-lockfile" after createDependencies
[NX v22.7.5 Daemon Server] - 2026-06-14T20:00:55.662Z - [SYNC]: collect registered sync generators
[NX v22.7.5 Daemon Server] - 2026-06-14T20:00:55.663Z - [SYNC]: project graph hash is the same, not collecting task sync generators
[NX v22.7.5 Daemon Server] - 2026-06-14T20:00:55.663Z - [SYNC]: nx.json hash is the same, not collecting global sync generators
[NX v22.7.5 Daemon Server] - 2026-06-14T20:00:55.663Z - [SYNC]: collect registered sync generators
[NX v22.7.5 Daemon Server] - 2026-06-14T20:00:55.663Z - [SYNC]: project graph hash is the same, not collecting task sync generators
[NX v22.7.5 Daemon Server] - 2026-06-14T20:00:55.663Z - [SYNC]: nx.json hash is the same, not collecting global sync generators
[NX v22.7.5 Daemon Server] - 2026-06-14T20:00:55.664Z - Time taken for 'total execution time for createProjectGraph()' 26.612499998882413ms
[NX v22.7.5 Daemon Server] - 2026-06-14T20:00:55.664Z - Time taken for 'createDependencies' 18.592000000178814ms
[NX v22.7.5 Daemon Server] - 2026-06-14T20:00:55.664Z - Time taken for 'nx/js/dependencies-and-lockfile:createDependencies' 18.419199999421835ms
[NX v22.7.5 Daemon Server] - 2026-06-14T20:00:55.664Z - Time taken for 'createMetadata' 0.010099999606609344ms
[NX v22.7.5 Daemon Server] - 2026-06-14T20:00:55.664Z - Time taken for 'serialize graph' 1.826799999922514ms
DEBUG nx::native::telemetry::service: Sent 1 events: [nx/js/dependencies-and-lockfile:createDe]
[NX v22.7.5 Daemon Server] - 2026-06-14T20:00:56.304Z - [REQUEST]: Updated workspace context based on watched changes, recomputing project graph...
[NX v22.7.5 Daemon Server] - 2026-06-14T20:00:56.305Z - [REQUEST]: 
[NX v22.7.5 Daemon Server] - 2026-06-14T20:00:56.305Z - [REQUEST]: 
[plugin-client] restarting worker for "nx/js/dependencies-and-lockfile"
[isolated-plugin] spawned worker for "nx/js/dependencies-and-lockfile" (pid: 26636, socket: \\.\pipe\nx\C:\Users\ANGELA~1\AppData\Local\Temp\plugin26356-75-10614797.238.sock)
[plugin-client] restarting worker for "nx/core/package-json"
[isolated-plugin] spawned worker for "nx/core/package-json" (pid: 17676, socket: \\.\pipe\nx\C:\Users\ANGELA~1\AppData\Local\Temp\plugin26356-76-10614814.7432.sock)
[plugin-client] restarting worker for "nx/core/project-json"
[isolated-plugin] spawned worker for "nx/core/project-json" (pid: 22812, socket: \\.\pipe\nx\C:\Users\ANGELA~1\AppData\Local\Temp\plugin26356-77-10614831.6607.sock)
[NX v22.7.5 Daemon Server] - 2026-06-14T20:00:56.353Z - Time taken for 'hash changed files from watcher' 0.3257999997586012ms
[plugin-worker] "nx/js/dependencies-and-lockfile" (pid: 26636) listening on \\.\pipe\nx\C:\Users\ANGELA~1\AppData\Local\Temp\plugin26356-75-10614797.238.sock
[plugin-worker] "nx/core/package-json" (pid: 17676) listening on \\.\pipe\nx\C:\Users\ANGELA~1\AppData\Local\Temp\plugin26356-76-10614814.7432.sock
[1m[33mTime taken for 'plugin worker 26636 code loading' 388.8106ms[39m[22m
[1m[33mTime taken for 'plugin worker 17676 code loading' 371.39709999999997ms[39m[22m
[isolated-plugin] connected to worker for "nx/js/dependencies-and-lockfile" (pid: 26636)
[isolated-plugin] connected to worker for "nx/core/package-json" (pid: 17676)
[plugin-worker] "nx/core/package-json" (pid: 17676) connected
[plugin-worker] "nx/js/dependencies-and-lockfile" (pid: 26636) connected
[NX v22.7.5 Daemon Server] - 2026-06-14T20:00:56.797Z - Time taken for 'start-plugin-worker:nx/js/dependencies-and-lockfile' 489.7097000014037ms
[NX v22.7.5 Daemon Server] - 2026-06-14T20:00:56.797Z - Time taken for 'start-plugin-worker:nx/core/package-json' 472.6451999992132ms
[plugin-worker] "nx/core/project-json" (pid: 22812) listening on \\.\pipe\nx\C:\Users\ANGELA~1\AppData\Local\Temp\plugin26356-77-10614831.6607.sock
[isolated-plugin] connected to worker for "nx/core/project-json" (pid: 22812)
[1m[33mTime taken for 'plugin worker 22812 code loading' 384.2341ms[39m[22m
[NX v22.7.5 Daemon Server] - 2026-06-14T20:00:56.814Z - Time taken for 'start-plugin-worker:nx/core/project-json' 472.43410000018775ms
[plugin-worker] "nx/core/project-json" (pid: 22812) connected
[plugin-worker] "nx/core/package-json" (pid: 17676) loaded successfully
[plugin-worker] "nx/core/project-json" (pid: 22812) loaded successfully
[plugin-worker] "nx/js/dependencies-and-lockfile" (pid: 26636) loaded successfully
[1m[33mTime taken for 'nx/core/project-json:createNodes' 0.7835999999999785ms[39m[22m
[isolated-plugin] shutting down worker for "nx/core/project-json" after createNodes
[1m[33mTime taken for 'nx/core/package-json:createNodes' 14.587600000000066ms[39m[22m
[isolated-plugin] shutting down worker for "nx/core/package-json" after createNodes
[1m[33mTime taken for 'nx/js/dependencies-and-lockfile:createNodes' 7.612300000000005ms[39m[22m
[NX v22.7.5 Daemon Server] - 2026-06-14T20:00:57.454Z - Time taken for 'build-project-configs' 1141.385399999097ms
[NX v22.7.5 Daemon Server] - 2026-06-14T20:00:57.455Z - Time taken for 'createNodes:merge' 0.8897000011056662ms
[NX v22.7.5 Daemon Server] - 2026-06-14T20:00:57.455Z - Time taken for 'get-all-workspace-files' 0.21900000050663948ms
[1m[33mTime taken for 'build typescript dependencies' 0.21299999999996544ms[39m[22m
[isolated-plugin] shutting down worker for "nx/js/dependencies-and-lockfile" after createDependencies
[NX v22.7.5 Daemon Server] - 2026-06-14T20:00:57.469Z - [SYNC]: collect registered sync generators
[NX v22.7.5 Daemon Server] - 2026-06-14T20:00:57.470Z - [SYNC]: project graph hash is the same, not collecting task sync generators
[NX v22.7.5 Daemon Server] - 2026-06-14T20:00:57.470Z - [SYNC]: nx.json hash is the same, not collecting global sync generators
[NX v22.7.5 Daemon Server] - 2026-06-14T20:00:57.470Z - Time taken for 'total execution time for createProjectGraph()' 18.877100000157952ms
[NX v22.7.5 Daemon Server] - 2026-06-14T20:00:57.470Z - Time taken for 'createDependencies' 13.742899999022484ms
[NX v22.7.5 Daemon Server] - 2026-06-14T20:00:57.470Z - Time taken for 'nx/js/dependencies-and-lockfile:createDependencies' 13.580299999564886ms
[NX v22.7.5 Daemon Server] - 2026-06-14T20:00:57.470Z - Time taken for 'createMetadata' 0.00950000062584877ms
[NX v22.7.5 Daemon Server] - 2026-06-14T20:00:57.470Z - Time taken for 'serialize graph' 2.092399999499321ms
DEBUG nx::native::telemetry::service: Sent 1 events: [nx/js/dependencies-and-lockfile:createDe]
[NX v22.7.5 Daemon Server] - 2026-06-14T20:48:35.467Z - [WATCHER]: Processing file changes in outputs
[NX v22.7.5 Daemon Server] - 2026-06-14T20:48:35.468Z - [WATCHER]: apps/fs-gateway/dist was deleted
[NX v22.7.5 Daemon Server] - 2026-06-14T20:48:35.468Z - [WATCHER]: File changes detected:
Created:
(none)
Updated:
(none)
Deleted:
  - apps/fs-gateway/dist
[NX v22.7.5 Daemon Server] - 2026-06-14T20:48:35.468Z - [SYNC]: clearing sync generators cache due to file changes
[NX v22.7.5 Daemon Server] - 2026-06-14T20:48:37.077Z - [REQUEST]: Updated workspace context based on watched changes, recomputing project graph...
[NX v22.7.5 Daemon Server] - 2026-06-14T20:48:37.077Z - [REQUEST]: 
[NX v22.7.5 Daemon Server] - 2026-06-14T20:48:37.077Z - [REQUEST]: apps/fs-gateway/dist
[plugin-client] restarting worker for "nx/js/dependencies-and-lockfile"
[isolated-plugin] spawned worker for "nx/js/dependencies-and-lockfile" (pid: 23180, socket: \\.\pipe\nx\C:\Users\ANGELA~1\AppData\Local\Temp\plugin26356-78-13475571.1228.sock)
[plugin-client] restarting worker for "nx/core/package-json"
[isolated-plugin] spawned worker for "nx/core/package-json" (pid: 26660, socket: \\.\pipe\nx\C:\Users\ANGELA~1\AppData\Local\Temp\plugin26356-79-13475583.4975.sock)
[plugin-client] restarting worker for "nx/core/project-json"
[isolated-plugin] spawned worker for "nx/core/project-json" (pid: 29240, socket: \\.\pipe\nx\C:\Users\ANGELA~1\AppData\Local\Temp\plugin26356-80-13475595.9868.sock)
[NX v22.7.5 Daemon Server] - 2026-06-14T20:48:37.130Z - Time taken for 'hash changed files from watcher' 0.3335999995470047ms
[plugin-worker] "nx/core/package-json" (pid: 26660) listening on \\.\pipe\nx\C:\Users\ANGELA~1\AppData\Local\Temp\plugin26356-79-13475583.4975.sock
[1m[33mTime taken for 'plugin worker 26660 code loading' 520.6209ms[39m[22m
[plugin-worker] "nx/js/dependencies-and-lockfile" (pid: 23180) listening on \\.\pipe\nx\C:\Users\ANGELA~1\AppData\Local\Temp\plugin26356-78-13475571.1228.sock
[1m[33mTime taken for 'plugin worker 23180 code loading' 535.3116ms[39m[22m
[isolated-plugin] connected to worker for "nx/js/dependencies-and-lockfile" (pid: 23180)
[isolated-plugin] connected to worker for "nx/core/package-json" (pid: 26660)
[plugin-worker] "nx/js/dependencies-and-lockfile" (pid: 23180) connected
[plugin-worker] "nx/core/package-json" (pid: 26660) connected
[NX v22.7.5 Daemon Server] - 2026-06-14T20:48:37.729Z - Time taken for 'start-plugin-worker:nx/js/dependencies-and-lockfile' 648.7171000000089ms
[NX v22.7.5 Daemon Server] - 2026-06-14T20:48:37.730Z - Time taken for 'start-plugin-worker:nx/core/package-json' 636.1574999988079ms
[plugin-worker] "nx/core/project-json" (pid: 29240) listening on \\.\pipe\nx\C:\Users\ANGELA~1\AppData\Local\Temp\plugin26356-80-13475595.9868.sock
[1m[33mTime taken for 'plugin worker 29240 code loading' 509.45799999999997ms[39m[22m
[isolated-plugin] connected to worker for "nx/core/project-json" (pid: 29240)
[NX v22.7.5 Daemon Server] - 2026-06-14T20:48:37.747Z - Time taken for 'start-plugin-worker:nx/core/project-json' 641.3206000011414ms
[plugin-worker] "nx/core/project-json" (pid: 29240) connected
[plugin-worker] "nx/core/package-json" (pid: 26660) loaded successfully
[plugin-worker] "nx/core/project-json" (pid: 29240) loaded successfully
[plugin-worker] "nx/js/dependencies-and-lockfile" (pid: 23180) loaded successfully
[1m[33mTime taken for 'nx/core/project-json:createNodes' 0.5290999999999713ms[39m[22m
[isolated-plugin] shutting down worker for "nx/core/project-json" after createNodes
[1m[33mTime taken for 'nx/js/dependencies-and-lockfile:createNodes' 14.05230000000006ms[39m[22m
[1m[33mTime taken for 'nx/core/package-json:createNodes' 22.645499999999856ms[39m[22m
[isolated-plugin] shutting down worker for "nx/core/package-json" after createNodes
[NX v22.7.5 Daemon Server] - 2026-06-14T20:48:38.639Z - Time taken for 'build-project-configs' 1549.5297999996692ms
[NX v22.7.5 Daemon Server] - 2026-06-14T20:48:38.639Z - Time taken for 'createNodes:merge' 1.433500001206994ms
[NX v22.7.5 Daemon Server] - 2026-06-14T20:48:38.640Z - Time taken for 'get-all-workspace-files' 0.20920000039041042ms
[1m[33mTime taken for 'build typescript dependencies' 0.2818999999999505ms[39m[22m
[isolated-plugin] shutting down worker for "nx/js/dependencies-and-lockfile" after createDependencies
[NX v22.7.5 Daemon Server] - 2026-06-14T20:48:38.660Z - [SYNC]: collect registered sync generators
[NX v22.7.5 Daemon Server] - 2026-06-14T20:48:38.661Z - [SYNC]: project graph hash is the same, not collecting task sync generators
[NX v22.7.5 Daemon Server] - 2026-06-14T20:48:38.661Z - [SYNC]: nx.json hash is the same, not collecting global sync generators
[NX v22.7.5 Daemon Server] - 2026-06-14T20:48:38.661Z - Time taken for 'total execution time for createProjectGraph()' 29.083200000226498ms
[NX v22.7.5 Daemon Server] - 2026-06-14T20:48:38.661Z - Time taken for 'createDependencies' 19.628200000151992ms
[NX v22.7.5 Daemon Server] - 2026-06-14T20:48:38.661Z - Time taken for 'nx/js/dependencies-and-lockfile:createDependencies' 19.499500000849366ms
[NX v22.7.5 Daemon Server] - 2026-06-14T20:48:38.661Z - Time taken for 'createMetadata' 0.010199999436736107ms
[NX v22.7.5 Daemon Server] - 2026-06-14T20:48:38.661Z - Time taken for 'serialize graph' 2.2403999995440245ms
DEBUG nx::native::telemetry::service: Session idle for >30 min, starting new session: fe330fe1-77f3-4283-82a1-5fd0b75896b5
DEBUG nx::native::telemetry::service: Sent 1 events: [nx/js/dependencies-and-lockfile:createDe]
[NX v22.7.5 Daemon Server] - 2026-06-14T20:48:40.694Z - [WATCHER]: 0 file(s) created or restored, 0 file(s) modified, 0 file(s) deleted
[NX v22.7.5 Daemon Server] - 2026-06-14T20:48:40.749Z - [WATCHER]: 0 file(s) created or restored, 0 file(s) modified, 0 file(s) deleted
[NX v22.7.5 Daemon Server] - 2026-06-14T20:48:40.828Z - [WATCHER]: 0 file(s) created or restored, 0 file(s) modified, 0 file(s) deleted
[NX v22.7.5 Daemon Server] - 2026-06-14T20:48:43.897Z - [REQUEST]: Updated workspace context based on watched changes, recomputing project graph...
[NX v22.7.5 Daemon Server] - 2026-06-14T20:48:43.897Z - [REQUEST]: 
[NX v22.7.5 Daemon Server] - 2026-06-14T20:48:43.897Z - [REQUEST]: 
[plugin-client] restarting worker for "nx/js/dependencies-and-lockfile"
[isolated-plugin] spawned worker for "nx/js/dependencies-and-lockfile" (pid: 26072, socket: \\.\pipe\nx\C:\Users\ANGELA~1\AppData\Local\Temp\plugin26356-81-13482390.3344.sock)
[plugin-client] restarting worker for "nx/core/package-json"
[isolated-plugin] spawned worker for "nx/core/package-json" (pid: 15784, socket: \\.\pipe\nx\C:\Users\ANGELA~1\AppData\Local\Temp\plugin26356-82-13482401.6151.sock)
[plugin-client] restarting worker for "nx/core/project-json"
[isolated-plugin] spawned worker for "nx/core/project-json" (pid: 1440, socket: \\.\pipe\nx\C:\Users\ANGELA~1\AppData\Local\Temp\plugin26356-83-13482413.2752.sock)
[NX v22.7.5 Daemon Server] - 2026-06-14T20:48:43.934Z - Time taken for 'hash changed files from watcher' 0.3160999994724989ms
[plugin-worker] "nx/core/project-json" (pid: 1440) listening on \\.\pipe\nx\C:\Users\ANGELA~1\AppData\Local\Temp\plugin26356-83-13482413.2752.sock
[plugin-worker] "nx/core/package-json" (pid: 15784) listening on \\.\pipe\nx\C:\Users\ANGELA~1\AppData\Local\Temp\plugin26356-82-13482401.6151.sock
[1m[33mTime taken for 'plugin worker 1440 code loading' 503.3574ms[39m[22m
[1m[33mTime taken for 'plugin worker 15784 code loading' 511.28430000000003ms[39m[22m
[isolated-plugin] connected to worker for "nx/core/project-json" (pid: 1440)
[isolated-plugin] connected to worker for "nx/core/package-json" (pid: 15784)
[plugin-worker] "nx/core/package-json" (pid: 15784) connected
[plugin-worker] "nx/core/project-json" (pid: 1440) connected
[NX v22.7.5 Daemon Server] - 2026-06-14T20:48:44.558Z - Time taken for 'start-plugin-worker:nx/core/package-json' 647.1270000003278ms
[NX v22.7.5 Daemon Server] - 2026-06-14T20:48:44.558Z - Time taken for 'start-plugin-worker:nx/core/project-json' 634.5538999997079ms
[plugin-worker] "nx/js/dependencies-and-lockfile" (pid: 26072) listening on \\.\pipe\nx\C:\Users\ANGELA~1\AppData\Local\Temp\plugin26356-81-13482390.3344.sock
[isolated-plugin] connected to worker for "nx/js/dependencies-and-lockfile" (pid: 26072)
[1m[33mTime taken for 'plugin worker 26072 code loading' 549.1213ms[39m[22m
[NX v22.7.5 Daemon Server] - 2026-06-14T20:48:44.573Z - Time taken for 'start-plugin-worker:nx/js/dependencies-and-lockfile' 673.2060000002384ms
[plugin-worker] "nx/js/dependencies-and-lockfile" (pid: 26072) connected
[plugin-worker] "nx/core/package-json" (pid: 15784) loaded successfully
[plugin-worker] "nx/core/project-json" (pid: 1440) loaded successfully
[plugin-worker] "nx/js/dependencies-and-lockfile" (pid: 26072) loaded successfully
[1m[33mTime taken for 'nx/core/project-json:createNodes' 0.4112999999999829ms[39m[22m
[isolated-plugin] shutting down worker for "nx/core/project-json" after createNodes
[1m[33mTime taken for 'nx/core/package-json:createNodes' 20.945899999999938ms[39m[22m
[isolated-plugin] shutting down worker for "nx/core/package-json" after createNodes
[1m[33mTime taken for 'nx/js/dependencies-and-lockfile:createNodes' 10.371800000000121ms[39m[22m
[NX v22.7.5 Daemon Server] - 2026-06-14T20:48:45.418Z - Time taken for 'build-project-configs' 1510.6823000013828ms
[NX v22.7.5 Daemon Server] - 2026-06-14T20:48:45.418Z - Time taken for 'createNodes:merge' 1.3948999997228384ms
[NX v22.7.5 Daemon Server] - 2026-06-14T20:48:45.418Z - Time taken for 'get-all-workspace-files' 0.24569999985396862ms
[1m[33mTime taken for 'build typescript dependencies' 0.2523000000001048ms[39m[22m
[isolated-plugin] shutting down worker for "nx/js/dependencies-and-lockfile" after createDependencies
[NX v22.7.5 Daemon Server] - 2026-06-14T20:48:45.439Z - [SYNC]: collect registered sync generators
[NX v22.7.5 Daemon Server] - 2026-06-14T20:48:45.440Z - [SYNC]: project graph hash is the same, not collecting task sync generators
[NX v22.7.5 Daemon Server] - 2026-06-14T20:48:45.440Z - [SYNC]: nx.json hash is the same, not collecting global sync generators
[NX v22.7.5 Daemon Server] - 2026-06-14T20:48:45.441Z - Time taken for 'total execution time for createProjectGraph()' 26.00370000116527ms
[NX v22.7.5 Daemon Server] - 2026-06-14T20:48:45.441Z - Time taken for 'createDependencies' 19.590600000694394ms
[NX v22.7.5 Daemon Server] - 2026-06-14T20:48:45.441Z - Time taken for 'nx/js/dependencies-and-lockfile:createDependencies' 19.45899999886751ms
[NX v22.7.5 Daemon Server] - 2026-06-14T20:48:45.441Z - Time taken for 'createMetadata' 0.013299999758601189ms
[NX v22.7.5 Daemon Server] - 2026-06-14T20:48:45.441Z - Time taken for 'serialize graph' 2.8528999984264374ms
DEBUG nx::native::telemetry::service: Sent 1 events: [nx/js/dependencies-and-lockfile:createDe]
[NX v22.7.5 Daemon Server] - 2026-06-14T20:53:38.858Z - [WATCHER]: Processing file changes in outputs
[NX v22.7.5 Daemon Server] - 2026-06-14T20:53:38.858Z - [WATCHER]: 0 file(s) created or restored, 2 file(s) modified, 0 file(s) deleted
[NX v22.7.5 Daemon Server] - 2026-06-14T20:53:38.859Z - [WATCHER]: File changes detected:
Created:
(none)
Updated:
  - apps/disbursement-svc/src/disbursements/disbursements.controller.ts
  - apps/dues-collection-svc/src/dues/dues.controller.ts
Deleted:
(none)
[NX v22.7.5 Daemon Server] - 2026-06-14T20:53:38.860Z - [SYNC]: clearing sync generators cache due to file changes
[NX v22.7.5 Daemon Server] - 2026-06-14T20:53:45.262Z - [REQUEST]: Updated workspace context based on watched changes, recomputing project graph...
[NX v22.7.5 Daemon Server] - 2026-06-14T20:53:45.262Z - [REQUEST]: apps/disbursement-svc/src/disbursements/disbursements.controller.ts,apps/dues-collection-svc/src/dues/dues.controller.ts
[NX v22.7.5 Daemon Server] - 2026-06-14T20:53:45.262Z - [REQUEST]: 
[plugin-client] restarting worker for "nx/js/dependencies-and-lockfile"
[isolated-plugin] spawned worker for "nx/js/dependencies-and-lockfile" (pid: 26044, socket: \\.\pipe\nx\C:\Users\ANGELA~1\AppData\Local\Temp\plugin26356-84-13783754.7035.sock)
[plugin-client] restarting worker for "nx/core/package-json"
[isolated-plugin] spawned worker for "nx/core/package-json" (pid: 15844, socket: \\.\pipe\nx\C:\Users\ANGELA~1\AppData\Local\Temp\plugin26356-85-13783768.7175.sock)
[plugin-client] restarting worker for "nx/core/project-json"
[isolated-plugin] spawned worker for "nx/core/project-json" (pid: 21704, socket: \\.\pipe\nx\C:\Users\ANGELA~1\AppData\Local\Temp\plugin26356-86-13783781.239.sock)
[NX v22.7.5 Daemon Server] - 2026-06-14T20:53:45.303Z - Time taken for 'hash changed files from watcher' 0.7935999985784292ms
[plugin-worker] "nx/core/package-json" (pid: 15844) listening on \\.\pipe\nx\C:\Users\ANGELA~1\AppData\Local\Temp\plugin26356-85-13783768.7175.sock
[plugin-worker] "nx/js/dependencies-and-lockfile" (pid: 26044) listening on \\.\pipe\nx\C:\Users\ANGELA~1\AppData\Local\Temp\plugin26356-84-13783754.7035.sock
[plugin-worker] "nx/core/project-json" (pid: 21704) listening on \\.\pipe\nx\C:\Users\ANGELA~1\AppData\Local\Temp\plugin26356-86-13783781.239.sock
[1m[33mTime taken for 'plugin worker 15844 code loading' 482.7239ms[39m[22m
[1m[33mTime taken for 'plugin worker 26044 code loading' 495.31129999999996ms[39m[22m
[1m[33mTime taken for 'plugin worker 21704 code loading' 479.6631ms[39m[22m
[isolated-plugin] connected to worker for "nx/core/project-json" (pid: 21704)
[isolated-plugin] connected to worker for "nx/js/dependencies-and-lockfile" (pid: 26044)
[isolated-plugin] connected to worker for "nx/core/package-json" (pid: 15844)
[plugin-worker] "nx/core/project-json" (pid: 21704) connected
[plugin-worker] "nx/js/dependencies-and-lockfile" (pid: 26044) connected
[plugin-worker] "nx/core/package-json" (pid: 15844) connected
[NX v22.7.5 Daemon Server] - 2026-06-14T20:53:45.887Z - Time taken for 'start-plugin-worker:nx/js/dependencies-and-lockfile' 621.3729999996722ms
[NX v22.7.5 Daemon Server] - 2026-06-14T20:53:45.887Z - Time taken for 'start-plugin-worker:nx/core/package-json' 608.1224000006914ms
[NX v22.7.5 Daemon Server] - 2026-06-14T20:53:45.887Z - Time taken for 'start-plugin-worker:nx/core/project-json' 594.3497000001371ms
[plugin-worker] "nx/core/project-json" (pid: 21704) loaded successfully
[plugin-worker] "nx/core/package-json" (pid: 15844) loaded successfully
[plugin-worker] "nx/js/dependencies-and-lockfile" (pid: 26044) loaded successfully
[1m[33mTime taken for 'nx/core/project-json:createNodes' 0.34530000000017935ms[39m[22m
[isolated-plugin] shutting down worker for "nx/core/project-json" after createNodes
[1m[33mTime taken for 'nx/core/package-json:createNodes' 17.273999999999887ms[39m[22m
[isolated-plugin] shutting down worker for "nx/core/package-json" after createNodes
[1m[33mTime taken for 'nx/js/dependencies-and-lockfile:createNodes' 9.607099999999946ms[39m[22m
[NX v22.7.5 Daemon Server] - 2026-06-14T20:53:46.696Z - Time taken for 'build-project-configs' 1423.5105999987572ms
[NX v22.7.5 Daemon Server] - 2026-06-14T20:53:46.696Z - Time taken for 'createNodes:merge' 1.3766999989748ms
[NX v22.7.5 Daemon Server] - 2026-06-14T20:53:46.696Z - Time taken for 'get-all-workspace-files' 0.19949999824166298ms
[1m[33mTime taken for 'build typescript dependencies' 3.2554999999999836ms[39m[22m
[isolated-plugin] shutting down worker for "nx/js/dependencies-and-lockfile" after createDependencies
[NX v22.7.5 Daemon Server] - 2026-06-14T20:53:46.719Z - [SYNC]: collect registered sync generators
[NX v22.7.5 Daemon Server] - 2026-06-14T20:53:46.720Z - [SYNC]: project graph hash is the same, not collecting task sync generators
[NX v22.7.5 Daemon Server] - 2026-06-14T20:53:46.720Z - [SYNC]: nx.json hash is the same, not collecting global sync generators
[NX v22.7.5 Daemon Server] - 2026-06-14T20:53:46.720Z - Time taken for 'total execution time for createProjectGraph()' 28.602300001308322ms
[NX v22.7.5 Daemon Server] - 2026-06-14T20:53:46.720Z - Time taken for 'createDependencies' 21.620799999684095ms
[NX v22.7.5 Daemon Server] - 2026-06-14T20:53:46.720Z - Time taken for 'nx/js/dependencies-and-lockfile:createDependencies' 21.504399999976158ms
[NX v22.7.5 Daemon Server] - 2026-06-14T20:53:46.720Z - Time taken for 'createMetadata' 0.00950000062584877ms
[NX v22.7.5 Daemon Server] - 2026-06-14T20:53:46.720Z - Time taken for 'serialize graph' 2.1683999989181757ms
DEBUG nx::native::telemetry::service: Sent 1 events: [nx/js/dependencies-and-lockfile:createDe]
[NX v22.7.5 Daemon Server] - 2026-06-14T20:54:09.064Z - [WATCHER]: Processing file changes in outputs
[NX v22.7.5 Daemon Server] - 2026-06-14T20:54:09.064Z - [WATCHER]: apps/disbursement-svc/src/repayments/repayments.controller.ts was modified
[NX v22.7.5 Daemon Server] - 2026-06-14T20:54:09.064Z - [WATCHER]: File changes detected:
Created:
(none)
Updated:
  - apps/disbursement-svc/src/repayments/repayments.controller.ts
Deleted:
(none)
[NX v22.7.5 Daemon Server] - 2026-06-14T20:54:09.064Z - [SYNC]: clearing sync generators cache due to file changes
[NX v22.7.5 Daemon Server] - 2026-06-14T20:54:15.478Z - [REQUEST]: Updated workspace context based on watched changes, recomputing project graph...
[NX v22.7.5 Daemon Server] - 2026-06-14T20:54:15.478Z - [REQUEST]: apps/disbursement-svc/src/repayments/repayments.controller.ts
[NX v22.7.5 Daemon Server] - 2026-06-14T20:54:15.478Z - [REQUEST]: 
[plugin-client] restarting worker for "nx/js/dependencies-and-lockfile"
[isolated-plugin] spawned worker for "nx/js/dependencies-and-lockfile" (pid: 33364, socket: \\.\pipe\nx\C:\Users\ANGELA~1\AppData\Local\Temp\plugin26356-87-13813970.6164.sock)
[plugin-client] restarting worker for "nx/core/package-json"
[isolated-plugin] spawned worker for "nx/core/package-json" (pid: 9804, socket: \\.\pipe\nx\C:\Users\ANGELA~1\AppData\Local\Temp\plugin26356-88-13813982.0027.sock)
[plugin-client] restarting worker for "nx/core/project-json"
[isolated-plugin] spawned worker for "nx/core/project-json" (pid: 30904, socket: \\.\pipe\nx\C:\Users\ANGELA~1\AppData\Local\Temp\plugin26356-89-13813991.6345.sock)
[NX v22.7.5 Daemon Server] - 2026-06-14T20:54:15.511Z - Time taken for 'hash changed files from watcher' 0.6172000002115965ms
[plugin-worker] "nx/core/package-json" (pid: 9804) listening on \\.\pipe\nx\C:\Users\ANGELA~1\AppData\Local\Temp\plugin26356-88-13813982.0027.sock
[plugin-worker] "nx/js/dependencies-and-lockfile" (pid: 33364) listening on \\.\pipe\nx\C:\Users\ANGELA~1\AppData\Local\Temp\plugin26356-87-13813970.6164.sock
[1m[33mTime taken for 'plugin worker 9804 code loading' 416.2226ms[39m[22m
[1m[33mTime taken for 'plugin worker 33364 code loading' 426.20889999999997ms[39m[22m
[isolated-plugin] connected to worker for "nx/js/dependencies-and-lockfile" (pid: 33364)
[isolated-plugin] connected to worker for "nx/core/package-json" (pid: 9804)
[isolated-plugin] connected to worker for "nx/core/project-json" (pid: 30904)
[plugin-worker] "nx/core/project-json" (pid: 30904) listening on \\.\pipe\nx\C:\Users\ANGELA~1\AppData\Local\Temp\plugin26356-89-13813991.6345.sock
[plugin-worker] "nx/core/project-json" (pid: 30904) connected
[plugin-worker] "nx/js/dependencies-and-lockfile" (pid: 33364) connected
[plugin-worker] "nx/core/package-json" (pid: 9804) connected
[NX v22.7.5 Daemon Server] - 2026-06-14T20:54:16.012Z - Time taken for 'start-plugin-worker:nx/js/dependencies-and-lockfile' 528.04649999924ms
[NX v22.7.5 Daemon Server] - 2026-06-14T20:54:16.012Z - Time taken for 'start-plugin-worker:nx/core/package-json' 517.3723000008613ms
[NX v22.7.5 Daemon Server] - 2026-06-14T20:54:16.012Z - Time taken for 'start-plugin-worker:nx/core/project-json' 509.3776999991387ms
[1m[33mTime taken for 'plugin worker 30904 code loading' 409.8012ms[39m[22m
[plugin-worker] "nx/core/project-json" (pid: 30904) loaded successfully
[plugin-worker] "nx/core/package-json" (pid: 9804) loaded successfully
[plugin-worker] "nx/js/dependencies-and-lockfile" (pid: 33364) loaded successfully
[1m[33mTime taken for 'nx/core/project-json:createNodes' 0.35829999999987194ms[39m[22m
[isolated-plugin] shutting down worker for "nx/core/project-json" after createNodes
[1m[33mTime taken for 'nx/core/package-json:createNodes' 18.477800000000116ms[39m[22m
[isolated-plugin] shutting down worker for "nx/core/package-json" after createNodes
[1m[33mTime taken for 'nx/js/dependencies-and-lockfile:createNodes' 9.498800000000074ms[39m[22m
[NX v22.7.5 Daemon Server] - 2026-06-14T20:54:16.905Z - Time taken for 'build-project-configs' 1416.4976000003517ms
[NX v22.7.5 Daemon Server] - 2026-06-14T20:54:16.905Z - Time taken for 'createNodes:merge' 1.3798000011593103ms
[NX v22.7.5 Daemon Server] - 2026-06-14T20:54:16.905Z - Time taken for 'get-all-workspace-files' 0.19979999959468842ms
[1m[33mTime taken for 'build typescript dependencies' 3.8717999999998938ms[39m[22m
[isolated-plugin] shutting down worker for "nx/js/dependencies-and-lockfile" after createDependencies
[NX v22.7.5 Daemon Server] - 2026-06-14T20:54:16.941Z - [SYNC]: collect registered sync generators
[NX v22.7.5 Daemon Server] - 2026-06-14T20:54:16.942Z - [SYNC]: project graph hash is the same, not collecting task sync generators
[NX v22.7.5 Daemon Server] - 2026-06-14T20:54:16.942Z - [SYNC]: nx.json hash is the same, not collecting global sync generators
[NX v22.7.5 Daemon Server] - 2026-06-14T20:54:16.942Z - Time taken for 'total execution time for createProjectGraph()' 37.250300001353025ms
[NX v22.7.5 Daemon Server] - 2026-06-14T20:54:16.942Z - Time taken for 'createDependencies' 31.498200001195073ms
[NX v22.7.5 Daemon Server] - 2026-06-14T20:54:16.942Z - Time taken for 'nx/js/dependencies-and-lockfile:createDependencies' 31.335700001567602ms
[NX v22.7.5 Daemon Server] - 2026-06-14T20:54:16.942Z - Time taken for 'createMetadata' 0.013999998569488525ms
[NX v22.7.5 Daemon Server] - 2026-06-14T20:54:16.942Z - Time taken for 'serialize graph' 6.880200000479817ms
DEBUG nx::native::telemetry::service: Sent 1 events: [nx/js/dependencies-and-lockfile:createDe]
[NX v22.7.5 Daemon Server] - 2026-06-14T21:04:17.238Z - [WATCHER]: Processing file changes in outputs
[NX v22.7.5 Daemon Server] - 2026-06-14T21:04:17.238Z - [WATCHER]: apps/fs-gateway/dist was deleted
[NX v22.7.5 Daemon Server] - 2026-06-14T21:04:17.238Z - [WATCHER]: File changes detected:
Created:
(none)
Updated:
(none)
Deleted:
  - apps/fs-gateway/dist
[NX v22.7.5 Daemon Server] - 2026-06-14T21:04:17.239Z - [SYNC]: clearing sync generators cache due to file changes
[NX v22.7.5 Daemon Server] - 2026-06-14T21:04:22.084Z - [WATCHER]: 0 file(s) created or restored, 0 file(s) modified, 0 file(s) deleted
[NX v22.7.5 Daemon Server] - 2026-06-14T21:04:22.141Z - [WATCHER]: 0 file(s) created or restored, 0 file(s) modified, 0 file(s) deleted
[NX v22.7.5 Daemon Server] - 2026-06-14T21:04:23.645Z - [REQUEST]: Updated workspace context based on watched changes, recomputing project graph...
[NX v22.7.5 Daemon Server] - 2026-06-14T21:04:23.646Z - [REQUEST]: 
[NX v22.7.5 Daemon Server] - 2026-06-14T21:04:23.646Z - [REQUEST]: apps/fs-gateway/dist
[plugin-client] restarting worker for "nx/js/dependencies-and-lockfile"
[isolated-plugin] spawned worker for "nx/js/dependencies-and-lockfile" (pid: 33380, socket: \\.\pipe\nx\C:\Users\ANGELA~1\AppData\Local\Temp\plugin26356-90-14422139.2379.sock)
[plugin-client] restarting worker for "nx/core/package-json"
[isolated-plugin] spawned worker for "nx/core/package-json" (pid: 22312, socket: \\.\pipe\nx\C:\Users\ANGELA~1\AppData\Local\Temp\plugin26356-91-14422160.5341.sock)
[plugin-client] restarting worker for "nx/core/project-json"
[isolated-plugin] spawned worker for "nx/core/project-json" (pid: 22252, socket: \\.\pipe\nx\C:\Users\ANGELA~1\AppData\Local\Temp\plugin26356-92-14422169.7268.sock)
[NX v22.7.5 Daemon Server] - 2026-06-14T21:04:23.698Z - Time taken for 'hash changed files from watcher' 0.296900000423193ms
[plugin-worker] "nx/core/project-json" (pid: 22252) listening on \\.\pipe\nx\C:\Users\ANGELA~1\AppData\Local\Temp\plugin26356-92-14422169.7268.sock
[plugin-worker] "nx/js/dependencies-and-lockfile" (pid: 33380) listening on \\.\pipe\nx\C:\Users\ANGELA~1\AppData\Local\Temp\plugin26356-90-14422139.2379.sock
[plugin-worker] "nx/core/package-json" (pid: 22312) listening on \\.\pipe\nx\C:\Users\ANGELA~1\AppData\Local\Temp\plugin26356-91-14422160.5341.sock
[1m[33mTime taken for 'plugin worker 22312 code loading' 532.567ms[39m[22m
[1m[33mTime taken for 'plugin worker 22252 code loading' 514.8214ms[39m[22m
[1m[33mTime taken for 'plugin worker 33380 code loading' 564.2866ms[39m[22m
[isolated-plugin] connected to worker for "nx/core/project-json" (pid: 22252)
[isolated-plugin] connected to worker for "nx/js/dependencies-and-lockfile" (pid: 33380)
[isolated-plugin] connected to worker for "nx/core/package-json" (pid: 22312)
[plugin-worker] "nx/core/package-json" (pid: 22312) connected
[plugin-worker] "nx/js/dependencies-and-lockfile" (pid: 33380) connected
[plugin-worker] "nx/core/project-json" (pid: 22252) connected
[NX v22.7.5 Daemon Server] - 2026-06-14T21:04:24.352Z - Time taken for 'start-plugin-worker:nx/js/dependencies-and-lockfile' 702.3369999993593ms
[NX v22.7.5 Daemon Server] - 2026-06-14T21:04:24.352Z - Time taken for 'start-plugin-worker:nx/core/package-json' 681.4872999992222ms
[NX v22.7.5 Daemon Server] - 2026-06-14T21:04:24.352Z - Time taken for 'start-plugin-worker:nx/core/project-json' 671.3602999988943ms
[plugin-worker] "nx/core/project-json" (pid: 22252) loaded successfully
[plugin-worker] "nx/core/package-json" (pid: 22312) loaded successfully
[plugin-worker] "nx/js/dependencies-and-lockfile" (pid: 33380) loaded successfully
[1m[33mTime taken for 'nx/core/project-json:createNodes' 0.24660000000017135ms[39m[22m
[isolated-plugin] shutting down worker for "nx/core/project-json" after createNodes
[1m[33mTime taken for 'nx/core/package-json:createNodes' 13.246700000000146ms[39m[22m
[isolated-plugin] shutting down worker for "nx/core/package-json" after createNodes
[1m[33mTime taken for 'nx/js/dependencies-and-lockfile:createNodes' 7.497600000000148ms[39m[22m
[NX v22.7.5 Daemon Server] - 2026-06-14T21:04:25.011Z - Time taken for 'build-project-configs' 1355.2366000004113ms
[NX v22.7.5 Daemon Server] - 2026-06-14T21:04:25.011Z - Time taken for 'createNodes:merge' 1.0105999987572432ms
[NX v22.7.5 Daemon Server] - 2026-06-14T21:04:25.011Z - Time taken for 'get-all-workspace-files' 0.15780000016093254ms
[1m[33mTime taken for 'build typescript dependencies' 0.39380000000005566ms[39m[22m
[isolated-plugin] shutting down worker for "nx/js/dependencies-and-lockfile" after createDependencies
[NX v22.7.5 Daemon Server] - 2026-06-14T21:04:25.034Z - [SYNC]: collect registered sync generators
[NX v22.7.5 Daemon Server] - 2026-06-14T21:04:25.034Z - [SYNC]: project graph hash is the same, not collecting task sync generators
[NX v22.7.5 Daemon Server] - 2026-06-14T21:04:25.034Z - [SYNC]: nx.json hash is the same, not collecting global sync generators
[NX v22.7.5 Daemon Server] - 2026-06-14T21:04:25.034Z - Time taken for 'total execution time for createProjectGraph()' 27.99949999898672ms
[NX v22.7.5 Daemon Server] - 2026-06-14T21:04:25.034Z - Time taken for 'createDependencies' 22.18319999985397ms
[NX v22.7.5 Daemon Server] - 2026-06-14T21:04:25.035Z - Time taken for 'nx/js/dependencies-and-lockfile:createDependencies' 21.989500001072884ms
[NX v22.7.5 Daemon Server] - 2026-06-14T21:04:25.035Z - Time taken for 'createMetadata' 0.011299999430775642ms
[NX v22.7.5 Daemon Server] - 2026-06-14T21:04:25.035Z - Time taken for 'serialize graph' 1.7292999997735023ms
DEBUG nx::native::telemetry::service: Sent 1 events: [nx/js/dependencies-and-lockfile:createDe]
[NX v22.7.5 Daemon Server] - 2026-06-14T21:33:00.380Z - [WATCHER]: test-dashboard.js was created or restored
[NX v22.7.5 Daemon Server] - 2026-06-14T21:33:00.381Z - [WATCHER]: File changes detected:
Created:
  - test-dashboard.js
Updated:
(none)
Deleted:
(none)
[NX v22.7.5 Daemon Server] - 2026-06-14T21:33:00.381Z - [SYNC]: clearing sync generators cache due to file changes
[NX v22.7.5 Daemon Server] - 2026-06-14T21:33:00.381Z - [WATCHER]: Processing file changes in outputs
[NX v22.7.5 Daemon Server] - 2026-06-14T21:33:00.487Z - [REQUEST]: Updated workspace context based on watched changes, recomputing project graph...
[NX v22.7.5 Daemon Server] - 2026-06-14T21:33:00.487Z - [REQUEST]: test-dashboard.js
[NX v22.7.5 Daemon Server] - 2026-06-14T21:33:00.487Z - [REQUEST]: 
[plugin-client] restarting worker for "nx/js/dependencies-and-lockfile"
[isolated-plugin] spawned worker for "nx/js/dependencies-and-lockfile" (pid: 1912, socket: \\.\pipe\nx\C:\Users\ANGELA~1\AppData\Local\Temp\plugin26356-93-16138979.9656.sock)
[plugin-client] restarting worker for "nx/core/package-json"
[isolated-plugin] spawned worker for "nx/core/package-json" (pid: 22072, socket: \\.\pipe\nx\C:\Users\ANGELA~1\AppData\Local\Temp\plugin26356-94-16138991.581.sock)
[plugin-client] restarting worker for "nx/core/project-json"
[isolated-plugin] spawned worker for "nx/core/project-json" (pid: 24796, socket: \\.\pipe\nx\C:\Users\ANGELA~1\AppData\Local\Temp\plugin26356-95-16138999.6616.sock)
[NX v22.7.5 Daemon Server] - 2026-06-14T21:33:00.519Z - Time taken for 'hash changed files from watcher' 0.6819000001996756ms
[plugin-worker] "nx/js/dependencies-and-lockfile" (pid: 1912) listening on \\.\pipe\nx\C:\Users\ANGELA~1\AppData\Local\Temp\plugin26356-93-16138979.9656.sock
[isolated-plugin] connected to worker for "nx/js/dependencies-and-lockfile" (pid: 1912)
[isolated-plugin] connected to worker for "nx/core/package-json" (pid: 22072)
[isolated-plugin] connected to worker for "nx/core/project-json" (pid: 24796)
[plugin-worker] "nx/core/package-json" (pid: 22072) listening on \\.\pipe\nx\C:\Users\ANGELA~1\AppData\Local\Temp\plugin26356-94-16138991.581.sock
[plugin-worker] "nx/core/project-json" (pid: 24796) listening on \\.\pipe\nx\C:\Users\ANGELA~1\AppData\Local\Temp\plugin26356-95-16138999.6616.sock
[plugin-worker] "nx/js/dependencies-and-lockfile" (pid: 1912) connected
[NX v22.7.5 Daemon Server] - 2026-06-14T21:33:01.444Z - Time taken for 'start-plugin-worker:nx/js/dependencies-and-lockfile' 952.1493999995291ms
[NX v22.7.5 Daemon Server] - 2026-06-14T21:33:01.444Z - Time taken for 'start-plugin-worker:nx/core/package-json' 941.2292999997735ms
[NX v22.7.5 Daemon Server] - 2026-06-14T21:33:01.444Z - Time taken for 'start-plugin-worker:nx/core/project-json' 933.4762999992818ms
[plugin-worker] "nx/core/project-json" (pid: 24796) connected
[plugin-worker] "nx/core/package-json" (pid: 22072) connected
[1m[33mTime taken for 'plugin worker 1912 code loading' 841.4873ms[39m[22m
[1m[33mTime taken for 'plugin worker 24796 code loading' 843.0998ms[39m[22m
[1m[33mTime taken for 'plugin worker 22072 code loading' 842.6644ms[39m[22m
[plugin-worker] "nx/core/project-json" (pid: 24796) loaded successfully
[plugin-worker] "nx/core/package-json" (pid: 22072) loaded successfully
[plugin-worker] "nx/js/dependencies-and-lockfile" (pid: 1912) loaded successfully
[1m[33mTime taken for 'nx/core/project-json:createNodes' 0.35619999999994434ms[39m[22m
[isolated-plugin] shutting down worker for "nx/core/project-json" after createNodes
[1m[33mTime taken for 'nx/core/package-json:createNodes' 18.61649999999986ms[39m[22m
[isolated-plugin] shutting down worker for "nx/core/package-json" after createNodes
[1m[33mTime taken for 'nx/js/dependencies-and-lockfile:createNodes' 13.733899999999949ms[39m[22m
[NX v22.7.5 Daemon Server] - 2026-06-14T21:33:02.432Z - Time taken for 'build-project-configs' 1934.0218000002205ms
[NX v22.7.5 Daemon Server] - 2026-06-14T21:33:02.433Z - Time taken for 'createNodes:merge' 1.4287999998778105ms
[NX v22.7.5 Daemon Server] - 2026-06-14T21:33:02.433Z - Time taken for 'get-all-workspace-files' 0.201299998909235ms
[1m[33mTime taken for 'build typescript dependencies' 0.27359999999998763ms[39m[22m
[isolated-plugin] shutting down worker for "nx/js/dependencies-and-lockfile" after createDependencies
[NX v22.7.5 Daemon Server] - 2026-06-14T21:33:02.453Z - [SYNC]: collect registered sync generators
[NX v22.7.5 Daemon Server] - 2026-06-14T21:33:02.454Z - [SYNC]: project graph hash is the same, not collecting task sync generators
[NX v22.7.5 Daemon Server] - 2026-06-14T21:33:02.454Z - [SYNC]: nx.json hash is the same, not collecting global sync generators
[NX v22.7.5 Daemon Server] - 2026-06-14T21:33:02.454Z - Time taken for 'total execution time for createProjectGraph()' 27.042200000956655ms
[NX v22.7.5 Daemon Server] - 2026-06-14T21:33:02.455Z - Time taken for 'createDependencies' 20.57200000062585ms
[NX v22.7.5 Daemon Server] - 2026-06-14T21:33:02.455Z - Time taken for 'nx/js/dependencies-and-lockfile:createDependencies' 20.421299999579787ms
[NX v22.7.5 Daemon Server] - 2026-06-14T21:33:02.455Z - Time taken for 'createMetadata' 0.028699999675154686ms
[NX v22.7.5 Daemon Server] - 2026-06-14T21:33:02.455Z - Time taken for 'serialize graph' 2.27449999935925ms
DEBUG nx::native::telemetry::service: Sent 1 events: [nx/js/dependencies-and-lockfile:createDe]
[NX v22.7.5 Daemon Server] - 2026-06-14T21:33:43.491Z - [WATCHER]: test-dashboard.js was modified
[NX v22.7.5 Daemon Server] - 2026-06-14T21:33:43.491Z - [WATCHER]: File changes detected:
Created:
(none)
Updated:
  - test-dashboard.js
Deleted:
(none)
[NX v22.7.5 Daemon Server] - 2026-06-14T21:33:43.491Z - [SYNC]: clearing sync generators cache due to file changes
[NX v22.7.5 Daemon Server] - 2026-06-14T21:33:43.491Z - [WATCHER]: Processing file changes in outputs
[NX v22.7.5 Daemon Server] - 2026-06-14T21:33:43.695Z - [REQUEST]: Updated workspace context based on watched changes, recomputing project graph...
[NX v22.7.5 Daemon Server] - 2026-06-14T21:33:43.695Z - [REQUEST]: test-dashboard.js
[NX v22.7.5 Daemon Server] - 2026-06-14T21:33:43.695Z - [REQUEST]: 
[plugin-client] restarting worker for "nx/js/dependencies-and-lockfile"
[isolated-plugin] spawned worker for "nx/js/dependencies-and-lockfile" (pid: 26744, socket: \\.\pipe\nx\C:\Users\ANGELA~1\AppData\Local\Temp\plugin26356-96-16182187.2404.sock)
[plugin-client] restarting worker for "nx/core/package-json"
[isolated-plugin] spawned worker for "nx/core/package-json" (pid: 18188, socket: \\.\pipe\nx\C:\Users\ANGELA~1\AppData\Local\Temp\plugin26356-97-16182209.5084.sock)
[plugin-client] restarting worker for "nx/core/project-json"
[isolated-plugin] spawned worker for "nx/core/project-json" (pid: 32144, socket: \\.\pipe\nx\C:\Users\ANGELA~1\AppData\Local\Temp\plugin26356-98-16182217.8255.sock)
[NX v22.7.5 Daemon Server] - 2026-06-14T21:33:43.736Z - Time taken for 'hash changed files from watcher' 0.5038999989628792ms
[plugin-worker] "nx/js/dependencies-and-lockfile" (pid: 26744) listening on \\.\pipe\nx\C:\Users\ANGELA~1\AppData\Local\Temp\plugin26356-96-16182187.2404.sock
[plugin-worker] "nx/core/package-json" (pid: 18188) listening on \\.\pipe\nx\C:\Users\ANGELA~1\AppData\Local\Temp\plugin26356-97-16182209.5084.sock
[1m[33mTime taken for 'plugin worker 26744 code loading' 355.2219ms[39m[22m
[1m[33mTime taken for 'plugin worker 18188 code loading' 352.6331ms[39m[22m
[isolated-plugin] connected to worker for "nx/js/dependencies-and-lockfile" (pid: 26744)
[isolated-plugin] connected to worker for "nx/core/package-json" (pid: 18188)
[plugin-worker] "nx/js/dependencies-and-lockfile" (pid: 26744) connected
[plugin-worker] "nx/core/project-json" (pid: 32144) listening on \\.\pipe\nx\C:\Users\ANGELA~1\AppData\Local\Temp\plugin26356-98-16182217.8255.sock
[NX v22.7.5 Daemon Server] - 2026-06-14T21:33:44.149Z - Time taken for 'start-plugin-worker:nx/js/dependencies-and-lockfile' 450.90750000067055ms
[NX v22.7.5 Daemon Server] - 2026-06-14T21:33:44.149Z - Time taken for 'start-plugin-worker:nx/core/package-json' 429.1464999988675ms
[plugin-worker] "nx/core/package-json" (pid: 18188) connected
[1m[33mTime taken for 'plugin worker 32144 code loading' 350.9222ms[39m[22m
[isolated-plugin] connected to worker for "nx/core/project-json" (pid: 32144)
[NX v22.7.5 Daemon Server] - 2026-06-14T21:33:44.168Z - Time taken for 'start-plugin-worker:nx/core/project-json' 440.07599999941885ms
[plugin-worker] "nx/core/project-json" (pid: 32144) connected
[plugin-worker] "nx/core/package-json" (pid: 18188) loaded successfully
[plugin-worker] "nx/core/project-json" (pid: 32144) loaded successfully
[plugin-worker] "nx/js/dependencies-and-lockfile" (pid: 26744) loaded successfully
[1m[33mTime taken for 'nx/core/project-json:createNodes' 0.24250000000006366ms[39m[22m
[isolated-plugin] shutting down worker for "nx/core/project-json" after createNodes
[1m[33mTime taken for 'nx/core/package-json:createNodes' 14.362699999999904ms[39m[22m
[isolated-plugin] shutting down worker for "nx/core/package-json" after createNodes
[1m[33mTime taken for 'nx/js/dependencies-and-lockfile:createNodes' 7.661000000000058ms[39m[22m
[NX v22.7.5 Daemon Server] - 2026-06-14T21:33:44.834Z - Time taken for 'build-project-configs' 1130.8036000002176ms
[NX v22.7.5 Daemon Server] - 2026-06-14T21:33:44.834Z - Time taken for 'createNodes:merge' 1.0099999997764826ms
[NX v22.7.5 Daemon Server] - 2026-06-14T21:33:44.834Z - Time taken for 'get-all-workspace-files' 0.14589999988675117ms
[1m[33mTime taken for 'build typescript dependencies' 0.2500999999999749ms[39m[22m
[isolated-plugin] shutting down worker for "nx/js/dependencies-and-lockfile" after createDependencies
[NX v22.7.5 Daemon Server] - 2026-06-14T21:33:44.848Z - [SYNC]: collect registered sync generators
[NX v22.7.5 Daemon Server] - 2026-06-14T21:33:44.849Z - [SYNC]: project graph hash is the same, not collecting task sync generators
[NX v22.7.5 Daemon Server] - 2026-06-14T21:33:44.849Z - [SYNC]: nx.json hash is the same, not collecting global sync generators
[NX v22.7.5 Daemon Server] - 2026-06-14T21:33:44.849Z - Time taken for 'total execution time for createProjectGraph()' 18.33640000037849ms
[NX v22.7.5 Daemon Server] - 2026-06-14T21:33:44.849Z - Time taken for 'createDependencies' 13.671999998390675ms
[NX v22.7.5 Daemon Server] - 2026-06-14T21:33:44.849Z - Time taken for 'nx/js/dependencies-and-lockfile:createDependencies' 13.587199999019504ms
[NX v22.7.5 Daemon Server] - 2026-06-14T21:33:44.849Z - Time taken for 'createMetadata' 0.0071999989449977875ms
[NX v22.7.5 Daemon Server] - 2026-06-14T21:33:44.849Z - Time taken for 'serialize graph' 1.7221000008285046ms
DEBUG nx::native::telemetry::service: Sent 1 events: [nx/js/dependencies-and-lockfile:createDe]
[NX v22.7.5 Daemon Server] - 2026-06-14T21:34:22.200Z - [WATCHER]: apps/ledger-accounts-svc/src/dashboard/dashboard.controller.ts was modified
[NX v22.7.5 Daemon Server] - 2026-06-14T21:34:22.200Z - [WATCHER]: File changes detected:
Created:
(none)
Updated:
  - apps/ledger-accounts-svc/src/dashboard/dashboard.controller.ts
Deleted:
(none)
[NX v22.7.5 Daemon Server] - 2026-06-14T21:34:22.201Z - [SYNC]: clearing sync generators cache due to file changes
[NX v22.7.5 Daemon Server] - 2026-06-14T21:34:22.201Z - [WATCHER]: Processing file changes in outputs
[NX v22.7.5 Daemon Server] - 2026-06-14T21:34:22.608Z - [REQUEST]: Updated workspace context based on watched changes, recomputing project graph...
[NX v22.7.5 Daemon Server] - 2026-06-14T21:34:22.608Z - [REQUEST]: apps/ledger-accounts-svc/src/dashboard/dashboard.controller.ts
[NX v22.7.5 Daemon Server] - 2026-06-14T21:34:22.608Z - [REQUEST]: 
[plugin-client] restarting worker for "nx/js/dependencies-and-lockfile"
[isolated-plugin] spawned worker for "nx/js/dependencies-and-lockfile" (pid: 25524, socket: \\.\pipe\nx\C:\Users\ANGELA~1\AppData\Local\Temp\plugin26356-99-16221101.8261.sock)
[plugin-client] restarting worker for "nx/core/package-json"
[isolated-plugin] spawned worker for "nx/core/package-json" (pid: 11740, socket: \\.\pipe\nx\C:\Users\ANGELA~1\AppData\Local\Temp\plugin26356-100-16221115.2246.sock)
[plugin-client] restarting worker for "nx/core/project-json"
[isolated-plugin] spawned worker for "nx/core/project-json" (pid: 27848, socket: \\.\pipe\nx\C:\Users\ANGELA~1\AppData\Local\Temp\plugin26356-101-16221127.8779.sock)
[NX v22.7.5 Daemon Server] - 2026-06-14T21:34:22.657Z - Time taken for 'hash changed files from watcher' 0.7540000006556511ms
[isolated-plugin] connected to worker for "nx/core/package-json" (pid: 11740)
[isolated-plugin] connected to worker for "nx/core/project-json" (pid: 27848)
[plugin-worker] "nx/core/package-json" (pid: 11740) listening on \\.\pipe\nx\C:\Users\ANGELA~1\AppData\Local\Temp\plugin26356-100-16221115.2246.sock
[plugin-worker] "nx/core/project-json" (pid: 27848) listening on \\.\pipe\nx\C:\Users\ANGELA~1\AppData\Local\Temp\plugin26356-101-16221127.8779.sock
[plugin-worker] "nx/js/dependencies-and-lockfile" (pid: 25524) listening on \\.\pipe\nx\C:\Users\ANGELA~1\AppData\Local\Temp\plugin26356-99-16221101.8261.sock
[NX v22.7.5 Daemon Server] - 2026-06-14T21:34:23.271Z - Time taken for 'start-plugin-worker:nx/core/package-json' 643.998900000006ms
[NX v22.7.5 Daemon Server] - 2026-06-14T21:34:23.271Z - Time taken for 'start-plugin-worker:nx/core/project-json' 632.1835999991745ms
[plugin-worker] "nx/core/package-json" (pid: 11740) connected
[1m[33mTime taken for 'plugin worker 11740 code loading' 499.3838999999999ms[39m[22m
[plugin-worker] "nx/core/project-json" (pid: 27848) connected
[1m[33mTime taken for 'plugin worker 27848 code loading' 494.4565ms[39m[22m
[1m[33mTime taken for 'plugin worker 25524 code loading' 518.8985ms[39m[22m
[isolated-plugin] connected to worker for "nx/js/dependencies-and-lockfile" (pid: 25524)
[NX v22.7.5 Daemon Server] - 2026-06-14T21:34:23.289Z - Time taken for 'start-plugin-worker:nx/js/dependencies-and-lockfile' 678.4087999984622ms
[plugin-worker] "nx/js/dependencies-and-lockfile" (pid: 25524) connected
[plugin-worker] "nx/core/project-json" (pid: 27848) loaded successfully
[plugin-worker] "nx/core/package-json" (pid: 11740) loaded successfully
[plugin-worker] "nx/js/dependencies-and-lockfile" (pid: 25524) loaded successfully
[1m[33mTime taken for 'nx/core/project-json:createNodes' 0.5220999999999094ms[39m[22m
[isolated-plugin] shutting down worker for "nx/core/project-json" after createNodes
[1m[33mTime taken for 'nx/core/package-json:createNodes' 21.60570000000007ms[39m[22m
[isolated-plugin] shutting down worker for "nx/core/package-json" after createNodes
[1m[33mTime taken for 'nx/js/dependencies-and-lockfile:createNodes' 11.281199999999899ms[39m[22m
[NX v22.7.5 Daemon Server] - 2026-06-14T21:34:24.199Z - Time taken for 'build-project-configs' 1581.072200000286ms
[NX v22.7.5 Daemon Server] - 2026-06-14T21:34:24.199Z - Time taken for 'createNodes:merge' 1.380799999460578ms
[NX v22.7.5 Daemon Server] - 2026-06-14T21:34:24.199Z - Time taken for 'get-all-workspace-files' 0.2061999998986721ms
[1m[33mTime taken for 'build typescript dependencies' 2.692199999999957ms[39m[22m
[isolated-plugin] shutting down worker for "nx/js/dependencies-and-lockfile" after createDependencies
[NX v22.7.5 Daemon Server] - 2026-06-14T21:34:24.219Z - [SYNC]: collect registered sync generators
[NX v22.7.5 Daemon Server] - 2026-06-14T21:34:24.220Z - [SYNC]: project graph hash is the same, not collecting task sync generators
[NX v22.7.5 Daemon Server] - 2026-06-14T21:34:24.220Z - [SYNC]: nx.json hash is the same, not collecting global sync generators
[NX v22.7.5 Daemon Server] - 2026-06-14T21:34:24.220Z - Time taken for 'total execution time for createProjectGraph()' 25.04079999960959ms
[NX v22.7.5 Daemon Server] - 2026-06-14T21:34:24.220Z - Time taken for 'createDependencies' 19.305099999532104ms
[NX v22.7.5 Daemon Server] - 2026-06-14T21:34:24.220Z - Time taken for 'nx/js/dependencies-and-lockfile:createDependencies' 19.165599999949336ms
[NX v22.7.5 Daemon Server] - 2026-06-14T21:34:24.220Z - Time taken for 'createMetadata' 0.012400001287460327ms
[NX v22.7.5 Daemon Server] - 2026-06-14T21:34:24.220Z - Time taken for 'serialize graph' 2.3346999995410442ms
DEBUG nx::native::telemetry::service: Sent 1 events: [nx/js/dependencies-and-lockfile:createDe]
[NX v22.7.5 Daemon Server] - 2026-06-14T21:35:15.169Z - Established a connection. Number of open connections: 1
[NX v22.7.5 Daemon Server] - 2026-06-14T21:35:15.172Z - Closed a connection. Number of open connections: 0
[NX v22.7.5 Daemon Server] - 2026-06-14T21:35:15.172Z - Established a connection. Number of open connections: 1
[NX v22.7.5 Daemon Server] - 2026-06-14T21:35:15.172Z - Closed a connection. Number of open connections: 0
[NX v22.7.5 Daemon Server] - 2026-06-14T21:35:15.173Z - Established a connection. Number of open connections: 1
[NX v22.7.5 Daemon Client] - 2026-06-14T21:35:15.173Z - [Messenger] Setting up socket listeners
[NX v22.7.5 Daemon Client] - 2026-06-14T21:35:15.175Z - [Messenger] listen() complete
[NX v22.7.5 Daemon Client] - 2026-06-14T21:35:15.815Z - [Messenger] Sending message type: GET_NX_CONSOLE_STATUS
[NX v22.7.5 Daemon Client] - 2026-06-14T21:35:15.817Z - [Messenger] Message sent
[NX v22.7.5 Daemon Server] - 2026-06-14T21:35:15.820Z - Received raw message of length 7041
[NX v22.7.5 Daemon Server] - 2026-06-14T21:35:15.820Z - Received json message of type GET_NX_CONSOLE_STATUS
[NX v22.7.5 Daemon Server] - 2026-06-14T21:35:15.820Z - Refreshing env var ANTIGRAVITY_SOURCE_METADATA from client connection.
[NX v22.7.5 Daemon Server] - 2026-06-14T21:35:15.821Z - Refreshing env var NX_ANALYTICS_SESSION_ID from client connection.
[NX v22.7.5 Daemon Server] - 2026-06-14T21:35:15.821Z - Graph recompute necessary due to env variable refresh
[NX v22.7.5 Daemon Server] - 2026-06-14T21:35:15.822Z - Serializing response for GET_NX_CONSOLE_STATUS message in json mode
[NX v22.7.5 Daemon Server] - 2026-06-14T21:35:15.822Z - Responding to GET_NX_CONSOLE_STATUS message
[NX v22.7.5 Daemon Server] - 2026-06-14T21:35:15.822Z - [REQUEST]: Responding to the client. handleGetNxConsoleStatus
[NX v22.7.5 Daemon Server] - 2026-06-14T21:35:15.822Z - Done responding to the client handleGetNxConsoleStatus
[NX v22.7.5 Daemon Server] - 2026-06-14T21:35:15.822Z - Handled json message GET_NX_CONSOLE_STATUS. Handling time: 1. Response time: 0.
[NX v22.7.5 Daemon Client] - 2026-06-14T21:35:15.823Z - [Messenger] Received message, length: 22
[NX v22.7.5 Daemon Client] - 2026-06-14T21:35:16.055Z - [Messenger] Sending message type: REQUEST_PROJECT_GRAPH
[NX v22.7.5 Daemon Client] - 2026-06-14T21:35:16.056Z - [Messenger] Message sent
[NX v22.7.5 Daemon Server] - 2026-06-14T21:35:16.057Z - Received raw message of length 32
[NX v22.7.5 Daemon Server] - 2026-06-14T21:35:16.057Z - Received json message of type REQUEST_PROJECT_GRAPH
[NX v22.7.5 Daemon Server] - 2026-06-14T21:35:16.057Z - [REQUEST]: Client Request for Project Graph Received
[NX v22.7.5 Daemon Server] - 2026-06-14T21:35:16.058Z - [REQUEST]: Updated workspace context based on watched changes, recomputing project graph...
[NX v22.7.5 Daemon Server] - 2026-06-14T21:35:16.058Z - [REQUEST]: 
[NX v22.7.5 Daemon Server] - 2026-06-14T21:35:16.058Z - [REQUEST]: 
[NX v22.7.5 Daemon Server] - 2026-06-14T21:35:16.059Z - No files changed, but no in-memory cached project graph found. Recomputing it...
[NX v22.7.5 Daemon Server] - 2026-06-14T21:35:16.059Z - Streaming message to client: progress update for topic graph-construction
[plugin-client] restarting worker for "nx/js/dependencies-and-lockfile"
[NX v22.7.5 Daemon Client] - 2026-06-14T21:35:16.060Z - [Messenger] Received message, length: 47
[isolated-plugin] spawned worker for "nx/js/dependencies-and-lockfile" (pid: 16468, socket: \\.\pipe\nx\C:\Users\ANGELA~1\AppData\Local\Temp\plugin26356-102-16274550.618.sock)
[plugin-client] restarting worker for "nx/core/package-json"
[isolated-plugin] spawned worker for "nx/core/package-json" (pid: 24128, socket: \\.\pipe\nx\C:\Users\ANGELA~1\AppData\Local\Temp\plugin26356-103-16274562.2253.sock)
[plugin-client] restarting worker for "nx/core/project-json"
[isolated-plugin] spawned worker for "nx/core/project-json" (pid: 31348, socket: \\.\pipe\nx\C:\Users\ANGELA~1\AppData\Local\Temp\plugin26356-104-16274571.863.sock)
[NX v22.7.5 Daemon Server] - 2026-06-14T21:35:16.092Z - Time taken for 'hash changed files from watcher' 0.2293999996036291ms
[isolated-plugin] connected to worker for "nx/js/dependencies-and-lockfile" (pid: 16468)
[plugin-worker] "nx/js/dependencies-and-lockfile" (pid: 16468) listening on \\.\pipe\nx\C:\Users\ANGELA~1\AppData\Local\Temp\plugin26356-102-16274550.618.sock
[NX v22.7.5 Daemon Server] - 2026-06-14T21:35:16.637Z - Time taken for 'start-plugin-worker:nx/js/dependencies-and-lockfile' 576.8457000013441ms
[plugin-worker] "nx/js/dependencies-and-lockfile" (pid: 16468) connected
[1m[33mTime taken for 'plugin worker 16468 code loading' 477.1597ms[39m[22m
[isolated-plugin] connected to worker for "nx/core/project-json" (pid: 31348)
[plugin-worker] "nx/core/project-json" (pid: 31348) listening on \\.\pipe\nx\C:\Users\ANGELA~1\AppData\Local\Temp\plugin26356-104-16274571.863.sock
[NX v22.7.5 Daemon Server] - 2026-06-14T21:35:16.653Z - Time taken for 'start-plugin-worker:nx/core/project-json' 571.6454999987036ms
[plugin-worker] "nx/core/project-json" (pid: 31348) connected
[plugin-worker] "nx/core/package-json" (pid: 24128) listening on \\.\pipe\nx\C:\Users\ANGELA~1\AppData\Local\Temp\plugin26356-103-16274562.2253.sock
[1m[33mTime taken for 'plugin worker 31348 code loading' 472.12000000000006ms[39m[22m
[1m[33mTime taken for 'plugin worker 24128 code loading' 479.17440000000005ms[39m[22m
[isolated-plugin] connected to worker for "nx/core/package-json" (pid: 24128)
[NX v22.7.5 Daemon Server] - 2026-06-14T21:35:16.670Z - Time taken for 'start-plugin-worker:nx/core/package-json' 598.6589999999851ms
[plugin-worker] "nx/core/package-json" (pid: 24128) connected
[plugin-worker] "nx/core/project-json" (pid: 31348) loaded successfully
[plugin-worker] "nx/js/dependencies-and-lockfile" (pid: 16468) loaded successfully
[plugin-worker] "nx/core/package-json" (pid: 24128) loaded successfully
[1m[33mTime taken for 'nx/core/project-json:createNodes' 0.3004000000000815ms[39m[22m
[isolated-plugin] shutting down worker for "nx/core/project-json" after createNodes
[NX v22.7.5 Daemon Server] - 2026-06-14T21:35:17.551Z - Streaming message to client: progress update for topic graph-construction
[NX v22.7.5 Daemon Client] - 2026-06-14T21:35:17.552Z - [Messenger] Received message, length: 153
[1m[33mTime taken for 'nx/js/dependencies-and-lockfile:createNodes' 10.354499999999916ms[39m[22m
[NX v22.7.5 Daemon Server] - 2026-06-14T21:35:17.587Z - Streaming message to client: progress update for topic graph-construction
[NX v22.7.5 Daemon Client] - 2026-06-14T21:35:17.588Z - [Messenger] Received message, length: 101
[1m[33mTime taken for 'nx/core/package-json:createNodes' 22.234100000000126ms[39m[22m
[isolated-plugin] shutting down worker for "nx/core/package-json" after createNodes
[NX v22.7.5 Daemon Server] - 2026-06-14T21:35:17.600Z - Streaming message to client: progress update for topic graph-construction
[NX v22.7.5 Daemon Client] - 2026-06-14T21:35:17.601Z - [Messenger] Received message, length: 47
[NX v22.7.5 Daemon Server] - 2026-06-14T21:35:17.608Z - Streaming message to client: progress update for topic graph-construction
[NX v22.7.5 Daemon Server] - 2026-06-14T21:35:17.610Z - Time taken for 'build-project-configs' 1542.9009000007063ms
[NX v22.7.5 Daemon Server] - 2026-06-14T21:35:17.610Z - Time taken for 'createNodes:merge' 1.7285000011324883ms
[NX v22.7.5 Daemon Server] - 2026-06-14T21:35:17.610Z - Time taken for 'get-all-workspace-files' 0.22620000131428242ms
[NX v22.7.5 Daemon Client] - 2026-06-14T21:35:17.613Z - [Messenger] Received message, length: 47
[1m[33mTime taken for 'build typescript dependencies' 0.2556999999999334ms[39m[22m
[isolated-plugin] shutting down worker for "nx/js/dependencies-and-lockfile" after createDependencies
[NX v22.7.5 Daemon Server] - 2026-06-14T21:35:17.626Z - Streaming message to client: progress update for topic graph-construction
[NX v22.7.5 Daemon Client] - 2026-06-14T21:35:17.627Z - [Messenger] Received message, length: 47
[NX v22.7.5 Daemon Server] - 2026-06-14T21:35:17.647Z - Wrote project graph cache to C:\Users\Angel Aubrey\Documents\stone-cap\Finance-System_Capstone-1\backend\.nx\workspace-data\project-graph.json
[NX v22.7.5 Daemon Server] - 2026-06-14T21:35:17.647Z - Serializing response for REQUEST_PROJECT_GRAPH message in json mode
[NX v22.7.5 Daemon Server] - 2026-06-14T21:35:17.647Z - Responding to REQUEST_PROJECT_GRAPH message
[NX v22.7.5 Daemon Server] - 2026-06-14T21:35:17.647Z - [REQUEST]: Responding to the client. project-graph
[NX v22.7.5 Daemon Server] - 2026-06-14T21:35:17.648Z - Time taken for 'total for creating and serializing project graph' 1590.3476999998093ms
[NX v22.7.5 Daemon Server] - 2026-06-14T21:35:17.648Z - Time taken for 'total execution time for createProjectGraph()' 26.161599999293685ms
[NX v22.7.5 Daemon Server] - 2026-06-14T21:35:17.648Z - Time taken for 'createDependencies' 20.39699999988079ms
[NX v22.7.5 Daemon Server] - 2026-06-14T21:35:17.648Z - Time taken for 'nx/js/dependencies-and-lockfile:createDependencies' 20.138700000941753ms
[NX v22.7.5 Daemon Server] - 2026-06-14T21:35:17.648Z - Time taken for 'createMetadata' 0.015399999916553497ms
[NX v22.7.5 Daemon Server] - 2026-06-14T21:35:17.648Z - Time taken for 'serialize graph' 2.857499999925494ms
[NX v22.7.5 Daemon Server] - 2026-06-14T21:35:17.648Z - Time taken for 'write cache' 14.614499999210238ms
[NX v22.7.5 Daemon Server] - 2026-06-14T21:35:17.652Z - Done responding to the client project-graph
[NX v22.7.5 Daemon Server] - 2026-06-14T21:35:17.652Z - Handled json message REQUEST_PROJECT_GRAPH. Handling time: 1590. Response time: 5.
[NX v22.7.5 Daemon Client] - 2026-06-14T21:35:17.653Z - [Messenger] Received message, length: 402156
[NX v22.7.5 Daemon Client] - 2026-06-14T21:35:17.663Z - [Messenger] Sending message type: PRE_TASKS_EXECUTION
[NX v22.7.5 Daemon Client] - 2026-06-14T21:35:17.664Z - [Messenger] Message sent
[NX v22.7.5 Daemon Server] - 2026-06-14T21:35:17.665Z - Received raw message of length 460
[NX v22.7.5 Daemon Server] - 2026-06-14T21:35:17.665Z - Received json message of type PRE_TASKS_EXECUTION
[NX v22.7.5 Daemon Server] - 2026-06-14T21:35:17.666Z - Serializing response for PRE_TASKS_EXECUTION message in json mode
[NX v22.7.5 Daemon Server] - 2026-06-14T21:35:17.666Z - Responding to PRE_TASKS_EXECUTION message
[NX v22.7.5 Daemon Server] - 2026-06-14T21:35:17.666Z - [REQUEST]: Responding to the client. handleRunPreTasksExecution
[NX v22.7.5 Daemon Server] - 2026-06-14T21:35:17.667Z - Time taken for 'preTasksExecution' 0.9470000006258488ms
[NX v22.7.5 Daemon Server] - 2026-06-14T21:35:17.667Z - Done responding to the client handleRunPreTasksExecution
[NX v22.7.5 Daemon Server] - 2026-06-14T21:35:17.667Z - Handled json message PRE_TASKS_EXECUTION. Handling time: 1. Response time: 1.
[NX v22.7.5 Daemon Client] - 2026-06-14T21:35:17.667Z - [Messenger] Received message, length: 2
DEBUG nx::native::telemetry::service: Sent 1 events: [nx/js/dependencies-and-lockfile:createDe]
[NX v22.7.5 Daemon Client] - 2026-06-14T21:35:17.761Z - [Messenger] Sending message type: HASH_TASKS
[NX v22.7.5 Daemon Client] - 2026-06-14T21:35:17.762Z - [Messenger] Message sent
[NX v22.7.5 Daemon Server] - 2026-06-14T21:35:17.764Z - Received raw message of length 9665
[NX v22.7.5 Daemon Server] - 2026-06-14T21:35:17.765Z - Received json message of type HASH_TASKS
[NX v22.7.5 Daemon Server] - 2026-06-14T21:35:17.765Z - Reusing in-memory cached project graph because no files changed.
DEBUG nx::native::tasks::hash_planner: get_plans_internal COMPLETED in 7.5972ms - processed 1 tasks (setup: 2.4944ms, parallel_planning: 5.0865ms)
DEBUG nx::native::tasks::hashers::hash_workspace_files: Hashing workspace fileset with inputs: Adding "4121383594453999496" ("nx.json") to hash
DEBUG nx::native::tasks::hashers::hash_workspace_files: Hashing workspace fileset with inputs: Hash Value: "11519682898367188692"
DEBUG nx::native::tasks::task_hasher: hash_plans COMPLETED in 8.1294ms - processed 1 plans (setup: 443µs, hashing: 7.6785ms, assembly: 2.5822ms)
[NX v22.7.5 Daemon Server] - 2026-06-14T21:35:17.793Z - Serializing response for HASH_TASKS message in json mode
[NX v22.7.5 Daemon Server] - 2026-06-14T21:35:17.793Z - Responding to HASH_TASKS message
[NX v22.7.5 Daemon Server] - 2026-06-14T21:35:17.793Z - [REQUEST]: Responding to the client. handleHashTasks
[NX v22.7.5 Daemon Client] - 2026-06-14T21:35:17.794Z - [Messenger] Received message, length: 31845
[NX v22.7.5 Daemon Server] - 2026-06-14T21:35:17.795Z - Done responding to the client handleHashTasks
[NX v22.7.5 Daemon Server] - 2026-06-14T21:35:17.795Z - Handled json message HASH_TASKS. Handling time: 28. Response time: 2.
[NX v22.7.5 Daemon Client] - 2026-06-14T21:35:17.815Z - [Messenger] Sending message type: GET_ESTIMATED_TASK_TIMINGS
[NX v22.7.5 Daemon Client] - 2026-06-14T21:35:17.816Z - [Messenger] Message sent
[NX v22.7.5 Daemon Server] - 2026-06-14T21:35:17.821Z - Received raw message of length 100
[NX v22.7.5 Daemon Server] - 2026-06-14T21:35:17.821Z - Received json message of type GET_ESTIMATED_TASK_TIMINGS
[NX v22.7.5 Daemon Server] - 2026-06-14T21:35:17.823Z - Serializing response for GET_ESTIMATED_TASK_TIMINGS message in json mode
[NX v22.7.5 Daemon Server] - 2026-06-14T21:35:17.823Z - Responding to GET_ESTIMATED_TASK_TIMINGS message
[NX v22.7.5 Daemon Server] - 2026-06-14T21:35:17.823Z - [REQUEST]: Responding to the client. handleGetEstimatedTaskTimings
[NX v22.7.5 Daemon Server] - 2026-06-14T21:35:17.824Z - Done responding to the client handleGetEstimatedTaskTimings
[NX v22.7.5 Daemon Server] - 2026-06-14T21:35:17.824Z - Handled json message GET_ESTIMATED_TASK_TIMINGS. Handling time: 2. Response time: 1.
[NX v22.7.5 Daemon Client] - 2026-06-14T21:35:17.824Z - [Messenger] Received message, length: 34
[NX v22.7.5 Daemon Server] - 2026-06-14T21:35:21.026Z - [WATCHER]: Processing file changes in outputs
[NX v22.7.5 Daemon Server] - 2026-06-14T21:35:21.026Z - [WATCHER]: apps/ledger-accounts-svc/dist was deleted
[NX v22.7.5 Daemon Server] - 2026-06-14T21:35:21.026Z - [WATCHER]: File changes detected:
Created:
(none)
Updated:
(none)
Deleted:
  - apps/ledger-accounts-svc/dist
[NX v22.7.5 Daemon Server] - 2026-06-14T21:35:21.026Z - [SYNC]: clearing sync generators cache due to file changes
[NX v22.7.5 Daemon Server] - 2026-06-14T21:35:21.136Z - [REQUEST]: Updated workspace context based on watched changes, recomputing project graph...
[NX v22.7.5 Daemon Server] - 2026-06-14T21:35:21.136Z - [REQUEST]: 
[NX v22.7.5 Daemon Server] - 2026-06-14T21:35:21.137Z - [REQUEST]: apps/ledger-accounts-svc/dist
[plugin-client] restarting worker for "nx/js/dependencies-and-lockfile"
[isolated-plugin] spawned worker for "nx/js/dependencies-and-lockfile" (pid: 23316, socket: \\.\pipe\nx\C:\Users\ANGELA~1\AppData\Local\Temp\plugin26356-105-16279629.0943.sock)
[plugin-client] restarting worker for "nx/core/package-json"
[isolated-plugin] spawned worker for "nx/core/package-json" (pid: 31408, socket: \\.\pipe\nx\C:\Users\ANGELA~1\AppData\Local\Temp\plugin26356-106-16279637.3251.sock)
[plugin-client] restarting worker for "nx/core/project-json"
[isolated-plugin] spawned worker for "nx/core/project-json" (pid: 8004, socket: \\.\pipe\nx\C:\Users\ANGELA~1\AppData\Local\Temp\plugin26356-107-16279646.293.sock)
[NX v22.7.5 Daemon Server] - 2026-06-14T21:35:21.163Z - Time taken for 'hash changed files from watcher' 1.8891000002622604ms
[isolated-plugin] connected to worker for "nx/js/dependencies-and-lockfile" (pid: 23316)
[isolated-plugin] connected to worker for "nx/core/package-json" (pid: 31408)
[plugin-worker] "nx/core/package-json" (pid: 31408) listening on \\.\pipe\nx\C:\Users\ANGELA~1\AppData\Local\Temp\plugin26356-106-16279637.3251.sock
[plugin-worker] "nx/js/dependencies-and-lockfile" (pid: 23316) listening on \\.\pipe\nx\C:\Users\ANGELA~1\AppData\Local\Temp\plugin26356-105-16279629.0943.sock
[NX v22.7.5 Daemon Server] - 2026-06-14T21:35:21.727Z - Time taken for 'start-plugin-worker:nx/js/dependencies-and-lockfile' 587.5830000005662ms
[NX v22.7.5 Daemon Server] - 2026-06-14T21:35:21.727Z - Time taken for 'start-plugin-worker:nx/core/package-json' 579.7620000001043ms
[plugin-worker] "nx/core/package-json" (pid: 31408) connected
[1m[33mTime taken for 'plugin worker 31408 code loading' 492.84090000000003ms[39m[22m
[plugin-worker] "nx/js/dependencies-and-lockfile" (pid: 23316) connected
[1m[33mTime taken for 'plugin worker 23316 code loading' 498.7849ms[39m[22m
[plugin-worker] "nx/core/project-json" (pid: 8004) listening on \\.\pipe\nx\C:\Users\ANGELA~1\AppData\Local\Temp\plugin26356-107-16279646.293.sock
[1m[33mTime taken for 'plugin worker 8004 code loading' 496.4622ms[39m[22m
[isolated-plugin] connected to worker for "nx/core/project-json" (pid: 8004)
[NX v22.7.5 Daemon Server] - 2026-06-14T21:35:21.758Z - Time taken for 'start-plugin-worker:nx/core/project-json' 602.4327000007033ms
[plugin-worker] "nx/core/project-json" (pid: 8004) connected
[plugin-worker] "nx/core/package-json" (pid: 31408) loaded successfully
[plugin-worker] "nx/core/project-json" (pid: 8004) loaded successfully
[plugin-worker] "nx/js/dependencies-and-lockfile" (pid: 23316) loaded successfully
[1m[33mTime taken for 'nx/core/project-json:createNodes' 0.45470000000000255ms[39m[22m
[isolated-plugin] shutting down worker for "nx/core/project-json" after createNodes
[1m[33mTime taken for 'nx/core/package-json:createNodes' 21.107799999999997ms[39m[22m
[isolated-plugin] shutting down worker for "nx/core/package-json" after createNodes
[1m[33mTime taken for 'nx/js/dependencies-and-lockfile:createNodes' 9.187999999999874ms[39m[22m
[NX v22.7.5 Daemon Server] - 2026-06-14T21:35:22.511Z - Time taken for 'build-project-configs' 1367.1329999994487ms
[NX v22.7.5 Daemon Server] - 2026-06-14T21:35:22.511Z - Time taken for 'createNodes:merge' 1.0249999985098839ms
[NX v22.7.5 Daemon Server] - 2026-06-14T21:35:22.511Z - Time taken for 'get-all-workspace-files' 0.1493999995291233ms
[1m[33mTime taken for 'build typescript dependencies' 0.23319999999989705ms[39m[22m
[isolated-plugin] shutting down worker for "nx/js/dependencies-and-lockfile" after createDependencies
[NX v22.7.5 Daemon Server] - 2026-06-14T21:35:22.527Z - [SYNC]: collect registered sync generators
[NX v22.7.5 Daemon Server] - 2026-06-14T21:35:22.527Z - [SYNC]: project graph hash is the same, not collecting task sync generators
[NX v22.7.5 Daemon Server] - 2026-06-14T21:35:22.528Z - [SYNC]: nx.json hash is the same, not collecting global sync generators
[NX v22.7.5 Daemon Server] - 2026-06-14T21:35:22.528Z - Time taken for 'total execution time for createProjectGraph()' 19.69450000114739ms
[NX v22.7.5 Daemon Server] - 2026-06-14T21:35:22.528Z - Time taken for 'createDependencies' 15.302999999374151ms
[NX v22.7.5 Daemon Server] - 2026-06-14T21:35:22.528Z - Time taken for 'nx/js/dependencies-and-lockfile:createDependencies' 15.196699999272823ms
[NX v22.7.5 Daemon Server] - 2026-06-14T21:35:22.528Z - Time taken for 'createMetadata' 0.008499998599290848ms
[NX v22.7.5 Daemon Server] - 2026-06-14T21:35:22.528Z - Time taken for 'serialize graph' 1.6404999997466803ms
DEBUG nx::native::telemetry::service: Sent 1 events: [nx/js/dependencies-and-lockfile:createDe]
[NX v22.7.5 Daemon Server] - 2026-06-14T21:35:24.530Z - [WATCHER]: 0 file(s) created or restored, 0 file(s) modified, 0 file(s) deleted
[NX v22.7.5 Daemon Server] - 2026-06-14T21:35:24.736Z - [REQUEST]: Updated workspace context based on watched changes, recomputing project graph...
[NX v22.7.5 Daemon Server] - 2026-06-14T21:35:24.736Z - [REQUEST]: 
[NX v22.7.5 Daemon Server] - 2026-06-14T21:35:24.736Z - [REQUEST]: 
[plugin-client] restarting worker for "nx/js/dependencies-and-lockfile"
[isolated-plugin] spawned worker for "nx/js/dependencies-and-lockfile" (pid: 18516, socket: \\.\pipe\nx\C:\Users\ANGELA~1\AppData\Local\Temp\plugin26356-108-16283228.9081.sock)
[plugin-client] restarting worker for "nx/core/package-json"
[isolated-plugin] spawned worker for "nx/core/package-json" (pid: 22412, socket: \\.\pipe\nx\C:\Users\ANGELA~1\AppData\Local\Temp\plugin26356-109-16283240.192.sock)
[plugin-client] restarting worker for "nx/core/project-json"
[isolated-plugin] spawned worker for "nx/core/project-json" (pid: 24340, socket: \\.\pipe\nx\C:\Users\ANGELA~1\AppData\Local\Temp\plugin26356-110-16283249.4808.sock)
[NX v22.7.5 Daemon Server] - 2026-06-14T21:35:24.768Z - Time taken for 'hash changed files from watcher' 0.2613999992609024ms
[NX v22.7.5 Daemon Server] - 2026-06-14T21:35:25.176Z - [WATCHER]: 0 file(s) created or restored, 0 file(s) modified, 0 file(s) deleted
[isolated-plugin] connected to worker for "nx/core/package-json" (pid: 22412)
[plugin-worker] "nx/core/package-json" (pid: 22412) listening on \\.\pipe\nx\C:\Users\ANGELA~1\AppData\Local\Temp\plugin26356-109-16283240.192.sock
[NX v22.7.5 Daemon Server] - 2026-06-14T21:35:25.347Z - Time taken for 'start-plugin-worker:nx/core/package-json' 597.6140000000596ms
[plugin-worker] "nx/core/package-json" (pid: 22412) connected
[1m[33mTime taken for 'plugin worker 22412 code loading' 486.1161ms[39m[22m
[plugin-worker] "nx/core/project-json" (pid: 24340) listening on \\.\pipe\nx\C:\Users\ANGELA~1\AppData\Local\Temp\plugin26356-110-16283249.4808.sock
[plugin-worker] "nx/js/dependencies-and-lockfile" (pid: 18516) listening on \\.\pipe\nx\C:\Users\ANGELA~1\AppData\Local\Temp\plugin26356-108-16283228.9081.sock
[1m[33mTime taken for 'plugin worker 24340 code loading' 487.4601ms[39m[22m
[isolated-plugin] connected to worker for "nx/core/project-json" (pid: 24340)
[isolated-plugin] connected to worker for "nx/js/dependencies-and-lockfile" (pid: 18516)
[1m[33mTime taken for 'plugin worker 18516 code loading' 500.6121ms[39m[22m
[NX v22.7.5 Daemon Server] - 2026-06-14T21:35:25.358Z - Time taken for 'start-plugin-worker:nx/js/dependencies-and-lockfile' 619.5656000003219ms
[NX v22.7.5 Daemon Server] - 2026-06-14T21:35:25.358Z - Time taken for 'start-plugin-worker:nx/core/project-json' 598.0458999983966ms
[plugin-worker] "nx/core/project-json" (pid: 24340) connected
[plugin-worker] "nx/js/dependencies-and-lockfile" (pid: 18516) connected
[NX v22.7.5 Daemon Server] - 2026-06-14T21:35:25.517Z - [WATCHER]: 0 file(s) created or restored, 0 file(s) modified, 0 file(s) deleted
[plugin-worker] "nx/core/package-json" (pid: 22412) loaded successfully
[plugin-worker] "nx/core/project-json" (pid: 24340) loaded successfully
[plugin-worker] "nx/js/dependencies-and-lockfile" (pid: 18516) loaded successfully
[NX v22.7.5 Daemon Server] - 2026-06-14T21:35:25.582Z - [REQUEST]: Updated workspace context based on watched changes, recomputing project graph...
[NX v22.7.5 Daemon Server] - 2026-06-14T21:35:25.582Z - [REQUEST]: 
[NX v22.7.5 Daemon Server] - 2026-06-14T21:35:25.582Z - [REQUEST]: 
[NX v22.7.5 Daemon Server] - 2026-06-14T21:35:25.585Z - Time taken for 'hash changed files from watcher' 0.34729999862611294ms
[NX v22.7.5 Daemon Client] - 2026-06-14T21:35:26.136Z - [Messenger] Sending message type: RECORD_OUTPUTS_HASH_BATCH
[NX v22.7.5 Daemon Client] - 2026-06-14T21:35:26.137Z - [Messenger] Message sent
[NX v22.7.5 Daemon Server] - 2026-06-14T21:35:26.138Z - Received raw message of length 219
[NX v22.7.5 Daemon Server] - 2026-06-14T21:35:26.138Z - Received json message of type RECORD_OUTPUTS_HASH_BATCH
[NX v22.7.5 Daemon Server] - 2026-06-14T21:35:26.153Z - Serializing response for RECORD_OUTPUTS_HASH_BATCH message in json mode
[NX v22.7.5 Daemon Server] - 2026-06-14T21:35:26.153Z - Responding to RECORD_OUTPUTS_HASH_BATCH message
[NX v22.7.5 Daemon Server] - 2026-06-14T21:35:26.153Z - [REQUEST]: Responding to the client. recordOutputsHashBatch
[NX v22.7.5 Daemon Server] - 2026-06-14T21:35:26.153Z - Done responding to the client recordOutputsHashBatch
[NX v22.7.5 Daemon Server] - 2026-06-14T21:35:26.153Z - Handled json message RECORD_OUTPUTS_HASH_BATCH. Handling time: 15. Response time: 0.
[NX v22.7.5 Daemon Client] - 2026-06-14T21:35:26.154Z - [Messenger] Received message, length: 2
[NX v22.7.5 Daemon Client] - 2026-06-14T21:35:26.161Z - [Messenger] Sending message type: RECORD_TASK_RUNS
[NX v22.7.5 Daemon Client] - 2026-06-14T21:35:26.162Z - [Messenger] Message sent
[NX v22.7.5 Daemon Server] - 2026-06-14T21:35:26.164Z - Received raw message of length 219
[NX v22.7.5 Daemon Server] - 2026-06-14T21:35:26.164Z - Received json message of type RECORD_TASK_RUNS
[NX v22.7.5 Daemon Server] - 2026-06-14T21:35:26.168Z - Serializing response for RECORD_TASK_RUNS message in json mode
[NX v22.7.5 Daemon Server] - 2026-06-14T21:35:26.168Z - Responding to RECORD_TASK_RUNS message
[NX v22.7.5 Daemon Server] - 2026-06-14T21:35:26.168Z - [REQUEST]: Responding to the client. handleRecordTaskRuns
[NX v22.7.5 Daemon Server] - 2026-06-14T21:35:26.169Z - Done responding to the client handleRecordTaskRuns
[NX v22.7.5 Daemon Server] - 2026-06-14T21:35:26.169Z - Handled json message RECORD_TASK_RUNS. Handling time: 4. Response time: 1.
[NX v22.7.5 Daemon Client] - 2026-06-14T21:35:26.169Z - [Messenger] Received message, length: 4
[NX v22.7.5 Daemon Server] - 2026-06-14T21:35:26.171Z - Established a connection. Number of open connections: 2
[NX v22.7.5 Daemon Server] - 2026-06-14T21:35:26.172Z - Closed a connection. Number of open connections: 1
[NX v22.7.5 Daemon Client] - 2026-06-14T21:35:26.172Z - [Messenger] Sending message type: GET_CONFIGURE_AI_AGENTS_STATUS
[NX v22.7.5 Daemon Client] - 2026-06-14T21:35:26.173Z - [Messenger] Message sent
[NX v22.7.5 Daemon Server] - 2026-06-14T21:35:26.174Z - Received raw message of length 41
[NX v22.7.5 Daemon Server] - 2026-06-14T21:35:26.174Z - Received json message of type GET_CONFIGURE_AI_AGENTS_STATUS
[NX v22.7.5 Daemon Server] - 2026-06-14T21:35:26.174Z - [AI-AGENTS]: Returning cached agent configuration status
[NX v22.7.5 Daemon Server] - 2026-06-14T21:35:26.174Z - Serializing response for GET_CONFIGURE_AI_AGENTS_STATUS message in json mode
[NX v22.7.5 Daemon Server] - 2026-06-14T21:35:26.174Z - Responding to GET_CONFIGURE_AI_AGENTS_STATUS message
[NX v22.7.5 Daemon Server] - 2026-06-14T21:35:26.175Z - [REQUEST]: Responding to the client. handleGetConfigureAiAgentsStatus
[NX v22.7.5 Daemon Server] - 2026-06-14T21:35:26.175Z - Done responding to the client handleGetConfigureAiAgentsStatus
[NX v22.7.5 Daemon Server] - 2026-06-14T21:35:26.175Z - Handled json message GET_CONFIGURE_AI_AGENTS_STATUS. Handling time: 0. Response time: 1.
[NX v22.7.5 Daemon Client] - 2026-06-14T21:35:26.175Z - [Messenger] Received message, length: 104
[NX v22.7.5 Daemon Client] - 2026-06-14T21:35:26.177Z - [Messenger] Sending message type: POST_TASKS_EXECUTION
[NX v22.7.5 Daemon Client] - 2026-06-14T21:35:26.179Z - [Messenger] Message sent
[NX v22.7.5 Daemon Server] - 2026-06-14T21:35:26.179Z - Received raw message of length 32837
[NX v22.7.5 Daemon Server] - 2026-06-14T21:35:26.180Z - Received json message of type POST_TASKS_EXECUTION
[NX v22.7.5 Daemon Server] - 2026-06-14T21:35:26.181Z - Serializing response for POST_TASKS_EXECUTION message in json mode
[NX v22.7.5 Daemon Server] - 2026-06-14T21:35:26.181Z - Responding to POST_TASKS_EXECUTION message
[NX v22.7.5 Daemon Server] - 2026-06-14T21:35:26.181Z - [REQUEST]: Responding to the client. handleRunPostTasksExecution
[NX v22.7.5 Daemon Server] - 2026-06-14T21:35:26.181Z - Time taken for 'postTasksExecution' 0.6688000001013279ms
[NX v22.7.5 Daemon Client] - 2026-06-14T21:35:26.182Z - [Messenger] Received message, length: 4
[NX v22.7.5 Daemon Server] - 2026-06-14T21:35:26.184Z - Done responding to the client handleRunPostTasksExecution
[NX v22.7.5 Daemon Server] - 2026-06-14T21:35:26.184Z - Handled json message POST_TASKS_EXECUTION. Handling time: 1. Response time: 3.
[1m[33mTime taken for 'nx/core/project-json:createNodes' 0.08140000000003056ms[39m[22m
[1m[33mTime taken for 'nx/core/project-json:createNodes' 0.21780000000012478ms[39m[22m
[isolated-plugin] shutting down worker for "nx/core/project-json" after createNodes
[1m[33mTime taken for 'nx/js/dependencies-and-lockfile:createNodes' 6.052699999999959ms[39m[22m
[1m[33mTime taken for 'nx/js/dependencies-and-lockfile:createNodes' 6.190299999999979ms[39m[22m
[1m[33mTime taken for 'nx/core/package-json:createNodes' 7.449200000000019ms[39m[22m
[1m[33mTime taken for 'nx/core/package-json:createNodes' 7.5978999999999814ms[39m[22m
[isolated-plugin] shutting down worker for "nx/core/package-json" after createNodes
[NX v22.7.5 Daemon Server] - 2026-06-14T21:35:26.246Z - Time taken for 'build-project-configs' 654.2554999999702ms
[NX v22.7.5 Daemon Server] - 2026-06-14T21:35:26.246Z - Time taken for 'build-project-configs' 655.1995999999344ms
[NX v22.7.5 Daemon Server] - 2026-06-14T21:35:26.246Z - Time taken for 'createNodes:merge' 1.0456999987363815ms
[NX v22.7.5 Daemon Server] - 2026-06-14T21:35:26.246Z - Time taken for 'createNodes:merge' 0.883899999782443ms
[NX v22.7.5 Daemon Server] - 2026-06-14T21:35:26.246Z - Time taken for 'get-all-workspace-files' 0.17459999956190586ms
[1m[33mTime taken for 'build typescript dependencies' 0.18370000000004438ms[39m[22m
[isolated-plugin] shutting down worker for "nx/js/dependencies-and-lockfile" after createDependencies
[NX v22.7.5 Daemon Server] - 2026-06-14T21:35:26.260Z - [SYNC]: collect registered sync generators
[NX v22.7.5 Daemon Server] - 2026-06-14T21:35:26.261Z - [SYNC]: project graph hash is the same, not collecting task sync generators
[NX v22.7.5 Daemon Server] - 2026-06-14T21:35:26.261Z - [SYNC]: nx.json hash is the same, not collecting global sync generators
[NX v22.7.5 Daemon Server] - 2026-06-14T21:35:26.261Z - [SYNC]: collect registered sync generators
[NX v22.7.5 Daemon Server] - 2026-06-14T21:35:26.261Z - [SYNC]: project graph hash is the same, not collecting task sync generators
[NX v22.7.5 Daemon Server] - 2026-06-14T21:35:26.261Z - [SYNC]: nx.json hash is the same, not collecting global sync generators
[NX v22.7.5 Daemon Server] - 2026-06-14T21:35:26.262Z - Time taken for 'total execution time for createProjectGraph()' 18.369500000029802ms
[NX v22.7.5 Daemon Server] - 2026-06-14T21:35:26.262Z - Time taken for 'createDependencies' 13.874399999156594ms
[NX v22.7.5 Daemon Server] - 2026-06-14T21:35:26.262Z - Time taken for 'nx/js/dependencies-and-lockfile:createDependencies' 13.708399999886751ms
[NX v22.7.5 Daemon Server] - 2026-06-14T21:35:26.262Z - Time taken for 'createMetadata' 0.009700000286102295ms
[NX v22.7.5 Daemon Server] - 2026-06-14T21:35:26.262Z - Time taken for 'serialize graph' 1.8618000000715256ms
DEBUG nx::native::telemetry::service: Sent 1 events: [nx/js/dependencies-and-lockfile:createDe]
[NX v22.7.5 Daemon Server] - 2026-06-14T21:35:26.579Z - Closed a connection. Number of open connections: 0
[NX v22.7.5 Daemon Server] - 2026-06-14T21:36:25.072Z - Established a connection. Number of open connections: 1
[NX v22.7.5 Daemon Server] - 2026-06-14T21:36:25.072Z - Closed a connection. Number of open connections: 0
[NX v22.7.5 Daemon Server] - 2026-06-14T21:36:25.074Z - Established a connection. Number of open connections: 1
[NX v22.7.5 Daemon Server] - 2026-06-14T21:36:25.074Z - Closed a connection. Number of open connections: 0
[NX v22.7.5 Daemon Server] - 2026-06-14T21:36:25.074Z - Established a connection. Number of open connections: 1
[NX v22.7.5 Daemon Client] - 2026-06-14T21:36:25.074Z - [Messenger] Setting up socket listeners
[NX v22.7.5 Daemon Client] - 2026-06-14T21:36:25.075Z - [Messenger] listen() complete
[NX v22.7.5 Daemon Client] - 2026-06-14T21:36:25.523Z - [Messenger] Sending message type: GET_NX_CONSOLE_STATUS
[NX v22.7.5 Daemon Client] - 2026-06-14T21:36:25.525Z - [Messenger] Message sent
[NX v22.7.5 Daemon Server] - 2026-06-14T21:36:25.529Z - Received raw message of length 6457
[NX v22.7.5 Daemon Server] - 2026-06-14T21:36:25.529Z - Received json message of type GET_NX_CONSOLE_STATUS
[NX v22.7.5 Daemon Server] - 2026-06-14T21:36:25.529Z - Refreshing env var ANTIGRAVITY_SOURCE_METADATA from client connection.
[NX v22.7.5 Daemon Server] - 2026-06-14T21:36:25.530Z - Graph recompute necessary due to env variable refresh
[NX v22.7.5 Daemon Server] - 2026-06-14T21:36:25.530Z - Serializing response for GET_NX_CONSOLE_STATUS message in json mode
[NX v22.7.5 Daemon Server] - 2026-06-14T21:36:25.530Z - Responding to GET_NX_CONSOLE_STATUS message
[NX v22.7.5 Daemon Server] - 2026-06-14T21:36:25.530Z - [REQUEST]: Responding to the client. handleGetNxConsoleStatus
[NX v22.7.5 Daemon Server] - 2026-06-14T21:36:25.530Z - Done responding to the client handleGetNxConsoleStatus
[NX v22.7.5 Daemon Server] - 2026-06-14T21:36:25.530Z - Handled json message GET_NX_CONSOLE_STATUS. Handling time: 0. Response time: 0.
[NX v22.7.5 Daemon Client] - 2026-06-14T21:36:25.530Z - [Messenger] Received message, length: 22
[NX v22.7.5 Daemon Client] - 2026-06-14T21:36:25.647Z - [Messenger] Sending message type: REQUEST_PROJECT_GRAPH
[NX v22.7.5 Daemon Client] - 2026-06-14T21:36:25.647Z - [Messenger] Message sent
[NX v22.7.5 Daemon Server] - 2026-06-14T21:36:25.650Z - Received raw message of length 32
[NX v22.7.5 Daemon Server] - 2026-06-14T21:36:25.651Z - Received json message of type REQUEST_PROJECT_GRAPH
[NX v22.7.5 Daemon Server] - 2026-06-14T21:36:25.651Z - [REQUEST]: Client Request for Project Graph Received
[NX v22.7.5 Daemon Server] - 2026-06-14T21:36:25.651Z - [REQUEST]: Updated workspace context based on watched changes, recomputing project graph...
[NX v22.7.5 Daemon Server] - 2026-06-14T21:36:25.651Z - [REQUEST]: 
[NX v22.7.5 Daemon Server] - 2026-06-14T21:36:25.651Z - [REQUEST]: 
[NX v22.7.5 Daemon Server] - 2026-06-14T21:36:25.652Z - No files changed, but no in-memory cached project graph found. Recomputing it...
[NX v22.7.5 Daemon Server] - 2026-06-14T21:36:25.653Z - Streaming message to client: progress update for topic graph-construction
[plugin-client] restarting worker for "nx/js/dependencies-and-lockfile"
[NX v22.7.5 Daemon Client] - 2026-06-14T21:36:25.652Z - [Messenger] Received message, length: 47
[isolated-plugin] spawned worker for "nx/js/dependencies-and-lockfile" (pid: 32248, socket: \\.\pipe\nx\C:\Users\ANGELA~1\AppData\Local\Temp\plugin26356-111-16344143.7724.sock)
[plugin-client] restarting worker for "nx/core/package-json"
[isolated-plugin] spawned worker for "nx/core/package-json" (pid: 29840, socket: \\.\pipe\nx\C:\Users\ANGELA~1\AppData\Local\Temp\plugin26356-112-16344152.4579.sock)
[plugin-client] restarting worker for "nx/core/project-json"
[isolated-plugin] spawned worker for "nx/core/project-json" (pid: 1252, socket: \\.\pipe\nx\C:\Users\ANGELA~1\AppData\Local\Temp\plugin26356-113-16344161.4354.sock)
[NX v22.7.5 Daemon Server] - 2026-06-14T21:36:25.692Z - Time taken for 'hash changed files from watcher' 0.24929999932646751ms
[plugin-worker] "nx/js/dependencies-and-lockfile" (pid: 32248) listening on \\.\pipe\nx\C:\Users\ANGELA~1\AppData\Local\Temp\plugin26356-111-16344143.7724.sock
[1m[33mTime taken for 'plugin worker 32248 code loading' 478.5316ms[39m[22m
[isolated-plugin] connected to worker for "nx/js/dependencies-and-lockfile" (pid: 32248)
[NX v22.7.5 Daemon Server] - 2026-06-14T21:36:26.227Z - Time taken for 'start-plugin-worker:nx/js/dependencies-and-lockfile' 573.3036000002176ms
[plugin-worker] "nx/js/dependencies-and-lockfile" (pid: 32248) connected
[plugin-worker] "nx/core/package-json" (pid: 29840) listening on \\.\pipe\nx\C:\Users\ANGELA~1\AppData\Local\Temp\plugin26356-112-16344152.4579.sock
[1m[33mTime taken for 'plugin worker 29840 code loading' 477.7822ms[39m[22m
[isolated-plugin] connected to worker for "nx/core/package-json" (pid: 29840)
[NX v22.7.5 Daemon Server] - 2026-06-14T21:36:26.242Z - Time taken for 'start-plugin-worker:nx/core/package-json' 579.811700001359ms
[plugin-worker] "nx/core/package-json" (pid: 29840) connected
[plugin-worker] "nx/core/project-json" (pid: 1252) listening on \\.\pipe\nx\C:\Users\ANGELA~1\AppData\Local\Temp\plugin26356-113-16344161.4354.sock
[isolated-plugin] connected to worker for "nx/core/project-json" (pid: 1252)
[1m[33mTime taken for 'plugin worker 1252 code loading' 478.77540000000005ms[39m[22m
[NX v22.7.5 Daemon Server] - 2026-06-14T21:36:26.255Z - Time taken for 'start-plugin-worker:nx/core/project-json' 583.4522999990731ms
[plugin-worker] "nx/core/project-json" (pid: 1252) connected
[plugin-worker] "nx/core/package-json" (pid: 29840) loaded successfully
[plugin-worker] "nx/core/project-json" (pid: 1252) loaded successfully
[plugin-worker] "nx/js/dependencies-and-lockfile" (pid: 32248) loaded successfully
[1m[33mTime taken for 'nx/core/project-json:createNodes' 0.5700000000001637ms[39m[22m
[isolated-plugin] shutting down worker for "nx/core/project-json" after createNodes
[NX v22.7.5 Daemon Server] - 2026-06-14T21:36:27.091Z - Streaming message to client: progress update for topic graph-construction
[NX v22.7.5 Daemon Client] - 2026-06-14T21:36:27.091Z - [Messenger] Received message, length: 153
[1m[33mTime taken for 'nx/core/package-json:createNodes' 35.90340000000015ms[39m[22m
[1m[33mTime taken for 'nx/js/dependencies-and-lockfile:createNodes' 18.66009999999983ms[39m[22m
[isolated-plugin] shutting down worker for "nx/core/package-json" after createNodes
[NX v22.7.5 Daemon Server] - 2026-06-14T21:36:27.125Z - Streaming message to client: progress update for topic graph-construction
[NX v22.7.5 Daemon Client] - 2026-06-14T21:36:27.125Z - [Messenger] Received message, length: 112
[NX v22.7.5 Daemon Server] - 2026-06-14T21:36:27.128Z - Streaming message to client: progress update for topic graph-construction
[NX v22.7.5 Daemon Server] - 2026-06-14T21:36:27.141Z - Streaming message to client: progress update for topic graph-construction
[NX v22.7.5 Daemon Server] - 2026-06-14T21:36:27.144Z - Time taken for 'build-project-configs' 1477.6480000000447ms
[NX v22.7.5 Daemon Server] - 2026-06-14T21:36:27.144Z - Time taken for 'createNodes:merge' 1.9220000002533197ms
[NX v22.7.5 Daemon Server] - 2026-06-14T21:36:27.145Z - Time taken for 'get-all-workspace-files' 0.23330000042915344ms
[NX v22.7.5 Daemon Client] - 2026-06-14T21:36:27.144Z - [Messenger] Received message, length: 47
[NX v22.7.5 Daemon Client] - 2026-06-14T21:36:27.145Z - [Messenger] Received message, length: 47
[1m[33mTime taken for 'build typescript dependencies' 0.44810000000006767ms[39m[22m
[isolated-plugin] shutting down worker for "nx/js/dependencies-and-lockfile" after createDependencies
[NX v22.7.5 Daemon Server] - 2026-06-14T21:36:27.164Z - Streaming message to client: progress update for topic graph-construction
[NX v22.7.5 Daemon Client] - 2026-06-14T21:36:27.164Z - [Messenger] Received message, length: 47
[NX v22.7.5 Daemon Server] - 2026-06-14T21:36:27.184Z - Wrote project graph cache to C:\Users\Angel Aubrey\Documents\stone-cap\Finance-System_Capstone-1\backend\.nx\workspace-data\project-graph.json
[NX v22.7.5 Daemon Server] - 2026-06-14T21:36:27.184Z - Serializing response for REQUEST_PROJECT_GRAPH message in json mode
[NX v22.7.5 Daemon Server] - 2026-06-14T21:36:27.184Z - Responding to REQUEST_PROJECT_GRAPH message
[NX v22.7.5 Daemon Server] - 2026-06-14T21:36:27.184Z - [REQUEST]: Responding to the client. project-graph
[NX v22.7.5 Daemon Server] - 2026-06-14T21:36:27.185Z - Time taken for 'total for creating and serializing project graph' 1533.6850000005215ms
[NX v22.7.5 Daemon Server] - 2026-06-14T21:36:27.185Z - Time taken for 'total execution time for createProjectGraph()' 36.74930000118911ms
[NX v22.7.5 Daemon Server] - 2026-06-14T21:36:27.185Z - Time taken for 'createDependencies' 26.286000000312924ms
[NX v22.7.5 Daemon Server] - 2026-06-14T21:36:27.185Z - Time taken for 'nx/js/dependencies-and-lockfile:createDependencies' 25.956399999558926ms
[NX v22.7.5 Daemon Server] - 2026-06-14T21:36:27.185Z - Time taken for 'createMetadata' 0.014599999412894249ms
[NX v22.7.5 Daemon Server] - 2026-06-14T21:36:27.185Z - Time taken for 'serialize graph' 3.2283999994397163ms
[NX v22.7.5 Daemon Server] - 2026-06-14T21:36:27.185Z - Time taken for 'write cache' 12.98450000025332ms
[NX v22.7.5 Daemon Server] - 2026-06-14T21:36:27.189Z - Done responding to the client project-graph
[NX v22.7.5 Daemon Server] - 2026-06-14T21:36:27.190Z - Handled json message REQUEST_PROJECT_GRAPH. Handling time: 1533. Response time: 6.
[NX v22.7.5 Daemon Client] - 2026-06-14T21:36:27.189Z - [Messenger] Received message, length: 402156
[NX v22.7.5 Daemon Client] - 2026-06-14T21:36:27.201Z - [Messenger] Sending message type: PRE_TASKS_EXECUTION
[NX v22.7.5 Daemon Client] - 2026-06-14T21:36:27.202Z - [Messenger] Message sent
[NX v22.7.5 Daemon Server] - 2026-06-14T21:36:27.205Z - Received raw message of length 461
[NX v22.7.5 Daemon Server] - 2026-06-14T21:36:27.206Z - Received json message of type PRE_TASKS_EXECUTION
[NX v22.7.5 Daemon Server] - 2026-06-14T21:36:27.207Z - Serializing response for PRE_TASKS_EXECUTION message in json mode
[NX v22.7.5 Daemon Server] - 2026-06-14T21:36:27.207Z - Responding to PRE_TASKS_EXECUTION message
[NX v22.7.5 Daemon Server] - 2026-06-14T21:36:27.207Z - [REQUEST]: Responding to the client. handleRunPreTasksExecution
[NX v22.7.5 Daemon Server] - 2026-06-14T21:36:27.207Z - Time taken for 'preTasksExecution' 0.610300000756979ms
[NX v22.7.5 Daemon Client] - 2026-06-14T21:36:27.206Z - [Messenger] Received message, length: 2
[NX v22.7.5 Daemon Server] - 2026-06-14T21:36:27.209Z - Done responding to the client handleRunPreTasksExecution
[NX v22.7.5 Daemon Server] - 2026-06-14T21:36:27.209Z - Handled json message PRE_TASKS_EXECUTION. Handling time: 0. Response time: 3.
[NX v22.7.5 Daemon Server] - 2026-06-14T21:36:27.217Z - Closed a connection. Number of open connections: 0
DEBUG nx::native::telemetry::service: Sent 1 events: [nx/js/dependencies-and-lockfile:createDe]
[NX v22.7.5 Daemon Server] - 2026-06-14T21:39:34.222Z - [WATCHER]: apps/ledger-accounts-svc/src/dashboard/dashboard.controller.ts was modified
[NX v22.7.5 Daemon Server] - 2026-06-14T21:39:34.223Z - [WATCHER]: File changes detected:
Created:
(none)
Updated:
  - apps/ledger-accounts-svc/src/dashboard/dashboard.controller.ts
Deleted:
(none)
[NX v22.7.5 Daemon Server] - 2026-06-14T21:39:34.223Z - [SYNC]: clearing sync generators cache due to file changes
[NX v22.7.5 Daemon Server] - 2026-06-14T21:39:34.223Z - [WATCHER]: Processing file changes in outputs
[NX v22.7.5 Daemon Server] - 2026-06-14T21:39:34.332Z - [REQUEST]: Updated workspace context based on watched changes, recomputing project graph...
[NX v22.7.5 Daemon Server] - 2026-06-14T21:39:34.332Z - [REQUEST]: apps/ledger-accounts-svc/src/dashboard/dashboard.controller.ts
[NX v22.7.5 Daemon Server] - 2026-06-14T21:39:34.332Z - [REQUEST]: 
[plugin-client] restarting worker for "nx/js/dependencies-and-lockfile"
[isolated-plugin] spawned worker for "nx/js/dependencies-and-lockfile" (pid: 6640, socket: \\.\pipe\nx\C:\Users\ANGELA~1\AppData\Local\Temp\plugin26356-114-16532824.7896.sock)
[plugin-client] restarting worker for "nx/core/package-json"
[isolated-plugin] spawned worker for "nx/core/package-json" (pid: 29664, socket: \\.\pipe\nx\C:\Users\ANGELA~1\AppData\Local\Temp\plugin26356-115-16532836.5714.sock)
[plugin-client] restarting worker for "nx/core/project-json"
[isolated-plugin] spawned worker for "nx/core/project-json" (pid: 10676, socket: \\.\pipe\nx\C:\Users\ANGELA~1\AppData\Local\Temp\plugin26356-116-16532847.2219.sock)
[NX v22.7.5 Daemon Server] - 2026-06-14T21:39:34.368Z - Time taken for 'hash changed files from watcher' 0.6152999997138977ms
[plugin-worker] "nx/core/package-json" (pid: 29664) listening on \\.\pipe\nx\C:\Users\ANGELA~1\AppData\Local\Temp\plugin26356-115-16532836.5714.sock
[plugin-worker] "nx/js/dependencies-and-lockfile" (pid: 6640) listening on \\.\pipe\nx\C:\Users\ANGELA~1\AppData\Local\Temp\plugin26356-114-16532824.7896.sock
[isolated-plugin] connected to worker for "nx/js/dependencies-and-lockfile" (pid: 6640)
[isolated-plugin] connected to worker for "nx/core/package-json" (pid: 29664)
[1m[33mTime taken for 'plugin worker 29664 code loading' 562.5245ms[39m[22m
[plugin-worker] "nx/core/package-json" (pid: 29664) connected
[1m[33mTime taken for 'plugin worker 6640 code loading' 573.3675000000001ms[39m[22m
[plugin-worker] "nx/js/dependencies-and-lockfile" (pid: 6640) connected
[NX v22.7.5 Daemon Server] - 2026-06-14T21:39:35.016Z - Time taken for 'start-plugin-worker:nx/js/dependencies-and-lockfile' 680.6061000004411ms
[NX v22.7.5 Daemon Server] - 2026-06-14T21:39:35.016Z - Time taken for 'start-plugin-worker:nx/core/package-json' 669.4664999991655ms
[plugin-worker] "nx/core/project-json" (pid: 10676) listening on \\.\pipe\nx\C:\Users\ANGELA~1\AppData\Local\Temp\plugin26356-116-16532847.2219.sock
[1m[33mTime taken for 'plugin worker 10676 code loading' 553.1152ms[39m[22m
[isolated-plugin] connected to worker for "nx/core/project-json" (pid: 10676)
[plugin-worker] "nx/core/project-json" (pid: 10676) connected
[NX v22.7.5 Daemon Server] - 2026-06-14T21:39:35.039Z - Time taken for 'start-plugin-worker:nx/core/project-json' 681.7095999997109ms
[plugin-worker] "nx/core/package-json" (pid: 29664) loaded successfully
[plugin-worker] "nx/core/project-json" (pid: 10676) loaded successfully
[plugin-worker] "nx/js/dependencies-and-lockfile" (pid: 6640) loaded successfully
[isolated-plugin] shutting down worker for "nx/core/project-json" after createNodes
[1m[33mTime taken for 'nx/core/package-json:createNodes' 26.055499999999938ms[39m[22m
[isolated-plugin] shutting down worker for "nx/core/package-json" after createNodes
[1m[33mTime taken for 'nx/js/dependencies-and-lockfile:createNodes' 10.514599999999973ms[39m[22m
[NX v22.7.5 Daemon Server] - 2026-06-14T21:39:36.030Z - Time taken for 'build-project-configs' 1687.0489999987185ms
[NX v22.7.5 Daemon Server] - 2026-06-14T21:39:36.030Z - Time taken for 'createNodes:merge' 1.400000000372529ms
[NX v22.7.5 Daemon Server] - 2026-06-14T21:39:36.030Z - Time taken for 'get-all-workspace-files' 0.22289999946951866ms
[1m[33mTime taken for 'build typescript dependencies' 3.858799999999974ms[39m[22m
[isolated-plugin] shutting down worker for "nx/js/dependencies-and-lockfile" after createDependencies
[NX v22.7.5 Daemon Server] - 2026-06-14T21:39:36.053Z - [SYNC]: collect registered sync generators
[NX v22.7.5 Daemon Server] - 2026-06-14T21:39:36.054Z - [SYNC]: project graph hash is the same, not collecting task sync generators
[NX v22.7.5 Daemon Server] - 2026-06-14T21:39:36.054Z - [SYNC]: nx.json hash is the same, not collecting global sync generators
[NX v22.7.5 Daemon Server] - 2026-06-14T21:39:36.054Z - Time taken for 'total execution time for createProjectGraph()' 28.7480999995023ms
[NX v22.7.5 Daemon Server] - 2026-06-14T21:39:36.054Z - Time taken for 'createDependencies' 22.34489999897778ms
[NX v22.7.5 Daemon Server] - 2026-06-14T21:39:36.054Z - Time taken for 'nx/js/dependencies-and-lockfile:createDependencies' 22.120200000703335ms
[NX v22.7.5 Daemon Server] - 2026-06-14T21:39:36.054Z - Time taken for 'createMetadata' 0.013100000098347664ms
[NX v22.7.5 Daemon Server] - 2026-06-14T21:39:36.054Z - Time taken for 'serialize graph' 2.430399999022484ms
DEBUG nx::native::telemetry::service: Sent 1 events: [nx/js/dependencies-and-lockfile:createDe]
[NX v22.7.5 Daemon Server] - 2026-06-14T21:50:49.746Z - [WATCHER]: Processing file changes in outputs
[NX v22.7.5 Daemon Server] - 2026-06-14T21:50:49.747Z - [WATCHER]: apps/fs-gateway/src/app.module.ts was modified
[NX v22.7.5 Daemon Server] - 2026-06-14T21:50:49.748Z - [WATCHER]: File changes detected:
Created:
(none)
Updated:
  - apps/fs-gateway/src/app.module.ts
Deleted:
(none)
[NX v22.7.5 Daemon Server] - 2026-06-14T21:50:49.748Z - [SYNC]: clearing sync generators cache due to file changes
[NX v22.7.5 Daemon Server] - 2026-06-14T21:50:49.952Z - [REQUEST]: Updated workspace context based on watched changes, recomputing project graph...
[NX v22.7.5 Daemon Server] - 2026-06-14T21:50:49.952Z - [REQUEST]: apps/fs-gateway/src/app.module.ts
[NX v22.7.5 Daemon Server] - 2026-06-14T21:50:49.952Z - [REQUEST]: 
[plugin-client] restarting worker for "nx/js/dependencies-and-lockfile"
[isolated-plugin] spawned worker for "nx/js/dependencies-and-lockfile" (pid: 23808, socket: \\.\pipe\nx\C:\Users\ANGELA~1\AppData\Local\Temp\plugin26356-117-17208447.4458.sock)
[plugin-client] restarting worker for "nx/core/package-json"
[isolated-plugin] spawned worker for "nx/core/package-json" (pid: 27992, socket: \\.\pipe\nx\C:\Users\ANGELA~1\AppData\Local\Temp\plugin26356-118-17208471.8886.sock)
[plugin-client] restarting worker for "nx/core/project-json"
[isolated-plugin] spawned worker for "nx/core/project-json" (pid: 5012, socket: \\.\pipe\nx\C:\Users\ANGELA~1\AppData\Local\Temp\plugin26356-119-17208493.719.sock)
[NX v22.7.5 Daemon Server] - 2026-06-14T21:50:50.016Z - Time taken for 'hash changed files from watcher' 0.7352999970316887ms
[isolated-plugin] connected to worker for "nx/core/package-json" (pid: 27992)
[plugin-worker] "nx/core/package-json" (pid: 27992) listening on \\.\pipe\nx\C:\Users\ANGELA~1\AppData\Local\Temp\plugin26356-118-17208471.8886.sock
[1m[33mTime taken for 'plugin worker 27992 code loading' 686.0762ms[39m[22m
[plugin-worker] "nx/core/package-json" (pid: 27992) connected
[NX v22.7.5 Daemon Server] - 2026-06-14T21:50:50.836Z - Time taken for 'start-plugin-worker:nx/core/package-json' 852.6779000014067ms
[plugin-worker] "nx/js/dependencies-and-lockfile" (pid: 23808) listening on \\.\pipe\nx\C:\Users\ANGELA~1\AppData\Local\Temp\plugin26356-117-17208447.4458.sock
[1m[33mTime taken for 'plugin worker 23808 code loading' 713.9612ms[39m[22m
[isolated-plugin] connected to worker for "nx/js/dependencies-and-lockfile" (pid: 23808)
[NX v22.7.5 Daemon Server] - 2026-06-14T21:50:50.846Z - Time taken for 'start-plugin-worker:nx/js/dependencies-and-lockfile' 888.6558999978006ms
[plugin-worker] "nx/js/dependencies-and-lockfile" (pid: 23808) connected
[plugin-worker] "nx/core/project-json" (pid: 5012) listening on \\.\pipe\nx\C:\Users\ANGELA~1\AppData\Local\Temp\plugin26356-119-17208493.719.sock
[isolated-plugin] connected to worker for "nx/core/project-json" (pid: 5012)
[NX v22.7.5 Daemon Server] - 2026-06-14T21:50:50.860Z - Time taken for 'start-plugin-worker:nx/core/project-json' 856.2804000005126ms
[1m[33mTime taken for 'plugin worker 5012 code loading' 673.2138ms[39m[22m
[plugin-worker] "nx/core/project-json" (pid: 5012) connected
[plugin-worker] "nx/core/package-json" (pid: 27992) loaded successfully
[plugin-worker] "nx/core/project-json" (pid: 5012) loaded successfully
[plugin-worker] "nx/js/dependencies-and-lockfile" (pid: 23808) loaded successfully
[1m[33mTime taken for 'nx/core/project-json:createNodes' 0.5847999999998592ms[39m[22m
[isolated-plugin] shutting down worker for "nx/core/project-json" after createNodes
[1m[33mTime taken for 'nx/core/package-json:createNodes' 29.034300000000258ms[39m[22m
[isolated-plugin] shutting down worker for "nx/core/package-json" after createNodes
[1m[33mTime taken for 'nx/js/dependencies-and-lockfile:createNodes' 13.73090000000002ms[39m[22m
[NX v22.7.5 Daemon Server] - 2026-06-14T21:50:52.153Z - Time taken for 'build-project-configs' 2187.819599997252ms
[NX v22.7.5 Daemon Server] - 2026-06-14T21:50:52.154Z - Time taken for 'createNodes:merge' 2.2877000011503696ms
[NX v22.7.5 Daemon Server] - 2026-06-14T21:50:52.154Z - Time taken for 'get-all-workspace-files' 0.264699999243021ms
[1m[33mTime taken for 'build typescript dependencies' 3.510200000000168ms[39m[22m
[isolated-plugin] shutting down worker for "nx/js/dependencies-and-lockfile" after createDependencies
[NX v22.7.5 Daemon Server] - 2026-06-14T21:50:52.180Z - [SYNC]: collect registered sync generators
[NX v22.7.5 Daemon Server] - 2026-06-14T21:50:52.181Z - [SYNC]: project graph hash is the same, not collecting task sync generators
[NX v22.7.5 Daemon Server] - 2026-06-14T21:50:52.181Z - [SYNC]: nx.json hash is the same, not collecting global sync generators
[NX v22.7.5 Daemon Server] - 2026-06-14T21:50:52.181Z - Time taken for 'total execution time for createProjectGraph()' 33.094799999147654ms
[NX v22.7.5 Daemon Server] - 2026-06-14T21:50:52.181Z - Time taken for 'createDependencies' 24.789200000464916ms
[NX v22.7.5 Daemon Server] - 2026-06-14T21:50:52.181Z - Time taken for 'nx/js/dependencies-and-lockfile:createDependencies' 24.533100001513958ms
[NX v22.7.5 Daemon Server] - 2026-06-14T21:50:52.181Z - Time taken for 'createMetadata' 0.02550000324845314ms
[NX v22.7.5 Daemon Server] - 2026-06-14T21:50:52.181Z - Time taken for 'serialize graph' 3.0648999996483326ms
DEBUG nx::native::telemetry::service: Sent 1 events: [nx/js/dependencies-and-lockfile:createDe]
[NX v22.7.5 Daemon Server] - 2026-06-14T21:57:10.945Z - [WATCHER]: apps/ledger-accounts-svc/src/accounts/accounts.controller.ts was modified
[NX v22.7.5 Daemon Server] - 2026-06-14T21:57:10.945Z - [WATCHER]: File changes detected:
Created:
(none)
Updated:
  - apps/ledger-accounts-svc/src/accounts/accounts.controller.ts
Deleted:
(none)
[NX v22.7.5 Daemon Server] - 2026-06-14T21:57:10.945Z - [SYNC]: clearing sync generators cache due to file changes
[NX v22.7.5 Daemon Server] - 2026-06-14T21:57:10.946Z - [WATCHER]: Processing file changes in outputs
[NX v22.7.5 Daemon Server] - 2026-06-14T21:57:11.355Z - [REQUEST]: Updated workspace context based on watched changes, recomputing project graph...
[NX v22.7.5 Daemon Server] - 2026-06-14T21:57:11.355Z - [REQUEST]: apps/ledger-accounts-svc/src/accounts/accounts.controller.ts
[NX v22.7.5 Daemon Server] - 2026-06-14T21:57:11.355Z - [REQUEST]: 
[plugin-client] restarting worker for "nx/js/dependencies-and-lockfile"
[isolated-plugin] spawned worker for "nx/js/dependencies-and-lockfile" (pid: 23864, socket: \\.\pipe\nx\C:\Users\ANGELA~1\AppData\Local\Temp\plugin26356-120-17589847.9254.sock)
[plugin-client] restarting worker for "nx/core/package-json"
[isolated-plugin] spawned worker for "nx/core/package-json" (pid: 25524, socket: \\.\pipe\nx\C:\Users\ANGELA~1\AppData\Local\Temp\plugin26356-121-17589857.9188.sock)
[plugin-client] restarting worker for "nx/core/project-json"
[isolated-plugin] spawned worker for "nx/core/project-json" (pid: 368, socket: \\.\pipe\nx\C:\Users\ANGELA~1\AppData\Local\Temp\plugin26356-122-17589867.2817.sock)
[NX v22.7.5 Daemon Server] - 2026-06-14T21:57:11.388Z - Time taken for 'hash changed files from watcher' 0.6613999977707863ms
[plugin-worker] "nx/core/package-json" (pid: 25524) listening on \\.\pipe\nx\C:\Users\ANGELA~1\AppData\Local\Temp\plugin26356-121-17589857.9188.sock
[plugin-worker] "nx/core/project-json" (pid: 368) listening on \\.\pipe\nx\C:\Users\ANGELA~1\AppData\Local\Temp\plugin26356-122-17589867.2817.sock
[1m[33mTime taken for 'plugin worker 25524 code loading' 491.37320000000005ms[39m[22m
[1m[33mTime taken for 'plugin worker 368 code loading' 484.93489999999997ms[39m[22m
[plugin-worker] "nx/js/dependencies-and-lockfile" (pid: 23864) listening on \\.\pipe\nx\C:\Users\ANGELA~1\AppData\Local\Temp\plugin26356-120-17589847.9254.sock
[isolated-plugin] connected to worker for "nx/js/dependencies-and-lockfile" (pid: 23864)
[isolated-plugin] connected to worker for "nx/core/package-json" (pid: 25524)
[isolated-plugin] connected to worker for "nx/core/project-json" (pid: 368)
[plugin-worker] "nx/core/package-json" (pid: 25524) connected
[plugin-worker] "nx/core/project-json" (pid: 368) connected
[plugin-worker] "nx/js/dependencies-and-lockfile" (pid: 23864) connected
[1m[33mTime taken for 'plugin worker 23864 code loading' 504.1006ms[39m[22m
[NX v22.7.5 Daemon Server] - 2026-06-14T21:57:11.977Z - Time taken for 'start-plugin-worker:nx/js/dependencies-and-lockfile' 618.7272999994457ms
[NX v22.7.5 Daemon Server] - 2026-06-14T21:57:11.977Z - Time taken for 'start-plugin-worker:nx/core/package-json' 609.3856999985874ms
[NX v22.7.5 Daemon Server] - 2026-06-14T21:57:11.977Z - Time taken for 'start-plugin-worker:nx/core/project-json' 600.3355000019073ms
[plugin-worker] "nx/core/project-json" (pid: 368) loaded successfully
[plugin-worker] "nx/core/package-json" (pid: 25524) loaded successfully
[plugin-worker] "nx/js/dependencies-and-lockfile" (pid: 23864) loaded successfully
[1m[33mTime taken for 'nx/core/project-json:createNodes' 0.29359999999996944ms[39m[22m
[isolated-plugin] shutting down worker for "nx/core/project-json" after createNodes
[1m[33mTime taken for 'nx/core/package-json:createNodes' 19.888599999999997ms[39m[22m
[isolated-plugin] shutting down worker for "nx/core/package-json" after createNodes
[1m[33mTime taken for 'nx/js/dependencies-and-lockfile:createNodes' 11.231899999999996ms[39m[22m
[NX v22.7.5 Daemon Server] - 2026-06-14T21:57:12.841Z - Time taken for 'build-project-configs' 1475.3139999993145ms
[NX v22.7.5 Daemon Server] - 2026-06-14T21:57:12.841Z - Time taken for 'createNodes:merge' 1.3572999984025955ms
[NX v22.7.5 Daemon Server] - 2026-06-14T21:57:12.841Z - Time taken for 'get-all-workspace-files' 0.202199999243021ms
[1m[33mTime taken for 'build typescript dependencies' 3.3052000000000135ms[39m[22m
[isolated-plugin] shutting down worker for "nx/js/dependencies-and-lockfile" after createDependencies
[NX v22.7.5 Daemon Server] - 2026-06-14T21:57:12.863Z - [SYNC]: collect registered sync generators
[NX v22.7.5 Daemon Server] - 2026-06-14T21:57:12.863Z - [SYNC]: project graph hash is the same, not collecting task sync generators
[NX v22.7.5 Daemon Server] - 2026-06-14T21:57:12.863Z - [SYNC]: nx.json hash is the same, not collecting global sync generators
[NX v22.7.5 Daemon Server] - 2026-06-14T21:57:12.864Z - Time taken for 'total execution time for createProjectGraph()' 27.933400001376867ms
[NX v22.7.5 Daemon Server] - 2026-06-14T21:57:12.864Z - Time taken for 'createDependencies' 21.13010000064969ms
[NX v22.7.5 Daemon Server] - 2026-06-14T21:57:12.864Z - Time taken for 'nx/js/dependencies-and-lockfile:createDependencies' 21.02919999882579ms
[NX v22.7.5 Daemon Server] - 2026-06-14T21:57:12.864Z - Time taken for 'createMetadata' 0.008999999612569809ms
[NX v22.7.5 Daemon Server] - 2026-06-14T21:57:12.864Z - Time taken for 'serialize graph' 2.030000001192093ms
DEBUG nx::native::telemetry::service: Sent 1 events: [nx/js/dependencies-and-lockfile:createDe]
[NX v22.7.5 Daemon Server] - 2026-06-14T21:57:16.048Z - [WATCHER]: generate-token.js was created or restored
[NX v22.7.5 Daemon Server] - 2026-06-14T21:57:16.048Z - [WATCHER]: File changes detected:
Created:
  - generate-token.js
Updated:
(none)
Deleted:
(none)
[NX v22.7.5 Daemon Server] - 2026-06-14T21:57:16.048Z - [SYNC]: clearing sync generators cache due to file changes
[NX v22.7.5 Daemon Server] - 2026-06-14T21:57:16.048Z - [WATCHER]: Processing file changes in outputs
[NX v22.7.5 Daemon Server] - 2026-06-14T21:57:16.159Z - [REQUEST]: Updated workspace context based on watched changes, recomputing project graph...
[NX v22.7.5 Daemon Server] - 2026-06-14T21:57:16.159Z - [REQUEST]: generate-token.js
[NX v22.7.5 Daemon Server] - 2026-06-14T21:57:16.159Z - [REQUEST]: 
[plugin-client] restarting worker for "nx/js/dependencies-and-lockfile"
[isolated-plugin] spawned worker for "nx/js/dependencies-and-lockfile" (pid: 21708, socket: \\.\pipe\nx\C:\Users\ANGELA~1\AppData\Local\Temp\plugin26356-123-17594652.928.sock)
[plugin-client] restarting worker for "nx/core/package-json"
[isolated-plugin] spawned worker for "nx/core/package-json" (pid: 23992, socket: \\.\pipe\nx\C:\Users\ANGELA~1\AppData\Local\Temp\plugin26356-124-17594668.1616.sock)
[plugin-client] restarting worker for "nx/core/project-json"
[isolated-plugin] spawned worker for "nx/core/project-json" (pid: 31120, socket: \\.\pipe\nx\C:\Users\ANGELA~1\AppData\Local\Temp\plugin26356-125-17594683.3024.sock)
[NX v22.7.5 Daemon Server] - 2026-06-14T21:57:16.213Z - Time taken for 'hash changed files from watcher' 0.7628000006079674ms
[plugin-worker] "nx/js/dependencies-and-lockfile" (pid: 21708) listening on \\.\pipe\nx\C:\Users\ANGELA~1\AppData\Local\Temp\plugin26356-123-17594652.928.sock
[plugin-worker] "nx/core/package-json" (pid: 23992) listening on \\.\pipe\nx\C:\Users\ANGELA~1\AppData\Local\Temp\plugin26356-124-17594668.1616.sock
[isolated-plugin] connected to worker for "nx/js/dependencies-and-lockfile" (pid: 21708)
[isolated-plugin] connected to worker for "nx/core/package-json" (pid: 23992)
[1m[33mTime taken for 'plugin worker 21708 code loading' 571.2191ms[39m[22m
[plugin-worker] "nx/js/dependencies-and-lockfile" (pid: 21708) connected
[1m[33mTime taken for 'plugin worker 23992 code loading' 583.4126ms[39m[22m
[NX v22.7.5 Daemon Server] - 2026-06-14T21:57:16.874Z - Time taken for 'start-plugin-worker:nx/js/dependencies-and-lockfile' 711.403900001198ms
[NX v22.7.5 Daemon Server] - 2026-06-14T21:57:16.874Z - Time taken for 'start-plugin-worker:nx/core/package-json' 696.647199999541ms
[plugin-worker] "nx/core/package-json" (pid: 23992) connected
[plugin-worker] "nx/core/project-json" (pid: 31120) listening on \\.\pipe\nx\C:\Users\ANGELA~1\AppData\Local\Temp\plugin26356-125-17594683.3024.sock
[1m[33mTime taken for 'plugin worker 31120 code loading' 573.1310000000001ms[39m[22m
[isolated-plugin] connected to worker for "nx/core/project-json" (pid: 31120)
[NX v22.7.5 Daemon Server] - 2026-06-14T21:57:16.883Z - Time taken for 'start-plugin-worker:nx/core/project-json' 690.8147999979556ms
[plugin-worker] "nx/core/project-json" (pid: 31120) connected
[plugin-worker] "nx/core/project-json" (pid: 31120) loaded successfully
[plugin-worker] "nx/core/package-json" (pid: 23992) loaded successfully
[plugin-worker] "nx/js/dependencies-and-lockfile" (pid: 21708) loaded successfully
[1m[33mTime taken for 'nx/core/project-json:createNodes' 0.31760000000008404ms[39m[22m
[isolated-plugin] shutting down worker for "nx/core/project-json" after createNodes
[1m[33mTime taken for 'nx/core/package-json:createNodes' 19.095399999999927ms[39m[22m
[isolated-plugin] shutting down worker for "nx/core/package-json" after createNodes
[1m[33mTime taken for 'nx/js/dependencies-and-lockfile:createNodes' 10.188300000000027ms[39m[22m
[NX v22.7.5 Daemon Server] - 2026-06-14T21:57:17.716Z - Time taken for 'build-project-configs' 1547.4072999991477ms
[NX v22.7.5 Daemon Server] - 2026-06-14T21:57:17.716Z - Time taken for 'createNodes:merge' 1.4906999990344048ms
[NX v22.7.5 Daemon Server] - 2026-06-14T21:57:17.716Z - Time taken for 'get-all-workspace-files' 0.2069000005722046ms
[1m[33mTime taken for 'build typescript dependencies' 0.25489999999990687ms[39m[22m
[isolated-plugin] shutting down worker for "nx/js/dependencies-and-lockfile" after createDependencies
[NX v22.7.5 Daemon Server] - 2026-06-14T21:57:17.736Z - [SYNC]: collect registered sync generators
[NX v22.7.5 Daemon Server] - 2026-06-14T21:57:17.736Z - [SYNC]: project graph hash is the same, not collecting task sync generators
[NX v22.7.5 Daemon Server] - 2026-06-14T21:57:17.737Z - [SYNC]: nx.json hash is the same, not collecting global sync generators
[NX v22.7.5 Daemon Server] - 2026-06-14T21:57:17.737Z - Time taken for 'total execution time for createProjectGraph()' 24.377599999308586ms
[NX v22.7.5 Daemon Server] - 2026-06-14T21:57:17.737Z - Time taken for 'createDependencies' 18.987399999052286ms
[NX v22.7.5 Daemon Server] - 2026-06-14T21:57:17.737Z - Time taken for 'nx/js/dependencies-and-lockfile:createDependencies' 18.879399999976158ms
[NX v22.7.5 Daemon Server] - 2026-06-14T21:57:17.737Z - Time taken for 'createMetadata' 0.00910000130534172ms
[NX v22.7.5 Daemon Server] - 2026-06-14T21:57:17.737Z - Time taken for 'serialize graph' 2.3002000004053116ms
DEBUG nx::native::telemetry::service: Sent 1 events: [nx/js/dependencies-and-lockfile:createDe]
[NX v22.7.5 Daemon Server] - 2026-06-14T22:12:31.148Z - [WATCHER]: apps/fs-gateway/src/app.module.ts was modified
[NX v22.7.5 Daemon Server] - 2026-06-14T22:12:31.149Z - [WATCHER]: File changes detected:
Created:
(none)
Updated:
  - apps/fs-gateway/src/app.module.ts
Deleted:
(none)
[NX v22.7.5 Daemon Server] - 2026-06-14T22:12:31.150Z - [SYNC]: clearing sync generators cache due to file changes
[NX v22.7.5 Daemon Server] - 2026-06-14T22:12:31.150Z - [WATCHER]: Processing file changes in outputs
[NX v22.7.5 Daemon Server] - 2026-06-14T22:12:31.352Z - [REQUEST]: Updated workspace context based on watched changes, recomputing project graph...
[NX v22.7.5 Daemon Server] - 2026-06-14T22:12:31.352Z - [REQUEST]: apps/fs-gateway/src/app.module.ts
[NX v22.7.5 Daemon Server] - 2026-06-14T22:12:31.352Z - [REQUEST]: 
[plugin-client] restarting worker for "nx/js/dependencies-and-lockfile"
[isolated-plugin] spawned worker for "nx/js/dependencies-and-lockfile" (pid: 15028, socket: \\.\pipe\nx\C:\Users\ANGELA~1\AppData\Local\Temp\plugin26356-126-18509846.6749.sock)
[plugin-client] restarting worker for "nx/core/package-json"
[isolated-plugin] spawned worker for "nx/core/package-json" (pid: 11404, socket: \\.\pipe\nx\C:\Users\ANGELA~1\AppData\Local\Temp\plugin26356-127-18509862.0864.sock)
[plugin-client] restarting worker for "nx/core/project-json"
[isolated-plugin] spawned worker for "nx/core/project-json" (pid: 23840, socket: \\.\pipe\nx\C:\Users\ANGELA~1\AppData\Local\Temp\plugin26356-128-18509877.1935.sock)
[NX v22.7.5 Daemon Server] - 2026-06-14T22:12:31.405Z - Time taken for 'hash changed files from watcher' 0.7451000027358532ms
[plugin-worker] "nx/js/dependencies-and-lockfile" (pid: 15028) listening on \\.\pipe\nx\C:\Users\ANGELA~1\AppData\Local\Temp\plugin26356-126-18509846.6749.sock
[plugin-worker] "nx/core/project-json" (pid: 23840) listening on \\.\pipe\nx\C:\Users\ANGELA~1\AppData\Local\Temp\plugin26356-128-18509877.1935.sock
[isolated-plugin] connected to worker for "nx/core/project-json" (pid: 23840)
[isolated-plugin] connected to worker for "nx/js/dependencies-and-lockfile" (pid: 15028)
[1m[33mTime taken for 'plugin worker 15028 code loading' 615.4853ms[39m[22m
[plugin-worker] "nx/js/dependencies-and-lockfile" (pid: 15028) connected
[1m[33mTime taken for 'plugin worker 23840 code loading' 598.1751999999999ms[39m[22m
[NX v22.7.5 Daemon Server] - 2026-06-14T22:12:32.110Z - Time taken for 'start-plugin-worker:nx/js/dependencies-and-lockfile' 754.2135000005364ms
[NX v22.7.5 Daemon Server] - 2026-06-14T22:12:32.110Z - Time taken for 'start-plugin-worker:nx/core/project-json' 722.4178000018001ms
[plugin-worker] "nx/core/project-json" (pid: 23840) connected
[plugin-worker] "nx/core/package-json" (pid: 11404) listening on \\.\pipe\nx\C:\Users\ANGELA~1\AppData\Local\Temp\plugin26356-127-18509862.0864.sock
[isolated-plugin] connected to worker for "nx/core/package-json" (pid: 11404)
[plugin-worker] "nx/core/package-json" (pid: 11404) connected
[NX v22.7.5 Daemon Server] - 2026-06-14T22:12:32.129Z - Time taken for 'start-plugin-worker:nx/core/package-json' 757.590799998492ms
[1m[33mTime taken for 'plugin worker 11404 code loading' 622.5692ms[39m[22m
[plugin-worker] "nx/core/project-json" (pid: 23840) loaded successfully
[plugin-worker] "nx/core/package-json" (pid: 11404) loaded successfully
[plugin-worker] "nx/js/dependencies-and-lockfile" (pid: 15028) loaded successfully
[1m[33mTime taken for 'nx/core/project-json:createNodes' 0.4132000000001881ms[39m[22m
[isolated-plugin] shutting down worker for "nx/core/project-json" after createNodes
[1m[33mTime taken for 'nx/core/package-json:createNodes' 21.993400000000065ms[39m[22m
[isolated-plugin] shutting down worker for "nx/core/package-json" after createNodes
[1m[33mTime taken for 'nx/js/dependencies-and-lockfile:createNodes' 10.616799999999785ms[39m[22m
[NX v22.7.5 Daemon Server] - 2026-06-14T22:12:33.135Z - Time taken for 'build-project-configs' 1767.6979000009596ms
[NX v22.7.5 Daemon Server] - 2026-06-14T22:12:33.135Z - Time taken for 'createNodes:merge' 2.1743000000715256ms
[NX v22.7.5 Daemon Server] - 2026-06-14T22:12:33.135Z - Time taken for 'get-all-workspace-files' 0.3174000009894371ms
[1m[33mTime taken for 'build typescript dependencies' 3.8612000000000535ms[39m[22m
[isolated-plugin] shutting down worker for "nx/js/dependencies-and-lockfile" after createDependencies
[NX v22.7.5 Daemon Server] - 2026-06-14T22:12:33.162Z - [SYNC]: collect registered sync generators
[NX v22.7.5 Daemon Server] - 2026-06-14T22:12:33.163Z - [SYNC]: project graph hash is the same, not collecting task sync generators
[NX v22.7.5 Daemon Server] - 2026-06-14T22:12:33.163Z - [SYNC]: nx.json hash is the same, not collecting global sync generators
[NX v22.7.5 Daemon Server] - 2026-06-14T22:12:33.163Z - Time taken for 'total execution time for createProjectGraph()' 34.31309999898076ms
[NX v22.7.5 Daemon Server] - 2026-06-14T22:12:33.163Z - Time taken for 'createDependencies' 24.8277000002563ms
[NX v22.7.5 Daemon Server] - 2026-06-14T22:12:33.163Z - Time taken for 'nx/js/dependencies-and-lockfile:createDependencies' 24.690499998629093ms
[NX v22.7.5 Daemon Server] - 2026-06-14T22:12:33.163Z - Time taken for 'createMetadata' 0.01159999892115593ms
[NX v22.7.5 Daemon Server] - 2026-06-14T22:12:33.163Z - Time taken for 'serialize graph' 3.0929999984800816ms
DEBUG nx::native::telemetry::service: Sent 1 events: [nx/js/dependencies-and-lockfile:createDe]
[NX v22.7.5 Daemon Server] - 2026-06-14T22:13:36.492Z - [WATCHER]: apps/ledger-accounts-svc/src/accounts/accounts.controller.ts was modified
[NX v22.7.5 Daemon Server] - 2026-06-14T22:13:36.492Z - [WATCHER]: File changes detected:
Created:
(none)
Updated:
  - apps/ledger-accounts-svc/src/accounts/accounts.controller.ts
Deleted:
(none)
[NX v22.7.5 Daemon Server] - 2026-06-14T22:13:36.493Z - [SYNC]: clearing sync generators cache due to file changes
[NX v22.7.5 Daemon Server] - 2026-06-14T22:13:36.493Z - [WATCHER]: Processing file changes in outputs
[NX v22.7.5 Daemon Server] - 2026-06-14T22:13:36.906Z - [REQUEST]: Updated workspace context based on watched changes, recomputing project graph...
[NX v22.7.5 Daemon Server] - 2026-06-14T22:13:36.906Z - [REQUEST]: apps/ledger-accounts-svc/src/accounts/accounts.controller.ts
[NX v22.7.5 Daemon Server] - 2026-06-14T22:13:36.906Z - [REQUEST]: 
[plugin-client] restarting worker for "nx/js/dependencies-and-lockfile"
[isolated-plugin] spawned worker for "nx/js/dependencies-and-lockfile" (pid: 23904, socket: \\.\pipe\nx\C:\Users\ANGELA~1\AppData\Local\Temp\plugin26356-129-18575400.1429.sock)
[plugin-client] restarting worker for "nx/core/package-json"
[isolated-plugin] spawned worker for "nx/core/package-json" (pid: 28272, socket: \\.\pipe\nx\C:\Users\ANGELA~1\AppData\Local\Temp\plugin26356-130-18575414.7918.sock)
[plugin-client] restarting worker for "nx/core/project-json"
[isolated-plugin] spawned worker for "nx/core/project-json" (pid: 11496, socket: \\.\pipe\nx\C:\Users\ANGELA~1\AppData\Local\Temp\plugin26356-131-18575428.1688.sock)
[NX v22.7.5 Daemon Server] - 2026-06-14T22:13:36.953Z - Time taken for 'hash changed files from watcher' 0.8742999993264675ms
[plugin-worker] "nx/js/dependencies-and-lockfile" (pid: 23904) listening on \\.\pipe\nx\C:\Users\ANGELA~1\AppData\Local\Temp\plugin26356-129-18575400.1429.sock
[1m[33mTime taken for 'plugin worker 23904 code loading' 513.8109ms[39m[22m
[isolated-plugin] connected to worker for "nx/js/dependencies-and-lockfile" (pid: 23904)
[NX v22.7.5 Daemon Server] - 2026-06-14T22:13:37.556Z - Time taken for 'start-plugin-worker:nx/js/dependencies-and-lockfile' 646.1510000005364ms
[plugin-worker] "nx/core/package-json" (pid: 28272) listening on \\.\pipe\nx\C:\Users\ANGELA~1\AppData\Local\Temp\plugin26356-130-18575414.7918.sock
[plugin-worker] "nx/js/dependencies-and-lockfile" (pid: 23904) connected
[1m[33mTime taken for 'plugin worker 28272 code loading' 509.94769999999994ms[39m[22m
[isolated-plugin] connected to worker for "nx/core/package-json" (pid: 28272)
[NX v22.7.5 Daemon Server] - 2026-06-14T22:13:37.570Z - Time taken for 'start-plugin-worker:nx/core/package-json' 646.298900000751ms
[plugin-worker] "nx/core/package-json" (pid: 28272) connected
[plugin-worker] "nx/core/project-json" (pid: 11496) listening on \\.\pipe\nx\C:\Users\ANGELA~1\AppData\Local\Temp\plugin26356-131-18575428.1688.sock
[1m[33mTime taken for 'plugin worker 11496 code loading' 517.8562ms[39m[22m
[isolated-plugin] connected to worker for "nx/core/project-json" (pid: 11496)
[NX v22.7.5 Daemon Server] - 2026-06-14T22:13:37.587Z - Time taken for 'start-plugin-worker:nx/core/project-json' 649.8894000016153ms
[plugin-worker] "nx/core/project-json" (pid: 11496) connected
[plugin-worker] "nx/core/package-json" (pid: 28272) loaded successfully
[plugin-worker] "nx/core/project-json" (pid: 11496) loaded successfully
[plugin-worker] "nx/js/dependencies-and-lockfile" (pid: 23904) loaded successfully
[1m[33mTime taken for 'nx/core/project-json:createNodes' 0.5579000000000178ms[39m[22m
[isolated-plugin] shutting down worker for "nx/core/project-json" after createNodes
[isolated-plugin] shutting down worker for "nx/core/package-json" after createNodes
[1m[33mTime taken for 'nx/js/dependencies-and-lockfile:createNodes' 11.748399999999947ms[39m[22m
[NX v22.7.5 Daemon Server] - 2026-06-14T22:13:38.581Z - Time taken for 'build-project-configs' 1664.4151000007987ms
[NX v22.7.5 Daemon Server] - 2026-06-14T22:13:38.581Z - Time taken for 'createNodes:merge' 1.5322999991476536ms
[NX v22.7.5 Daemon Server] - 2026-06-14T22:13:38.581Z - Time taken for 'get-all-workspace-files' 0.2387000024318695ms
[1m[33mTime taken for 'build typescript dependencies' 2.8967999999999847ms[39m[22m
[isolated-plugin] shutting down worker for "nx/js/dependencies-and-lockfile" after createDependencies
[NX v22.7.5 Daemon Server] - 2026-06-14T22:13:38.602Z - [SYNC]: collect registered sync generators
[NX v22.7.5 Daemon Server] - 2026-06-14T22:13:38.603Z - [SYNC]: project graph hash is the same, not collecting task sync generators
[NX v22.7.5 Daemon Server] - 2026-06-14T22:13:38.603Z - [SYNC]: nx.json hash is the same, not collecting global sync generators
[NX v22.7.5 Daemon Server] - 2026-06-14T22:13:38.603Z - Time taken for 'total execution time for createProjectGraph()' 26.46850000321865ms
[NX v22.7.5 Daemon Server] - 2026-06-14T22:13:38.603Z - Time taken for 'createDependencies' 20.662500001490116ms
[NX v22.7.5 Daemon Server] - 2026-06-14T22:13:38.603Z - Time taken for 'nx/js/dependencies-and-lockfile:createDependencies' 20.538499999791384ms
[NX v22.7.5 Daemon Server] - 2026-06-14T22:13:38.603Z - Time taken for 'createMetadata' 0.011300001293420792ms
[NX v22.7.5 Daemon Server] - 2026-06-14T22:13:38.603Z - Time taken for 'serialize graph' 2.3097000010311604ms
DEBUG nx::native::telemetry::service: Sent 1 events: [nx/js/dependencies-and-lockfile:createDe]
[NX v22.7.5 Daemon Server] - 2026-06-14T22:15:34.812Z - [WATCHER]: apps/fs-gateway/dist was deleted
[NX v22.7.5 Daemon Server] - 2026-06-14T22:15:34.812Z - [WATCHER]: File changes detected:
Created:
(none)
Updated:
(none)
Deleted:
  - apps/fs-gateway/dist
[NX v22.7.5 Daemon Server] - 2026-06-14T22:15:34.812Z - [SYNC]: clearing sync generators cache due to file changes
[NX v22.7.5 Daemon Server] - 2026-06-14T22:15:34.812Z - [WATCHER]: Processing file changes in outputs
[NX v22.7.5 Daemon Server] - 2026-06-14T22:15:35.621Z - [REQUEST]: Updated workspace context based on watched changes, recomputing project graph...
[NX v22.7.5 Daemon Server] - 2026-06-14T22:15:35.621Z - [REQUEST]: 
[NX v22.7.5 Daemon Server] - 2026-06-14T22:15:35.621Z - [REQUEST]: apps/fs-gateway/dist
[plugin-client] restarting worker for "nx/js/dependencies-and-lockfile"
[isolated-plugin] spawned worker for "nx/js/dependencies-and-lockfile" (pid: 23596, socket: \\.\pipe\nx\C:\Users\ANGELA~1\AppData\Local\Temp\plugin26356-132-18694113.4531.sock)
[plugin-client] restarting worker for "nx/core/package-json"
[isolated-plugin] spawned worker for "nx/core/package-json" (pid: 29348, socket: \\.\pipe\nx\C:\Users\ANGELA~1\AppData\Local\Temp\plugin26356-133-18694123.4154.sock)
[plugin-client] restarting worker for "nx/core/project-json"
[isolated-plugin] spawned worker for "nx/core/project-json" (pid: 24716, socket: \\.\pipe\nx\C:\Users\ANGELA~1\AppData\Local\Temp\plugin26356-134-18694133.7694.sock)
[NX v22.7.5 Daemon Server] - 2026-06-14T22:15:35.654Z - Time taken for 'hash changed files from watcher' 0.3190999999642372ms
[plugin-worker] "nx/js/dependencies-and-lockfile" (pid: 23596) listening on \\.\pipe\nx\C:\Users\ANGELA~1\AppData\Local\Temp\plugin26356-132-18694113.4531.sock
[1m[33mTime taken for 'plugin worker 23596 code loading' 481.6779ms[39m[22m
[plugin-worker] "nx/core/package-json" (pid: 29348) listening on \\.\pipe\nx\C:\Users\ANGELA~1\AppData\Local\Temp\plugin26356-133-18694123.4154.sock
[1m[33mTime taken for 'plugin worker 29348 code loading' 480.3659ms[39m[22m
[isolated-plugin] connected to worker for "nx/js/dependencies-and-lockfile" (pid: 23596)
[isolated-plugin] connected to worker for "nx/core/package-json" (pid: 29348)
[plugin-worker] "nx/js/dependencies-and-lockfile" (pid: 23596) connected
[plugin-worker] "nx/core/package-json" (pid: 29348) connected
[NX v22.7.5 Daemon Server] - 2026-06-14T22:15:36.210Z - Time taken for 'start-plugin-worker:nx/js/dependencies-and-lockfile' 585.9462999999523ms
[NX v22.7.5 Daemon Server] - 2026-06-14T22:15:36.210Z - Time taken for 'start-plugin-worker:nx/core/package-json' 576.5942000001669ms
[plugin-worker] "nx/core/project-json" (pid: 24716) listening on \\.\pipe\nx\C:\Users\ANGELA~1\AppData\Local\Temp\plugin26356-134-18694133.7694.sock
[isolated-plugin] connected to worker for "nx/core/project-json" (pid: 24716)
[NX v22.7.5 Daemon Server] - 2026-06-14T22:15:36.243Z - Time taken for 'start-plugin-worker:nx/core/project-json' 599.5378999970853ms
[plugin-worker] "nx/core/project-json" (pid: 24716) connected
[1m[33mTime taken for 'plugin worker 24716 code loading' 496.37879999999996ms[39m[22m
[plugin-worker] "nx/core/package-json" (pid: 29348) loaded successfully
[plugin-worker] "nx/js/dependencies-and-lockfile" (pid: 23596) loaded successfully
[plugin-worker] "nx/core/project-json" (pid: 24716) loaded successfully
[1m[33mTime taken for 'nx/js/dependencies-and-lockfile:createNodes' 12.690700000000106ms[39m[22m
[1m[33mTime taken for 'nx/core/project-json:createNodes' 0.43059999999991305ms[39m[22m
[isolated-plugin] shutting down worker for "nx/core/project-json" after createNodes
[1m[33mTime taken for 'nx/core/package-json:createNodes' 18.968200000000024ms[39m[22m
[isolated-plugin] shutting down worker for "nx/core/package-json" after createNodes
[NX v22.7.5 Daemon Server] - 2026-06-14T22:15:37.369Z - Time taken for 'build-project-configs' 1737.7569000013173ms
[NX v22.7.5 Daemon Server] - 2026-06-14T22:15:37.369Z - Time taken for 'createNodes:merge' 1.4629000015556812ms
[NX v22.7.5 Daemon Server] - 2026-06-14T22:15:37.369Z - Time taken for 'get-all-workspace-files' 0.21859999746084213ms
[1m[33mTime taken for 'build typescript dependencies' 0.2597000000000662ms[39m[22m
[isolated-plugin] shutting down worker for "nx/js/dependencies-and-lockfile" after createDependencies
[NX v22.7.5 Daemon Server] - 2026-06-14T22:15:37.401Z - [SYNC]: collect registered sync generators
[NX v22.7.5 Daemon Server] - 2026-06-14T22:15:37.402Z - [SYNC]: project graph hash is the same, not collecting task sync generators
[NX v22.7.5 Daemon Server] - 2026-06-14T22:15:37.402Z - [SYNC]: nx.json hash is the same, not collecting global sync generators
[NX v22.7.5 Daemon Server] - 2026-06-14T22:15:37.403Z - Time taken for 'total execution time for createProjectGraph()' 37.48460000008345ms
[NX v22.7.5 Daemon Server] - 2026-06-14T22:15:37.403Z - Time taken for 'createDependencies' 32.00019999966025ms
[NX v22.7.5 Daemon Server] - 2026-06-14T22:15:37.403Z - Time taken for 'nx/js/dependencies-and-lockfile:createDependencies' 31.880899999290705ms
[NX v22.7.5 Daemon Server] - 2026-06-14T22:15:37.403Z - Time taken for 'createMetadata' 0.010499998927116394ms
[NX v22.7.5 Daemon Server] - 2026-06-14T22:15:37.403Z - Time taken for 'serialize graph' 2.648300003260374ms
DEBUG nx::native::telemetry::service: Sent 1 events: [nx/js/dependencies-and-lockfile:createDe]
[NX v22.7.5 Daemon Server] - 2026-06-14T22:15:40.143Z - [WATCHER]: 0 file(s) created or restored, 0 file(s) modified, 0 file(s) deleted
[NX v22.7.5 Daemon Server] - 2026-06-14T22:15:40.204Z - [WATCHER]: 0 file(s) created or restored, 0 file(s) modified, 0 file(s) deleted
[NX v22.7.5 Daemon Server] - 2026-06-14T22:15:40.265Z - [WATCHER]: 0 file(s) created or restored, 0 file(s) modified, 0 file(s) deleted
[NX v22.7.5 Daemon Server] - 2026-06-14T22:15:41.745Z - [REQUEST]: Updated workspace context based on watched changes, recomputing project graph...
[NX v22.7.5 Daemon Server] - 2026-06-14T22:15:41.746Z - [REQUEST]: 
[NX v22.7.5 Daemon Server] - 2026-06-14T22:15:41.746Z - [REQUEST]: 
[plugin-client] restarting worker for "nx/js/dependencies-and-lockfile"
[isolated-plugin] spawned worker for "nx/js/dependencies-and-lockfile" (pid: 28012, socket: \\.\pipe\nx\C:\Users\ANGELA~1\AppData\Local\Temp\plugin26356-135-18700237.5138.sock)
[plugin-client] restarting worker for "nx/core/package-json"
[isolated-plugin] spawned worker for "nx/core/package-json" (pid: 31308, socket: \\.\pipe\nx\C:\Users\ANGELA~1\AppData\Local\Temp\plugin26356-136-18700246.851.sock)
[plugin-client] restarting worker for "nx/core/project-json"
[isolated-plugin] spawned worker for "nx/core/project-json" (pid: 14264, socket: \\.\pipe\nx\C:\Users\ANGELA~1\AppData\Local\Temp\plugin26356-137-18700256.4771.sock)
[NX v22.7.5 Daemon Server] - 2026-06-14T22:15:41.777Z - Time taken for 'hash changed files from watcher' 0.27650000154972076ms
[plugin-worker] "nx/js/dependencies-and-lockfile" (pid: 28012) listening on \\.\pipe\nx\C:\Users\ANGELA~1\AppData\Local\Temp\plugin26356-135-18700237.5138.sock
[isolated-plugin] connected to worker for "nx/js/dependencies-and-lockfile" (pid: 28012)
[NX v22.7.5 Daemon Server] - 2026-06-14T22:15:42.326Z - Time taken for 'start-plugin-worker:nx/js/dependencies-and-lockfile' 577.8803999982774ms
[plugin-worker] "nx/js/dependencies-and-lockfile" (pid: 28012) connected
[1m[33mTime taken for 'plugin worker 28012 code loading' 480.66780000000006ms[39m[22m
[plugin-worker] "nx/core/package-json" (pid: 31308) listening on \\.\pipe\nx\C:\Users\ANGELA~1\AppData\Local\Temp\plugin26356-136-18700246.851.sock
[1m[33mTime taken for 'plugin worker 31308 code loading' 484.9214ms[39m[22m
[isolated-plugin] connected to worker for "nx/core/package-json" (pid: 31308)
[NX v22.7.5 Daemon Server] - 2026-06-14T22:15:42.358Z - Time taken for 'start-plugin-worker:nx/core/package-json' 600.3187999986112ms
[plugin-worker] "nx/core/package-json" (pid: 31308) connected
[plugin-worker] "nx/core/project-json" (pid: 14264) listening on \\.\pipe\nx\C:\Users\ANGELA~1\AppData\Local\Temp\plugin26356-137-18700256.4771.sock
[isolated-plugin] connected to worker for "nx/core/project-json" (pid: 14264)
[1m[33mTime taken for 'plugin worker 14264 code loading' 509.0031ms[39m[22m
[NX v22.7.5 Daemon Server] - 2026-06-14T22:15:42.375Z - Time taken for 'start-plugin-worker:nx/core/project-json' 608.3364000022411ms
[plugin-worker] "nx/core/project-json" (pid: 14264) connected
[plugin-worker] "nx/js/dependencies-and-lockfile" (pid: 28012) loaded successfully
[plugin-worker] "nx/core/package-json" (pid: 31308) loaded successfully
[plugin-worker] "nx/core/project-json" (pid: 14264) loaded successfully
[1m[33mTime taken for 'nx/js/dependencies-and-lockfile:createNodes' 8.477399999999989ms[39m[22m
[1m[33mTime taken for 'nx/core/project-json:createNodes' 0.4069999999999254ms[39m[22m
[isolated-plugin] shutting down worker for "nx/core/project-json" after createNodes
[1m[33mTime taken for 'nx/core/package-json:createNodes' 20.15949999999998ms[39m[22m
[isolated-plugin] shutting down worker for "nx/core/package-json" after createNodes
[NX v22.7.5 Daemon Server] - 2026-06-14T22:15:43.218Z - Time taken for 'build-project-configs' 1464.4145999997854ms
[NX v22.7.5 Daemon Server] - 2026-06-14T22:15:43.218Z - Time taken for 'createNodes:merge' 0.9243000000715256ms
[NX v22.7.5 Daemon Server] - 2026-06-14T22:15:43.218Z - Time taken for 'get-all-workspace-files' 0.19790000095963478ms
[1m[33mTime taken for 'build typescript dependencies' 0.25549999999998363ms[39m[22m
[isolated-plugin] shutting down worker for "nx/js/dependencies-and-lockfile" after createDependencies
[NX v22.7.5 Daemon Server] - 2026-06-14T22:15:43.232Z - [SYNC]: collect registered sync generators
[NX v22.7.5 Daemon Server] - 2026-06-14T22:15:43.232Z - [SYNC]: project graph hash is the same, not collecting task sync generators
[NX v22.7.5 Daemon Server] - 2026-06-14T22:15:43.232Z - [SYNC]: nx.json hash is the same, not collecting global sync generators
[NX v22.7.5 Daemon Server] - 2026-06-14T22:15:43.233Z - Time taken for 'total execution time for createProjectGraph()' 18.0793999992311ms
[NX v22.7.5 Daemon Server] - 2026-06-14T22:15:43.233Z - Time taken for 'createDependencies' 14.104900002479553ms
[NX v22.7.5 Daemon Server] - 2026-06-14T22:15:43.233Z - Time taken for 'nx/js/dependencies-and-lockfile:createDependencies' 14.013900000602007ms
[NX v22.7.5 Daemon Server] - 2026-06-14T22:15:43.233Z - Time taken for 'createMetadata' 0.007500000298023224ms
[NX v22.7.5 Daemon Server] - 2026-06-14T22:15:43.233Z - Time taken for 'serialize graph' 1.6602999977767467ms
DEBUG nx::native::telemetry::service: Sent 1 events: [nx/js/dependencies-and-lockfile:createDe]
[NX v22.7.5 Daemon Server] - 2026-06-14T22:16:21.658Z - [WATCHER]: Processing file changes in outputs
[NX v22.7.5 Daemon Server] - 2026-06-14T22:16:21.658Z - [WATCHER]: apps/fs-gateway/src/main.ts was modified
[NX v22.7.5 Daemon Server] - 2026-06-14T22:16:21.659Z - [WATCHER]: File changes detected:
Created:
(none)
Updated:
  - apps/fs-gateway/src/main.ts
Deleted:
(none)
[NX v22.7.5 Daemon Server] - 2026-06-14T22:16:21.659Z - [SYNC]: clearing sync generators cache due to file changes
[NX v22.7.5 Daemon Server] - 2026-06-14T22:16:24.873Z - [REQUEST]: Updated workspace context based on watched changes, recomputing project graph...
[NX v22.7.5 Daemon Server] - 2026-06-14T22:16:24.873Z - [REQUEST]: apps/fs-gateway/src/main.ts
[NX v22.7.5 Daemon Server] - 2026-06-14T22:16:24.873Z - [REQUEST]: 
[plugin-client] restarting worker for "nx/js/dependencies-and-lockfile"
[isolated-plugin] spawned worker for "nx/js/dependencies-and-lockfile" (pid: 26860, socket: \\.\pipe\nx\C:\Users\ANGELA~1\AppData\Local\Temp\plugin26356-138-18743365.6949.sock)
[plugin-client] restarting worker for "nx/core/package-json"
[isolated-plugin] spawned worker for "nx/core/package-json" (pid: 13960, socket: \\.\pipe\nx\C:\Users\ANGELA~1\AppData\Local\Temp\plugin26356-139-18743378.2353.sock)
[plugin-client] restarting worker for "nx/core/project-json"
[isolated-plugin] spawned worker for "nx/core/project-json" (pid: 30056, socket: \\.\pipe\nx\C:\Users\ANGELA~1\AppData\Local\Temp\plugin26356-140-18743388.2672.sock)
[NX v22.7.5 Daemon Server] - 2026-06-14T22:16:24.909Z - Time taken for 'hash changed files from watcher' 0.6003999970853329ms
[plugin-worker] "nx/core/package-json" (pid: 13960) listening on \\.\pipe\nx\C:\Users\ANGELA~1\AppData\Local\Temp\plugin26356-139-18743378.2353.sock
[1m[33mTime taken for 'plugin worker 13960 code loading' 441.7468ms[39m[22m
[plugin-worker] "nx/js/dependencies-and-lockfile" (pid: 26860) listening on \\.\pipe\nx\C:\Users\ANGELA~1\AppData\Local\Temp\plugin26356-138-18743365.6949.sock
[isolated-plugin] connected to worker for "nx/js/dependencies-and-lockfile" (pid: 26860)
[isolated-plugin] connected to worker for "nx/core/package-json" (pid: 13960)
[plugin-worker] "nx/core/package-json" (pid: 13960) connected
[NX v22.7.5 Daemon Server] - 2026-06-14T22:16:25.432Z - Time taken for 'start-plugin-worker:nx/js/dependencies-and-lockfile' 555.6818000003695ms
[NX v22.7.5 Daemon Server] - 2026-06-14T22:16:25.432Z - Time taken for 'start-plugin-worker:nx/core/package-json' 544.0933999978006ms
[plugin-worker] "nx/js/dependencies-and-lockfile" (pid: 26860) connected
[1m[33mTime taken for 'plugin worker 26860 code loading' 457.09900000000005ms[39m[22m
[plugin-worker] "nx/core/project-json" (pid: 30056) listening on \\.\pipe\nx\C:\Users\ANGELA~1\AppData\Local\Temp\plugin26356-140-18743388.2672.sock
[isolated-plugin] connected to worker for "nx/core/project-json" (pid: 30056)
[NX v22.7.5 Daemon Server] - 2026-06-14T22:16:25.444Z - Time taken for 'start-plugin-worker:nx/core/project-json' 545.8908999972045ms
[plugin-worker] "nx/core/project-json" (pid: 30056) connected
[1m[33mTime taken for 'plugin worker 30056 code loading' 450.1553ms[39m[22m
[plugin-worker] "nx/core/package-json" (pid: 13960) loaded successfully
[plugin-worker] "nx/core/project-json" (pid: 30056) loaded successfully
[plugin-worker] "nx/js/dependencies-and-lockfile" (pid: 26860) loaded successfully
[1m[33mTime taken for 'nx/core/project-json:createNodes' 0.5805000000000291ms[39m[22m
[isolated-plugin] shutting down worker for "nx/core/project-json" after createNodes
[1m[33mTime taken for 'nx/js/dependencies-and-lockfile:createNodes' 11.950900000000047ms[39m[22m
[1m[33mTime taken for 'nx/core/package-json:createNodes' 18.748299999999972ms[39m[22m
[isolated-plugin] shutting down worker for "nx/core/package-json" after createNodes
[NX v22.7.5 Daemon Server] - 2026-06-14T22:16:26.381Z - Time taken for 'build-project-configs' 1498.3170999996364ms
[NX v22.7.5 Daemon Server] - 2026-06-14T22:16:26.381Z - Time taken for 'createNodes:merge' 1.5135999992489815ms
[NX v22.7.5 Daemon Server] - 2026-06-14T22:16:26.381Z - Time taken for 'get-all-workspace-files' 0.28700000047683716ms
[1m[33mTime taken for 'build typescript dependencies' 2.780899999999974ms[39m[22m
[isolated-plugin] shutting down worker for "nx/js/dependencies-and-lockfile" after createDependencies
[NX v22.7.5 Daemon Server] - 2026-06-14T22:16:26.406Z - [SYNC]: collect registered sync generators
[NX v22.7.5 Daemon Server] - 2026-06-14T22:16:26.407Z - [SYNC]: project graph hash is the same, not collecting task sync generators
[NX v22.7.5 Daemon Server] - 2026-06-14T22:16:26.407Z - [SYNC]: nx.json hash is the same, not collecting global sync generators
[NX v22.7.5 Daemon Server] - 2026-06-14T22:16:26.407Z - Time taken for 'total execution time for createProjectGraph()' 29.21449999883771ms
[NX v22.7.5 Daemon Server] - 2026-06-14T22:16:26.407Z - Time taken for 'createDependencies' 22.809799998998642ms
[NX v22.7.5 Daemon Server] - 2026-06-14T22:16:26.407Z - Time taken for 'nx/js/dependencies-and-lockfile:createDependencies' 22.64530000090599ms
[NX v22.7.5 Daemon Server] - 2026-06-14T22:16:26.407Z - Time taken for 'createMetadata' 0.03220000118017197ms
[NX v22.7.5 Daemon Server] - 2026-06-14T22:16:26.407Z - Time taken for 'serialize graph' 2.5449000000953674ms
DEBUG nx::native::telemetry::service: Sent 1 events: [nx/js/dependencies-and-lockfile:createDe]
[NX v22.7.5 Daemon Server] - 2026-06-15T01:16:21.679Z - [WATCHER]: Stopping the watcher for C:\Users\Angel Aubrey\Documents\stone-cap\Finance-System_Capstone-1\backend (sources)
[NX v22.7.5 Daemon Server] - 2026-06-15T01:16:21.680Z - [WATCHER]: Stopping the watcher for C:\Users\Angel Aubrey\Documents\stone-cap\Finance-System_Capstone-1\backend (outputs)
[NX v22.7.5 Daemon Server] - 2026-06-15T01:16:21.682Z - [LATEST-NX]: Cleaning up latest Nx installation from C:\Users\ANGELA~1\AppData\Local\Temp\tmp-26356-57Zaqx3F75uE
[NX v22.7.5 Daemon Server] - 2026-06-15T01:16:21.687Z - Server stopped because: "10800000ms of inactivity"
Failed to flush telemetry: Telemetry channel closed
